"event_time","n_cohorts","total_obs","cohorts","se","significant","problem","se_category"
-12,18,23,"201806, 201808, 201810, 201811, 201907, 201909, 201912, 202003, 202005, 202011, 202101, 202103, 202106, 202109, 202110, 202111, 202209, 202301",2258.02715650389,FALSE,TRUE,"Severe (> 1000)"
-11,18,23,"201806, 201808, 201810, 201811, 201907, 201909, 201912, 202003, 202005, 202011, 202101, 202103, 202106, 202109, 202110, 202111, 202209, 202301",1129.00877718904,FALSE,TRUE,"Severe (> 1000)"
-10,18,23,"201806, 201808, 201810, 201811, 201907, 201909, 201912, 202003, 202005, 202011, 202101, 202103, 202106, 202109, 202110, 202111, 202209, 202301",0.233344440554476,TRUE,FALSE,"Normal (< 10)"
-9,18,23,"201806, 201808, 201810, 201811, 201907, 201909, 201912, 202003, 202005, 202011, 202101, 202103, 202106, 202109, 202110, 202111, 202209, 202301",2258.12226664012,FALSE,TRUE,"Severe (> 1000)"
-8,18,23,"201806, 201808, 201810, 201811, 201907, 201909, 201912, 202003, 202005, 202011, 202101, 202103, 202106, 202109, 202110, 202111, 202209, 202301",0.297260991104895,TRUE,FALSE,"Normal (< 10)"
-7,18,23,"201806, 201808, 201810, 201811, 201907, 201909, 201912, 202003, 202005, 202011, 202101, 202103, 202106, 202109, 202110, 202111, 202209, 202301",1079.98107542997,FALSE,TRUE,"Severe (> 1000)"
-6,18,23,"201806, 201808, 201810, 201811, 201907, 201909, 201912, 202003, 202005, 202011, 202101, 202103, 202106, 202109, 202110, 202111, 202209, 202301",0.203562497640628,TRUE,FALSE,"Normal (< 10)"
-5,18,23,"201806, 201808, 201810, 201811, 201907, 201909, 201912, 202003, 202005, 202011, 202101, 202103, 202106, 202109, 202110, 202111, 202209, 202301",0.191486423527702,TRUE,FALSE,"Normal (< 10)"
-4,18,23,"201806, 201808, 201810, 201811, 201907, 201909, 201912, 202003, 202005, 202011, 202101, 202103, 202106, 202109, 202110, 202111, 202209, 202301",0.153466813805124,TRUE,FALSE,"Normal (< 10)"
-3,18,23,"201806, 201808, 201810, 201811, 201907, 201909, 201912, 202003, 202005, 202011, 202101, 202103, 202106, 202109, 202110, 202111, 202209, 202301",0.142853555332086,TRUE,FALSE,"Normal (< 10)"
-2,18,23,"201806, 201808, 201810, 201811, 201907, 201909, 201912, 202003, 202005, 202011, 202101, 202103, 202106, 202109, 202110, 202111, 202209, 202301",0.21472076127171,TRUE,FALSE,"Normal (< 10)"
-1,18,23,"201806, 201808, 201810, 201811, 201907, 201909, 201912, 202003, 202005, 202011, 202101, 202103, 202106, 202109, 202110, 202111, 202209, 202301",0,FALSE,FALSE,"Normal (< 10)"
0,18,23,"201806, 201808, 201810, 201811, 201907, 201909, 201912, 202003, 202005, 202011, 202101, 202103, 202106, 202109, 202110, 202111, 202209, 202301",0.149871959696809,TRUE,FALSE,"Normal (< 10)"
1,18,23,"201806, 201808, 201810, 201811, 201907, 201909, 201912, 202003, 202005, 202011, 202101, 202103, 202106, 202109, 202110, 202111, 202209, 202301",0.0803456253424134,TRUE,FALSE,"Normal (< 10)"
2,18,23,"201806, 201808, 201810, 201811, 201907, 201909, 201912, 202003, 202005, 202011, 202101, 202103, 202106, 202109, 202110, 202111, 202209, 202301",0.202419433761113,TRUE,FALSE,"Normal (< 10)"
3,18,23,"201806, 201808, 201810, 201811, 201907, 201909, 201912, 202003, 202005, 202011, 202101, 202103, 202106, 202109, 202110, 202111, 202209, 202301",0.140815291440884,TRUE,FALSE,"Normal (< 10)"
4,18,23,"201806, 201808, 201810, 201811, 201907, 201909, 201912, 202003, 202005, 202011, 202101, 202103, 202106, 202109, 202110, 202111, 202209, 202301",0.187048705579078,TRUE,FALSE,"Normal (< 10)"
5,18,23,"201806, 201808, 201810, 201811, 201907, 201909, 201912, 202003, 202005, 202011, 202101, 202103, 202106, 202109, 202110, 202111, 202209, 202301",0.18434543742884,TRUE,FALSE,"Normal (< 10)"
6,18,23,"201806, 201808, 201810, 201811, 201907, 201909, 201912, 202003, 202005, 202011, 202101, 202103, 202106, 202109, 202110, 202111, 202209, 202301",0.166398245790772,TRUE,FALSE,"Normal (< 10)"
7,18,23,"201806, 201808, 201810, 201811, 201907, 201909, 201912, 202003, 202005, 202011, 202101, 202103, 202106, 202109, 202110, 202111, 202209, 202301",0.146697527168124,TRUE,FALSE,"Normal (< 10)"
8,18,23,"201806, 201808, 201810, 201811, 201907, 201909, 201912, 202003, 202005, 202011, 202101, 202103, 202106, 202109, 202110, 202111, 202209, 202301",0.127010194088552,TRUE,FALSE,"Normal (< 10)"
9,18,23,"201806, 201808, 201810, 201811, 201907, 201909, 201912, 202003, 202005, 202011, 202101, 202103, 202106, 202109, 202110, 202111, 202209, 202301",0.418103499064786,FALSE,FALSE,"Normal (< 10)"
10,18,23,"201806, 201808, 201810, 201811, 201907, 201909, 201912, 202003, 202005, 202011, 202101, 202103, 202106, 202109, 202110, 202111, 202209, 202301",0.467940294693779,FALSE,FALSE,"Normal (< 10)"
11,18,22,"201806, 201808, 201810, 201811, 201907, 201909, 201912, 202003, 202005, 202011, 202101, 202103, 202106, 202109, 202110, 202111, 202209, 202301",0.414782696988452,TRUE,FALSE,"Normal (< 10)"
12,18,22,"201806, 201808, 201810, 201811, 201907, 201909, 201912, 202003, 202005, 202011, 202101, 202103, 202106, 202109, 202110, 202111, 202209, 202301",0.137324122858886,FALSE,FALSE,"Normal (< 10)"
13,18,22,"201806, 201808, 201810, 201811, 201907, 201909, 201912, 202003, 202005, 202011, 202101, 202103, 202106, 202109, 202110, 202111, 202209, 202301",0.105118792043004,TRUE,FALSE,"Normal (< 10)"
14,18,21,"201806, 201808, 201810, 201811, 201907, 201909, 201912, 202003, 202005, 202011, 202101, 202103, 202106, 202109, 202110, 202111, 202209, 202301",0.11256783076167,TRUE,FALSE,"Normal (< 10)"
15,18,21,"201806, 201808, 201810, 201811, 201907, 201909, 201912, 202003, 202005, 202011, 202101, 202103, 202106, 202109, 202110, 202111, 202209, 202301",0.0864389661621934,TRUE,FALSE,"Normal (< 10)"
16,18,21,"201806, 201808, 201810, 201811, 201907, 201909, 201912, 202003, 202005, 202011, 202101, 202103, 202106, 202109, 202110, 202111, 202209, 202301",0.12176359062,TRUE,FALSE,"Normal (< 10)"
17,18,21,"201806, 201808, 201810, 201811, 201907, 201909, 201912, 202003, 202005, 202011, 202101, 202103, 202106, 202109, 202110, 202111, 202209, 202301",0.0962829479305752,TRUE,FALSE,"Normal (< 10)"
18,18,21,"201806, 201808, 201810, 201811, 201907, 201909, 201912, 202003, 202005, 202011, 202101, 202103, 202106, 202109, 202110, 202111, 202209, 202301",0.115042330899525,TRUE,FALSE,"Normal (< 10)"
19,18,21,"201806, 201808, 201810, 201811, 201907, 201909, 201912, 202003, 202005, 202011, 202101, 202103, 202106, 202109, 202110, 202111, 202209, 202301",0.183888851592027,FALSE,FALSE,"Normal (< 10)"
20,18,21,"201806, 201808, 201810, 201811, 201907, 201909, 201912, 202003, 202005, 202011, 202101, 202103, 202106, 202109, 202110, 202111, 202209, 202301",0.142723437744819,FALSE,FALSE,"Normal (< 10)"
21,18,21,"201806, 201808, 201810, 201811, 201907, 201909, 201912, 202003, 202005, 202011, 202101, 202103, 202106, 202109, 202110, 202111, 202209, 202301",0.0170418595731028,TRUE,FALSE,"Normal (< 10)"
22,18,21,"201806, 201808, 201810, 201811, 201907, 201909, 201912, 202003, 202005, 202011, 202101, 202103, 202106, 202109, 202110, 202111, 202209, 202301",0.0538669918977293,TRUE,FALSE,"Normal (< 10)"
23,18,21,"201806, 201808, 201810, 201811, 201907, 201909, 201912, 202003, 202005, 202011, 202101, 202103, 202106, 202109, 202110, 202111, 202209, 202301",1.46232038888863e-05,TRUE,FALSE,"Normal (< 10)"
24,18,21,"201806, 201808, 201810, 201811, 201907, 201909, 201912, 202003, 202005, 202011, 202101, 202103, 202106, 202109, 202110, 202111, 202209, 202301",NA,NA,NA,"No estimate"
