cohort,time,event_time,att,se,n_treated,n_control,n_obs,treatment
30,30,0,-0.02139238607366179,0.015176123960585071,3,1381,1834,Any
30,36,6,0.09928301729443913,0.023524390827104447,3,1258,1639,Any
30,42,12,-0.1211188196200626,0.02472338340937094,3,1258,1793,Any
30,48,18,0.09918031790139982,0.029677912900683844,3,1019,1446,Any
30,54,24,-2.7295320299450485,0.14738386719051721,3,922,1280,Any
30,60,30,-0.09404829027676037,0.16930735635540817,3,885,1216,Any
30,66,36,-0.549270723089531,0.12341847710390244,3,609,859,Any
32,32,0,0.031854882312221416,0.013835928282565916,56,1325,1936,Any
32,38,6,-0.06326312525528215,0.017662410316729816,56,1258,1898,Any
32,44,12,-0.014600524049469057,0.01982922873276739,56,1121,1777,Any
32,50,18,0.03828457491291871,0.024227339546297025,56,1019,1580,Any
32,56,24,0.360492519849094,0.11857952218775644,56,922,1460,Any
32,62,30,0.18655165425015796,0.08833287279153366,56,761,1175,Any
32,68,36,0.06520439115764863,0.06768391898652848,56,609,1021,Any
35,35,0,-0.028437982393239046,0.01161919828785499,67,1258,1849,Any
35,41,6,-0.017366321363131005,0.01938252934731367,67,1258,2005,Any
35,47,12,-0.024016442669950545,0.019456556957526048,67,1029,1654,Any
35,53,18,-1.187848537796287,0.1274513578039111,67,922,1315,Any
35,59,24,0.15521767536045164,0.0981172223337992,67,885,1435,Any
35,65,30,-0.06250258435841115,0.09382700619920163,67,661,1085,Any
35,71,36,0.04725894465431096,0.04148990534815276,67,527,993,Any
43,43,0,-0.3437604655879265,0.16639228397101394,137,1121,1987,Any
43,49,6,0.022177461036215818,0.06066070370738452,137,1019,1785,Any
43,55,12,-0.8807692463594863,0.8476685103583513,137,922,1552,Any
43,61,18,-0.821553599579111,0.7806911531781989,137,761,1306,Any
43,67,24,-0.32620339568535206,0.3552808248013035,137,609,1139,Any
43,73,30,-0.11492309556004626,0.2602597075918491,137,527,1054,Any
43,79,36,0.15272278625327596,0.10876917786536648,137,527,1083,Any
45,45,0,0.0069475884633022076,0.014408461615721698,92,1029,1803,Any
45,51,6,-0.10268824945896275,0.039398427524980656,92,984,1675,Any
45,57,12,0.3021238228757956,0.07066161401755165,92,922,1575,Any
45,63,18,0.17741287070641898,0.11443143029075127,92,661,1137,Any
45,69,24,0.1206853315261071,0.04620430855682553,92,607,1139,Any
45,75,30,-0.03229911086725776,0.059577863303038804,92,527,1066,Any
45,81,36,0.05384087937612692,0.0468833465137684,92,526,1070,Any
48,48,0,-0.17870316379598133,0.013185512444504235,10,1019,1606,Any
48,54,6,-0.98391524674022,0.13470363192643586,10,922,1381,Any
48,60,12,-0.32592697645542185,0.16405383573079632,10,885,1316,Any
48,66,18,-0.32958263385336606,0.10255172048867406,10,609,955,Any
48,72,24,-0.4885816080089257,0.03367353194551046,10,527,882,Any
48,78,30,-0.5596486491987809,0.06117671854482334,10,527,904,Any
48,84,36,-0.6488625275297228,0.06855913855968011,10,526,870,Any
51,51,0,0.14162878398946246,0.03416217015222612,35,984,1511,Any
51,57,6,-0.17835538480403135,0.0828748076789226,35,922,1412,Any
51,63,12,0.11522091674760197,0.1326264505993512,35,661,972,Any
51,69,18,-0.3316146182664307,0.06553323602847497,35,607,970,Any
51,75,24,-0.37922676543161327,0.06125095307440569,35,527,900,Any
51,81,30,-0.2292433523922979,0.05518907816459522,35,526,903,Any
51,87,36,-0.06999222983927249,0.043188092558573574,35,522,853,Any
53,53,0,-0.8195285119711587,0.11965889535951223,62,922,1274,Any
53,59,6,-0.06678471055425379,0.11016436395482415,62,885,1384,Any
53,65,12,-0.06388250455798983,0.11546125657027316,62,661,1042,Any
53,71,18,0.08115556272013065,0.04735829230512114,62,527,960,Any
53,77,24,-0.10485847791730002,0.0428667415571679,62,527,978,Any
53,83,30,0.01438610556174313,0.033382942745204654,62,526,962,Any
53,89,36,-0.06374188877152871,0.03415785525452741,62,522,925,Any
59,59,0,-0.0024911427527520465,0.07590672351371568,37,885,1331,Any
59,65,6,0.07122316629028397,0.06169382154819959,37,661,990,Any
59,71,12,0.047715850590248104,0.11906589151499286,37,527,902,Any
59,77,18,-0.014171588234501013,0.15131524190247922,37,527,917,Any
59,83,24,-0.19633561449855075,0.15083040684372856,37,526,901,Any
59,89,30,-0.05069011842566751,0.1715569793142898,37,522,866,Any
59,95,36,0.23155463117246872,0.19663557053476916,37,522,852,Any
61,61,0,-0.7547687063434132,0.09584386693205078,124,761,1305,Any
61,67,6,-0.46605768688448207,0.060222235493282095,124,609,1140,Any
61,73,12,-0.6342718097211956,0.10363210449928412,124,527,1054,Any
61,79,18,-0.13387709438294365,0.13260441626997813,124,527,1078,Any
61,85,24,-0.13555699346312902,0.12405319585310359,124,522,1027,Any
61,91,30,-0.025399153553243594,0.17546713458480015,124,522,1029,Any
61,97,36,-0.05995817621368187,0.07718200553526344,124,522,990,Any
63,63,0,0.30557347850211836,0.046270490812199395,100,661,1094,Any
63,69,6,0.3262341784356107,0.07013521785406665,100,607,1096,Any
63,75,12,0.4599589591647641,0.12030142726367045,100,527,1026,Any
63,81,18,0.4228075676265758,0.10944968165421061,100,526,1029,Any
63,87,24,0.4448620531571011,0.13190769708580075,100,522,972,Any
66,66,0,-0.32560312834616423,0.02447432839923387,52,609,988,Any
66,72,6,-0.18148541793940529,0.10068646874365482,52,527,852,Any
66,78,12,-0.4421903742892417,0.13660771541144293,52,527,874,Any
66,84,18,-0.04534749383625477,0.15519748811856177,52,526,832,Any
66,90,24,-0.11279370261356003,0.20210304654838407,52,522,830,Any
66,96,30,0.050896797453841326,0.2004927460371413,52,522,806,Any
66,102,36,0.0776143044391927,0.11592061123760142,52,522,789,Any
69,69,0,0.24824668328712934,0.05339013764891505,2,607,991,Any
69,75,6,0.3798867961440811,0.11790564231103781,2,527,855,Any
69,81,12,0.5298805855230586,0.11012094079943378,2,526,858,Any
69,87,18,0.4389459946455874,0.1313400603053177,2,522,801,Any
69,93,24,0.7844111416128395,0.18785762378192503,2,522,793,Any
69,99,30,0.4767078014585377,0.10865530240451321,2,522,780,Any
69,105,36,0.5699777092751966,0.09973371467531875,2,522,774,Any
70,70,0,0.7964126983280247,0.0634108269708407,8,599,1011,Any
70,76,6,1.6539820410595947,0.12175699109150474,8,527,875,Any
70,82,12,1.5701909204043176,0.09898856693427541,8,526,874,Any
70,88,18,1.3044910843328592,0.11584212795236322,8,522,838,Any
70,94,24,1.6401888871249768,0.15886190077767723,8,522,821,Any
70,100,30,1.5324600522502045,0.07376912556433779,8,522,810,Any
70,106,36,1.4532835792393068,0.06907155399388518,8,522,807,Any
71,71,0,0.06884315350028994,0.062227560809810054,72,527,992,Any
71,77,6,-0.14915825215225417,0.07809982483033112,72,527,1005,Any
71,83,12,-0.10259501492975236,0.07648827118766623,72,526,993,Any
71,89,18,-0.048327050291489954,0.090352893946809,72,522,960,Any
71,95,24,0.09595881961089378,0.15399460195770176,72,522,946,Any
81,81,0,0.1601468184366588,0.038743286518458354,1,526,891,Any
81,87,6,0.39705765949884897,0.04292539864404114,1,522,834,Any
81,93,12,0.5191679077577889,0.147853168716096,1,522,826,Any
81,99,18,0.41046929672588567,0.08092515740708527,1,522,813,Any
81,105,24,0.37249051931426985,0.08609957368793147,1,522,807,Any
85,85,0,-0.19546196675772423,0.03252646691474261,4,522,836,Any
85,91,6,-0.06485931205046111,0.1358587419191594,4,522,837,Any
85,97,12,-0.023125490523657997,0.1090004468054467,4,522,801,Any
85,103,18,-0.11704243244355418,0.07050109521256326,4,522,817,Any
85,109,24,-0.11738977764983966,0.051062452399017556,4,522,806,Any
85,115,30,-0.1353121919585223,0.08213110447215417,4,522,778,Any
32,32,0,0.034226736843080696,0.013343333053556438,55,1329,1942,Online
32,38,6,-0.0613914482765313,0.016049257889713776,55,1329,2035,Online
32,44,12,-0.02175543948739543,0.019618290535217804,55,1262,1934,Online
32,50,18,0.017101732549402036,0.028292125303558065,55,1160,1731,Online
32,56,24,0.34052441681165624,0.11153058695253468,55,1098,1624,Online
32,62,30,0.13221038792519024,0.09378980560312598,55,937,1337,Online
32,68,36,0.0736423516668508,0.07401224830101674,55,937,1436,Online
41,41,0,0.03421537384975455,0.013745914534469739,67,1262,2108,Online
41,47,6,0.044106515703323794,0.018002206399129143,67,1170,1906,Online
41,53,12,-1.145329856061333,0.12357582963452593,67,1098,1462,Online
41,59,18,0.20889615536922235,0.09078729388735686,67,1061,1640,Online
41,65,24,0.06925851248940611,0.1066585691688982,67,937,1500,Online
41,71,30,0.15178039825431375,0.07383734284880107,67,927,1518,Online
41,77,36,0.00011760635383705868,0.0397716232542069,67,790,1322,Online
46,46,0,-0.14153546650322552,0.032310419068908185,92,1170,2022,Online
46,52,6,-0.5550999839023423,0.16606254871171525,92,1160,1510,Online
46,58,12,0.13383357354021058,0.07516531606956281,92,1098,1817,Online
46,64,18,0.16514866332206238,0.09749726583001124,92,937,1564,Online
46,70,24,0.041961855491733924,0.05750817593670792,92,927,1613,Online
46,76,30,0.016464739115430595,0.05116141805971438,92,790,1397,Online
46,82,36,-0.03157540436222628,0.03989732665200947,92,789,1396,Online
48,48,0,-0.18113606698310772,0.012113339833497421,10,1160,1810,Online
48,54,6,-0.9297442870835182,0.14438075212367463,10,1098,1569,Online
48,60,12,-0.35016730758716136,0.14420698324982656,10,1061,1537,Online
48,66,18,-0.2569018832068452,0.09015922833253844,10,937,1415,Online
48,72,24,-0.4384609832792107,0.05023840618824912,10,927,1410,Online
48,78,30,-0.5372005877458137,0.0484580938221115,10,790,1243,Online
48,84,36,-0.6428425663018646,0.05373358089770833,10,789,1198,Online
53,53,0,-0.8239229705398761,0.11658624261264555,62,1098,1444,Online
53,59,6,-0.07939730987947831,0.09718937159115984,62,1061,1612,Online
53,65,12,0.021314022173845756,0.10878456491532949,62,937,1482,Online
53,71,18,0.16267455418570748,0.06862848788696824,62,927,1502,Online
53,77,24,-0.08984233390648251,0.03422695646108621,62,790,1306,Online
53,83,30,0.04843040677397458,0.03775062551199414,62,789,1292,Online
53,89,36,-0.03947695226037372,0.03420263103273717,62,785,1264,Online
59,59,0,-0.08942018714145451,0.10676816276195616,37,1061,1542,Online
59,65,6,0.06743035994160566,0.08844475492690404,37,937,1413,Online
59,71,12,0.040133328639028805,0.10405132156127223,37,927,1430,Online
59,77,18,0.008939492905575702,0.11136097510984119,37,790,1250,Online
59,83,24,-0.13941914001275074,0.11023979498451882,37,789,1236,Online
59,89,30,0.0014930468488319492,0.12101674405585705,37,785,1210,Online
59,95,36,0.22243753061466637,0.1804165014603817,37,785,1086,Online
61,61,0,-0.698332429572088,0.09651163787620072,124,937,1520,Online
61,67,6,-0.4381918617174738,0.05401550900090166,124,937,1604,Online
61,73,12,-0.5766661196449404,0.07365785299390014,124,865,1467,Online
61,79,18,-0.10617546446630993,0.09747280416338394,124,790,1420,Online
61,85,24,-0.11196688934863852,0.08690809411235961,124,785,1363,Online
61,91,30,-0.02100493519662791,0.16127193485536354,124,785,1272,Online
61,97,36,-0.0428306118347877,0.06831291142015536,124,785,1220,Online
69,69,0,0.25619935486771556,0.044230240619146884,2,935,1463,Online
69,75,6,0.36259591827701737,0.08967195688861601,2,790,1257,Online
69,81,12,0.528596898124161,0.08462037060227176,2,789,1256,Online
69,87,18,0.4090705273671584,0.09390493587785015,2,785,1210,Online
69,93,24,0.7781553183382173,0.145820468704128,2,785,1099,Online
69,99,30,0.4706492601352795,0.10035690225320397,2,785,1019,Online
69,105,36,0.5704148349972402,0.09268917007916704,2,785,1006,Online
70,70,0,0.8081196708675122,0.04319147061476164,8,927,1495,Online
70,76,6,1.6546482629879917,0.08790648071995787,8,790,1281,Online
70,82,12,1.5809455033860087,0.07544873433014039,8,789,1281,Online
70,88,18,1.2977315040517716,0.0794370088999017,8,785,1241,Online
70,94,24,1.630157732422836,0.12324813159002149,8,785,1131,Online
70,100,30,1.5347840649973359,0.06635850875838396,8,785,1057,Online
70,106,36,1.4507679728076488,0.06352815748087329,8,785,1051,Online
73,73,0,0.37925138144932713,0.0194789266570319,62,865,1470,Online
73,79,6,0.7716298832573478,0.042012223599501915,62,790,1409,Online
73,85,12,0.7367558695534828,0.046536672965418094,62,785,1353,Online
73,91,18,0.7951740408749093,0.11277576648716368,62,785,1261,Online
73,97,24,0.9404599342816057,0.12021549316860772,62,785,1212,Online
73,103,30,0.74470464090045,0.054126703009154585,62,785,1177,Online
73,109,36,0.7411239242603578,0.048006560386092106,62,785,1155,Online
75,75,0,-0.027699571243159807,0.03946668159467309,75,790,1350,Online
75,81,6,0.04319172480486054,0.03561920503021732,75,789,1355,Online
75,87,12,-0.15040829086828675,0.0414640227801095,75,785,1304,Online
75,93,18,0.14236529533188963,0.11649013879514043,75,785,1190,Online
75,99,24,-0.06247186007620899,0.03412090863044539,75,785,1110,Online
75,105,30,0.026434983653030958,0.033845775398158015,75,785,1095,Online
75,111,36,-0.08693261865161273,0.04899262327192839,75,785,1106,Online
81,81,0,0.17350350926180735,0.02770573508187781,1,789,1289,Online
81,87,6,0.3825841288932118,0.030745181145911585,1,785,1243,Online
81,93,12,0.4732012119506538,0.11682704942604846,1,785,1132,Online
81,99,18,0.3882501592157211,0.07636741178841891,1,785,1052,Online
81,105,24,0.36130069347413646,0.08043014710557518,1,785,1039,Online
85,85,0,-0.21617093417908012,0.02462682001972604,4,785,1239,Online
85,91,6,-0.11438979716624101,0.11131132148952158,4,785,1147,Online
85,97,12,0.03723951693599233,0.10977261694455412,4,785,1098,Online
85,103,18,-0.12320787292910308,0.06531815866152198,4,785,1064,Online
85,109,24,-0.11276807699339399,0.04603977112368559,4,785,1042,Online
85,115,30,-0.14151034100027968,0.07874772463887934,4,785,1003,Online
