xsite,xfileyear,xfilemonth,N
CONNECTICUT,2017,1,1762
CONNECTICUT,2017,2,1568
CONNECTICUT,2017,3,1651
CONNECTICUT,2017,4,1277
CONNECTICUT,2017,5,1743
CONNECTICUT,2017,6,1770
CONNECTICUT,2017,7,1820
CONNECTICUT,2017,8,2002
CONNECTICUT,2017,9,1706
CONNECTICUT,2017,10,1874
CONNECTICUT,2017,11,1627
CONNECTICUT,2017,12,1585
CONNECTICUT,2018,1,1686
CONNECTICUT,2018,2,1666
CONNECTICUT,2018,3,1345
CONNECTICUT,2018,4,1426
CONNECTICUT,2018,5,1447
CONNECTICUT,2018,6,1756
CONNECTICUT,2018,7,1824
CONNECTICUT,2018,8,1876
CONNECTICUT,2018,9,1696
CONNECTICUT,2018,10,1992
CONNECTICUT,2018,11,1534
CONNECTICUT,2018,12,1470
CONNECTICUT,2019,1,1715
CONNECTICUT,2019,2,1404
CONNECTICUT,2019,3,1410
CONNECTICUT,2019,4,1275
CONNECTICUT,2019,5,1585
CONNECTICUT,2019,6,1525
CONNECTICUT,2019,7,1848
CONNECTICUT,2019,8,1813
CONNECTICUT,2019,9,1735
CONNECTICUT,2019,10,1708
CONNECTICUT,2019,11,1452
CONNECTICUT,2019,12,1481
DELAWARE,2016,1,1686
DELAWARE,2016,2,1203
DELAWARE,2016,3,1201
DELAWARE,2016,4,1398
DELAWARE,2016,5,1429
DELAWARE,2016,6,1579
DELAWARE,2016,7,1485
DELAWARE,2016,8,1646
DELAWARE,2016,9,1549
DELAWARE,2016,10,1591
DELAWARE,2016,11,1407
DELAWARE,2016,12,1461
DELAWARE,2017,1,1488
DELAWARE,2017,2,1359
DELAWARE,2017,3,1193
DELAWARE,2017,4,1263
DELAWARE,2017,5,1499
DELAWARE,2017,6,1631
DELAWARE,2017,7,1452
DELAWARE,2017,8,1629
DELAWARE,2017,9,1582
DELAWARE,2017,10,1560
DELAWARE,2017,11,1355
DELAWARE,2017,12,1299
DELAWARE,2018,1,1541
DELAWARE,2018,2,1461
DELAWARE,2018,3,1265
DELAWARE,2018,4,1304
DELAWARE,2018,5,1511
DELAWARE,2018,6,1526
DELAWARE,2018,7,1437
DELAWARE,2018,8,1708
DELAWARE,2018,9,1531
DELAWARE,2018,10,1668
DELAWARE,2018,11,1378
DELAWARE,2018,12,1368
DELAWARE,2019,1,1580
DELAWARE,2019,2,1536
DELAWARE,2019,3,1254
DELAWARE,2019,4,1317
DELAWARE,2019,5,1426
DELAWARE,2019,6,1316
DELAWARE,2019,7,1669
DELAWARE,2019,8,1651
DELAWARE,2019,9,1456
DELAWARE,2019,10,1612
DELAWARE,2019,11,1352
DELAWARE,2019,12,1444
INDIANA,2016,1,6501
INDIANA,2016,2,4830
INDIANA,2016,3,4037
INDIANA,2016,4,5548
INDIANA,2016,5,6127
INDIANA,2016,6,6782
INDIANA,2016,7,6352
INDIANA,2016,8,7148
INDIANA,2016,9,6536
INDIANA,2016,10,5828
INDIANA,2016,11,5828
INDIANA,2016,12,5218
INDIANA,2017,1,6826
INDIANA,2017,2,5444
INDIANA,2017,3,4859
INDIANA,2017,4,5366
INDIANA,2017,5,6349
INDIANA,2017,6,6677
INDIANA,2017,7,6582
INDIANA,2017,8,6764
INDIANA,2017,9,6208
INDIANA,2017,10,6210
INDIANA,2017,11,5607
INDIANA,2017,12,4971
INDIANA,2018,1,7174
INDIANA,2018,2,5646
INDIANA,2018,3,4736
INDIANA,2018,4,5780
INDIANA,2018,5,6204
INDIANA,2018,6,6850
INDIANA,2018,7,7345
INDIANA,2018,8,7290
INDIANA,2018,9,6235
INDIANA,2018,10,6928
INDIANA,2018,11,5711
INDIANA,2018,12,4974
INDIANA,2019,1,6640
INDIANA,2019,2,5799
INDIANA,2019,3,4849
INDIANA,2019,4,5779
INDIANA,2019,5,6491
INDIANA,2019,6,6368
INDIANA,2019,7,7154
INDIANA,2019,8,7043
INDIANA,2019,9,6618
INDIANA,2019,10,6481
INDIANA,2019,11,5518
INDIANA,2019,12,5453
MINNESOTA,2012,1,1739
MINNESOTA,2012,2,1380
MINNESOTA,2012,3,1450
MINNESOTA,2012,4,1617
MINNESOTA,2012,5,1643
MINNESOTA,2012,6,1810
MINNESOTA,2012,7,1947
MINNESOTA,2012,8,2018
MINNESOTA,2012,9,1727
MINNESOTA,2012,10,1693
MINNESOTA,2012,11,1576
MINNESOTA,2012,12,1486
MINNESOTA,2013,1,1717
MINNESOTA,2013,2,1410
MINNESOTA,2013,3,1384
MINNESOTA,2013,4,1597
MINNESOTA,2013,5,1720
MINNESOTA,2013,6,1751
MINNESOTA,2013,7,1794
MINNESOTA,2013,8,1802
MINNESOTA,2013,9,1665
MINNESOTA,2013,10,1582
MINNESOTA,2013,11,1382
MINNESOTA,2013,12,1382
MINNESOTA,2014,1,1727
MINNESOTA,2014,2,1327
MINNESOTA,2014,3,1251
MINNESOTA,2014,4,1439
MINNESOTA,2014,5,1492
MINNESOTA,2014,6,1538
MINNESOTA,2014,7,1675
MINNESOTA,2014,8,1506
MINNESOTA,2014,9,1554
MINNESOTA,2014,10,1509
MINNESOTA,2014,11,1108
MINNESOTA,2014,12,1397
MINNESOTA,2015,1,1464
MINNESOTA,2015,2,1242
MINNESOTA,2015,3,1198
MINNESOTA,2015,4,1291
MINNESOTA,2015,5,1303
MINNESOTA,2015,6,1475
MINNESOTA,2015,7,1511
MINNESOTA,2015,8,1491
MINNESOTA,2015,9,1378
MINNESOTA,2015,10,1472
MINNESOTA,2015,11,1156
MINNESOTA,2015,12,1304
MINNESOTA,2016,1,1409
MINNESOTA,2016,2,1097
MINNESOTA,2016,3,1211
MINNESOTA,2016,4,1243
MINNESOTA,2016,5,1305
MINNESOTA,2016,6,1395
MINNESOTA,2016,7,1401
MINNESOTA,2016,8,1512
MINNESOTA,2016,9,1389
MINNESOTA,2016,10,1290
MINNESOTA,2016,11,1153
MINNESOTA,2016,12,1263
MINNESOTA,2017,1,1464
MINNESOTA,2017,2,1237
MINNESOTA,2017,3,1215
MINNESOTA,2017,4,1090
MINNESOTA,2017,5,1334
MINNESOTA,2017,6,1353
MINNESOTA,2017,7,1389
MINNESOTA,2017,8,1462
MINNESOTA,2017,9,1259
MINNESOTA,2017,10,1296
MINNESOTA,2017,11,1201
MINNESOTA,2017,12,1224
MINNESOTA,2018,1,1419
MINNESOTA,2018,2,1184
MINNESOTA,2018,3,1156
MINNESOTA,2018,4,1089
MINNESOTA,2018,5,1317
MINNESOTA,2018,6,1272
MINNESOTA,2018,7,1356
MINNESOTA,2018,8,1387
MINNESOTA,2018,9,1232
MINNESOTA,2018,10,1397
MINNESOTA,2018,11,1197
MINNESOTA,2018,12,1090
MINNESOTA,2019,1,1441
MINNESOTA,2019,2,1147
MINNESOTA,2019,3,1151
MINNESOTA,2019,4,1240
MINNESOTA,2019,5,1312
MINNESOTA,2019,6,1332
MINNESOTA,2019,7,1437
MINNESOTA,2019,8,1351
MINNESOTA,2019,9,1349
MINNESOTA,2019,10,1359
MINNESOTA,2019,11,1146
MINNESOTA,2019,12,1262
MISSOURI,2012,1,5825
MISSOURI,2012,2,5107
MISSOURI,2012,3,5190
MISSOURI,2012,4,5241
MISSOURI,2012,5,6550
MISSOURI,2012,6,6770
MISSOURI,2012,7,6780
MISSOURI,2012,8,6934
MISSOURI,2012,9,6031
MISSOURI,2012,10,6243
MISSOURI,2012,11,5081
MISSOURI,2012,12,4847
MISSOURI,2013,1,5638
MISSOURI,2013,2,4286
MISSOURI,2013,3,4677
MISSOURI,2013,4,5279
MISSOURI,2013,5,5578
MISSOURI,2013,6,5841
MISSOURI,2013,7,6337
MISSOURI,2013,8,5908
MISSOURI,2013,9,5621
MISSOURI,2013,10,6061
MISSOURI,2013,11,4670
MISSOURI,2013,12,4472
MISSOURI,2014,1,4792
MISSOURI,2014,2,3596
MISSOURI,2014,3,3801
MISSOURI,2014,4,3777
MISSOURI,2014,5,4158
MISSOURI,2014,6,4447
MISSOURI,2014,7,4997
MISSOURI,2014,8,4590
MISSOURI,2014,9,4591
MISSOURI,2014,10,4486
MISSOURI,2014,11,3606
MISSOURI,2014,12,3688
MISSOURI,2015,1,5058
MISSOURI,2015,2,3921
MISSOURI,2015,3,3442
MISSOURI,2015,4,4313
MISSOURI,2015,5,4386
MISSOURI,2015,6,4778
MISSOURI,2015,7,5309
MISSOURI,2015,8,5083
MISSOURI,2015,9,5337
MISSOURI,2015,10,4870
MISSOURI,2015,11,4567
MISSOURI,2015,12,5121
MISSOURI,2016,1,556
MISSOURI,2016,2,271
MISSOURI,2016,3,397
MISSOURI,2016,4,503
MISSOURI,2016,5,514
MISSOURI,2016,6,526
MISSOURI,2016,7,449
MISSOURI,2016,8,601
MISSOURI,2016,9,492
MISSOURI,2016,10,229
MISSOURI,2016,11,418
MISSOURI,2016,12,334
NEWMEXICO,2017,1,1461
NEWMEXICO,2017,2,1313
NEWMEXICO,2017,3,1124
NEWMEXICO,2017,4,1276
NEWMEXICO,2017,5,1408
NEWMEXICO,2017,6,1515
NEWMEXICO,2017,7,1457
NEWMEXICO,2017,8,1639
NEWMEXICO,2017,9,1451
NEWMEXICO,2017,10,1519
NEWMEXICO,2017,11,1269
NEWMEXICO,2017,12,1265
NEWMEXICO,2018,1,1568
NEWMEXICO,2018,2,1310
NEWMEXICO,2018,3,1103
NEWMEXICO,2018,4,1265
NEWMEXICO,2018,5,1397
NEWMEXICO,2018,6,1467
NEWMEXICO,2018,7,1565
NEWMEXICO,2018,8,1530
NEWMEXICO,2018,9,1434
NEWMEXICO,2018,10,1559
NEWMEXICO,2018,11,1367
NEWMEXICO,2018,12,1226
NEWMEXICO,2019,1,1637
NEWMEXICO,2019,2,1329
NEWMEXICO,2019,3,1181
NEWMEXICO,2019,4,1276
NEWMEXICO,2019,5,1465
NEWMEXICO,2019,6,1454
NEWMEXICO,2019,7,1571
NEWMEXICO,2019,8,1581
NEWMEXICO,2019,9,1561
NEWMEXICO,2019,10,1487
NEWMEXICO,2019,11,1393
NEWMEXICO,2019,12,1389
PENNSYLVANIA,2016,1,11175
PENNSYLVANIA,2016,2,10617
PENNSYLVANIA,2016,3,10020
PENNSYLVANIA,2016,4,9646
PENNSYLVANIA,2016,5,11138
PENNSYLVANIA,2016,6,12135
PENNSYLVANIA,2016,7,11952
PENNSYLVANIA,2016,8,13049
PENNSYLVANIA,2016,9,12767
PENNSYLVANIA,2016,10,11535
PENNSYLVANIA,2016,11,10870
PENNSYLVANIA,2016,12,9693
PENNSYLVANIA,2017,1,12113
PENNSYLVANIA,2017,2,10981
PENNSYLVANIA,2017,3,10545
PENNSYLVANIA,2017,4,9767
PENNSYLVANIA,2017,5,11972
PENNSYLVANIA,2017,6,12777
PENNSYLVANIA,2017,7,12421
PENNSYLVANIA,2017,8,13127
PENNSYLVANIA,2017,9,12138
PENNSYLVANIA,2017,10,12614
PENNSYLVANIA,2017,11,10391
PENNSYLVANIA,2017,12,7733
PENNSYLVANIA,2018,1,12060
PENNSYLVANIA,2018,2,10538
PENNSYLVANIA,2018,3,9511
PENNSYLVANIA,2018,4,10033
PENNSYLVANIA,2018,5,11504
PENNSYLVANIA,2018,6,11319
PENNSYLVANIA,2018,7,12221
PENNSYLVANIA,2018,8,12786
PENNSYLVANIA,2018,9,11222
PENNSYLVANIA,2018,10,12878
PENNSYLVANIA,2018,11,10774
PENNSYLVANIA,2018,12,9642
PENNSYLVANIA,2019,1,12231
PENNSYLVANIA,2019,2,10666
PENNSYLVANIA,2019,3,9763
PENNSYLVANIA,2019,4,9937
PENNSYLVANIA,2019,5,9897
PENNSYLVANIA,2019,6,11540
PENNSYLVANIA,2019,7,13440
PENNSYLVANIA,2019,8,12641
PENNSYLVANIA,2019,9,11845
PENNSYLVANIA,2019,10,12449
PENNSYLVANIA,2019,11,10341
PENNSYLVANIA,2019,12,10845
RHODE ISLAND,2016,1,1236
RHODE ISLAND,2016,2,1164
RHODE ISLAND,2016,3,1188
RHODE ISLAND,2016,4,1018
RHODE ISLAND,2016,5,1234
RHODE ISLAND,2016,6,1289
RHODE ISLAND,2016,7,1398
RHODE ISLAND,2016,8,1486
RHODE ISLAND,2016,9,1343
RHODE ISLAND,2016,10,1160
RHODE ISLAND,2016,11,1136
RHODE ISLAND,2016,12,1086
RHODE ISLAND,2017,1,1430
RHODE ISLAND,2017,2,1104
RHODE ISLAND,2017,3,1055
RHODE ISLAND,2017,4,903
RHODE ISLAND,2017,5,1306
RHODE ISLAND,2017,6,1214
RHODE ISLAND,2017,7,1229
RHODE ISLAND,2017,8,1518
RHODE ISLAND,2017,9,1275
RHODE ISLAND,2017,10,1527
RHODE ISLAND,2017,11,1249
RHODE ISLAND,2017,12,1049
RHODE ISLAND,2018,1,1450
RHODE ISLAND,2018,2,1255
RHODE ISLAND,2018,3,1055
RHODE ISLAND,2018,4,1044
RHODE ISLAND,2018,5,1177
RHODE ISLAND,2018,6,1223
RHODE ISLAND,2018,7,1393
RHODE ISLAND,2018,8,1407
RHODE ISLAND,2018,9,1162
RHODE ISLAND,2018,10,1424
RHODE ISLAND,2018,11,1166
RHODE ISLAND,2018,12,933
RHODE ISLAND,2019,1,1456
RHODE ISLAND,2019,2,968
RHODE ISLAND,2019,3,1126
RHODE ISLAND,2019,4,1077
RHODE ISLAND,2019,5,1180
RHODE ISLAND,2019,6,1103
RHODE ISLAND,2019,7,1566
RHODE ISLAND,2019,8,1194
RHODE ISLAND,2019,9,1321
RHODE ISLAND,2019,10,1273
RHODE ISLAND,2019,11,948
RHODE ISLAND,2019,12,992
VIRGINIA,2016,1,17948
VIRGINIA,2016,2,14538
VIRGINIA,2016,3,12891
VIRGINIA,2016,4,14297
VIRGINIA,2016,5,15287
VIRGINIA,2016,6,16932
VIRGINIA,2016,7,16838
VIRGINIA,2016,8,16116
VIRGINIA,2016,9,17594
VIRGINIA,2016,10,16444
VIRGINIA,2016,11,14991
VIRGINIA,2016,12,16420
VIRGINIA,2017,1,18194
VIRGINIA,2017,2,15930
VIRGINIA,2017,3,13149
VIRGINIA,2017,4,13078
VIRGINIA,2017,5,15137
VIRGINIA,2017,6,17238
VIRGINIA,2017,7,16549
VIRGINIA,2017,8,16712
VIRGINIA,2017,9,17366
VIRGINIA,2017,10,17368
VIRGINIA,2017,11,15239
VIRGINIA,2017,12,15437
VIRGINIA,2018,1,17481
VIRGINIA,2018,2,16228
VIRGINIA,2018,3,13727
VIRGINIA,2018,4,13857
VIRGINIA,2018,5,15125
VIRGINIA,2018,6,16825
VIRGINIA,2018,7,16952
VIRGINIA,2018,8,16554
VIRGINIA,2018,9,16109
VIRGINIA,2018,10,16511
VIRGINIA,2018,11,15846
VIRGINIA,2018,12,13941
VIRGINIA,2019,1,18364
VIRGINIA,2019,2,15219
VIRGINIA,2019,3,13034
VIRGINIA,2019,4,11878
VIRGINIA,2019,5,15139
VIRGINIA,2019,6,15278
VIRGINIA,2019,7,15009
VIRGINIA,2019,8,16234
VIRGINIA,2019,9,14863
VIRGINIA,2019,10,14819
VIRGINIA,2019,11,14307
VIRGINIA,2019,12,12782
WISCONSIN,2012,1,1082
WISCONSIN,2012,2,812
WISCONSIN,2012,3,859
WISCONSIN,2012,4,1008
WISCONSIN,2012,5,1208
WISCONSIN,2012,6,1190
WISCONSIN,2012,7,1299
WISCONSIN,2012,8,1395
WISCONSIN,2012,9,1052
WISCONSIN,2012,10,1038
WISCONSIN,2012,11,964
WISCONSIN,2012,12,845
WISCONSIN,2013,1,1199
WISCONSIN,2013,2,803
WISCONSIN,2013,3,802
WISCONSIN,2013,4,1057
WISCONSIN,2013,5,1174
WISCONSIN,2013,6,1203
WISCONSIN,2013,7,1193
WISCONSIN,2013,8,1357
WISCONSIN,2013,9,1144
WISCONSIN,2013,10,1185
WISCONSIN,2013,11,910
WISCONSIN,2013,12,961
WISCONSIN,2014,1,1203
WISCONSIN,2014,2,906
WISCONSIN,2014,3,862
WISCONSIN,2014,4,1034
WISCONSIN,2014,5,1204
WISCONSIN,2014,6,1272
WISCONSIN,2014,7,1452
WISCONSIN,2014,8,1154
WISCONSIN,2014,9,1298
WISCONSIN,2014,10,1312
WISCONSIN,2014,11,963
WISCONSIN,2014,12,1003
WISCONSIN,2015,1,1070
WISCONSIN,2015,2,838
WISCONSIN,2015,3,912
WISCONSIN,2015,4,1086
WISCONSIN,2015,5,1139
WISCONSIN,2015,6,1240
WISCONSIN,2015,7,1251
WISCONSIN,2015,8,1089
WISCONSIN,2015,9,1233
WISCONSIN,2015,10,1180
WISCONSIN,2015,11,1041
WISCONSIN,2015,12,1061
WISCONSIN,2016,1,2603
WISCONSIN,2016,2,2618
WISCONSIN,2016,3,2662
WISCONSIN,2016,4,3295
WISCONSIN,2016,5,3674
WISCONSIN,2016,6,4425
WISCONSIN,2016,7,2923
WISCONSIN,2016,8,4406
WISCONSIN,2016,9,4178
WISCONSIN,2016,10,3132
WISCONSIN,2016,11,2815
WISCONSIN,2016,12,2635
WISCONSIN,2017,1,2270
WISCONSIN,2017,2,2008
WISCONSIN,2017,3,2184
WISCONSIN,2017,4,1888
WISCONSIN,2017,5,2703
WISCONSIN,2017,6,2728
WISCONSIN,2017,7,2939
WISCONSIN,2017,8,2973
WISCONSIN,2017,9,2669
WISCONSIN,2017,10,2364
WISCONSIN,2017,11,2247
WISCONSIN,2017,12,2027
WISCONSIN,2018,1,2335
WISCONSIN,2018,2,2057
WISCONSIN,2018,3,1725
WISCONSIN,2018,4,2121
WISCONSIN,2018,5,2411
WISCONSIN,2018,6,2615
WISCONSIN,2018,7,2627
WISCONSIN,2018,8,2661
WISCONSIN,2018,9,2382
WISCONSIN,2018,10,2391
WISCONSIN,2018,11,2103
WISCONSIN,2018,12,2025
ALBUQUERQUE,2017,1,956
ALBUQUERQUE,2017,2,848
ALBUQUERQUE,2017,3,698
ALBUQUERQUE,2017,4,774
ALBUQUERQUE,2017,5,850
ALBUQUERQUE,2017,6,954
ALBUQUERQUE,2017,7,914
ALBUQUERQUE,2017,8,1007
ALBUQUERQUE,2017,9,926
ALBUQUERQUE,2017,10,981
ALBUQUERQUE,2017,11,812
ALBUQUERQUE,2017,12,826
ALBUQUERQUE,2018,1,979
ALBUQUERQUE,2018,2,863
ALBUQUERQUE,2018,3,698
ALBUQUERQUE,2018,4,811
ALBUQUERQUE,2018,5,876
ALBUQUERQUE,2018,6,917
ALBUQUERQUE,2018,7,1049
ALBUQUERQUE,2018,8,1021
ALBUQUERQUE,2018,9,936
ALBUQUERQUE,2018,10,1035
ALBUQUERQUE,2018,11,888
ALBUQUERQUE,2018,12,819
ALBUQUERQUE,2019,1,1060
ALBUQUERQUE,2019,2,869
ALBUQUERQUE,2019,3,726
ALBUQUERQUE,2019,4,838
ALBUQUERQUE,2019,5,916
ALBUQUERQUE,2019,6,965
ALBUQUERQUE,2019,7,1018
ALBUQUERQUE,2019,8,1034
ALBUQUERQUE,2019,9,1038
ALBUQUERQUE,2019,10,965
ALBUQUERQUE,2019,11,919
ALBUQUERQUE,2019,12,922
AUSTIN,2014,1,742
AUSTIN,2014,2,608
AUSTIN,2014,3,511
AUSTIN,2014,4,600
AUSTIN,2014,5,620
AUSTIN,2014,6,755
AUSTIN,2014,7,720
AUSTIN,2014,8,721
AUSTIN,2014,9,735
AUSTIN,2014,10,704
AUSTIN,2014,11,600
AUSTIN,2014,12,604
AUSTIN,2015,1,732
AUSTIN,2015,2,560
AUSTIN,2015,3,529
AUSTIN,2015,4,586
AUSTIN,2015,5,647
AUSTIN,2015,6,682
AUSTIN,2015,7,687
AUSTIN,2015,8,679
AUSTIN,2015,9,704
AUSTIN,2015,10,662
AUSTIN,2015,11,654
AUSTIN,2015,12,717
AUSTIN,2016,1,763
AUSTIN,2016,2,577
AUSTIN,2016,3,555
AUSTIN,2016,4,586
AUSTIN,2016,5,642
AUSTIN,2016,6,721
AUSTIN,2016,7,672
AUSTIN,2016,8,733
AUSTIN,2016,9,747
AUSTIN,2016,10,714
AUSTIN,2016,11,654
AUSTIN,2016,12,714
AUSTIN,2017,1,816
AUSTIN,2017,2,686
AUSTIN,2017,3,585
AUSTIN,2017,4,699
AUSTIN,2017,5,764
AUSTIN,2017,6,835
AUSTIN,2017,7,834
AUSTIN,2017,8,843
AUSTIN,2017,9,775
AUSTIN,2017,10,837
AUSTIN,2017,11,803
AUSTIN,2017,12,799
AUSTIN,2018,1,947
AUSTIN,2018,2,856
AUSTIN,2018,3,646
AUSTIN,2018,4,726
AUSTIN,2018,5,811
AUSTIN,2018,6,871
AUSTIN,2018,7,924
AUSTIN,2018,8,913
AUSTIN,2018,9,798
AUSTIN,2018,10,1018
AUSTIN,2018,11,889
AUSTIN,2018,12,947
AUSTIN,2019,1,1050
AUSTIN,2019,2,940
AUSTIN,2019,3,767
AUSTIN,2019,4,781
AUSTIN,2019,5,942
AUSTIN,2019,6,960
AUSTIN,2019,7,1151
AUSTIN,2019,8,1076
AUSTIN,2019,9,1096
AUSTIN,2019,10,1143
AUSTIN,2019,11,950
AUSTIN,2019,12,1006
BOSTON,2012,1,617
BOSTON,2012,2,462
BOSTON,2012,3,433
BOSTON,2012,4,479
BOSTON,2012,5,445
BOSTON,2012,6,421
BOSTON,2012,7,668
BOSTON,2012,8,652
BOSTON,2012,9,426
BOSTON,2012,10,664
BOSTON,2012,11,585
BOSTON,2012,12,586
BOSTON,2013,1,664
BOSTON,2013,2,641
BOSTON,2013,3,729
BOSTON,2013,4,664
BOSTON,2013,5,685
BOSTON,2013,6,613
BOSTON,2013,7,859
BOSTON,2013,8,730
BOSTON,2013,9,718
BOSTON,2013,10,729
BOSTON,2013,11,588
BOSTON,2013,12,659
BOSTON,2015,1,642
BOSTON,2015,2,687
BOSTON,2015,3,684
BOSTON,2015,4,557
BOSTON,2015,5,606
BOSTON,2015,6,727
BOSTON,2015,7,703
BOSTON,2015,8,796
BOSTON,2015,9,678
BOSTON,2015,10,591
BOSTON,2015,11,562
BOSTON,2015,12,441
BOSTON,2016,1,470
BOSTON,2016,2,659
BOSTON,2016,3,747
BOSTON,2016,4,580
BOSTON,2016,5,679
BOSTON,2016,6,650
BOSTON,2016,7,632
BOSTON,2016,8,829
BOSTON,2016,9,712
BOSTON,2016,10,706
BOSTON,2016,11,612
BOSTON,2016,12,513
BRIDGEPORT,2017,1,350
BRIDGEPORT,2017,2,318
BRIDGEPORT,2017,3,347
BRIDGEPORT,2017,4,263
BRIDGEPORT,2017,5,373
BRIDGEPORT,2017,6,367
BRIDGEPORT,2017,7,390
BRIDGEPORT,2017,8,348
BRIDGEPORT,2017,9,326
BRIDGEPORT,2017,10,363
BRIDGEPORT,2017,11,283
BRIDGEPORT,2017,12,334
BRIDGEPORT,2018,1,326
BRIDGEPORT,2018,2,349
BRIDGEPORT,2018,3,262
BRIDGEPORT,2018,4,347
BRIDGEPORT,2018,5,310
BRIDGEPORT,2018,6,362
BRIDGEPORT,2018,7,356
BRIDGEPORT,2018,8,379
BRIDGEPORT,2018,9,317
BRIDGEPORT,2018,10,381
BRIDGEPORT,2018,11,372
BRIDGEPORT,2018,12,301
BRIDGEPORT,2019,1,313
BRIDGEPORT,2019,2,271
BRIDGEPORT,2019,3,308
BRIDGEPORT,2019,4,313
BRIDGEPORT,2019,5,312
BRIDGEPORT,2019,6,295
BRIDGEPORT,2019,7,382
BRIDGEPORT,2019,8,347
BRIDGEPORT,2019,9,351
BRIDGEPORT,2019,10,362
BRIDGEPORT,2019,11,284
BRIDGEPORT,2019,12,349
CHARLESTON,2016,1,1477
CHARLESTON,2016,2,1174
CHARLESTON,2016,3,950
CHARLESTON,2016,4,1188
CHARLESTON,2016,5,1276
CHARLESTON,2016,6,1305
CHARLESTON,2016,7,1489
CHARLESTON,2016,8,1327
CHARLESTON,2016,9,1392
CHARLESTON,2016,10,1254
CHARLESTON,2016,11,1182
CHARLESTON,2016,12,1256
CHARLESTON,2017,1,1421
CHARLESTON,2017,2,1195
CHARLESTON,2017,3,1103
CHARLESTON,2017,4,994
CHARLESTON,2017,5,1206
CHARLESTON,2017,6,1218
CHARLESTON,2017,7,1313
CHARLESTON,2017,8,1353
CHARLESTON,2017,9,1382
CHARLESTON,2017,10,1411
CHARLESTON,2017,11,1341
CHARLESTON,2017,12,1337
CHARLESTON,2018,1,1422
CHARLESTON,2018,2,1358
CHARLESTON,2018,3,1116
CHARLESTON,2018,4,1134
CHARLESTON,2018,5,1306
CHARLESTON,2018,6,1244
CHARLESTON,2018,7,1244
CHARLESTON,2018,8,1375
CHARLESTON,2018,9,1234
CHARLESTON,2018,10,1416
CHARLESTON,2018,11,1159
CHARLESTON,2018,12,1213
CHARLESTON,2019,1,1400
CHARLESTON,2019,2,1192
CHARLESTON,2019,3,1019
CHARLESTON,2019,4,907
CHARLESTON,2019,5,1141
CHARLESTON,2019,6,1073
CHARLESTON,2019,7,1242
CHARLESTON,2019,8,1209
CHARLESTON,2019,9,1275
CHARLESTON,2019,10,1120
CHARLESTON,2019,11,1156
CHARLESTON,2019,12,1173
CINCINNATI,2012,1,1070
CINCINNATI,2012,2,933
CINCINNATI,2012,3,898
CINCINNATI,2012,4,1038
CINCINNATI,2012,5,1296
CINCINNATI,2012,6,1147
CINCINNATI,2012,7,1369
CINCINNATI,2012,8,1282
CINCINNATI,2012,9,1176
CINCINNATI,2012,10,1197
CINCINNATI,2012,11,1090
CINCINNATI,2012,12,879
CINCINNATI,2013,1,1263
CINCINNATI,2013,2,938
CINCINNATI,2013,3,805
CINCINNATI,2013,4,1057
CINCINNATI,2013,5,1207
CINCINNATI,2013,6,1193
CINCINNATI,2013,7,1308
CINCINNATI,2013,8,1339
CINCINNATI,2013,9,1171
CINCINNATI,2013,10,1068
CINCINNATI,2013,11,1021
CINCINNATI,2013,12,977
CINCINNATI,2014,1,1174
CINCINNATI,2014,2,889
CINCINNATI,2014,3,847
CINCINNATI,2014,4,925
CINCINNATI,2014,5,1198
CINCINNATI,2014,6,1233
CINCINNATI,2014,7,1297
CINCINNATI,2014,8,1145
CINCINNATI,2014,9,1288
CINCINNATI,2014,10,1212
CINCINNATI,2014,11,923
CINCINNATI,2014,12,1100
CINCINNATI,2015,1,1069
CINCINNATI,2015,2,731
CINCINNATI,2015,3,859
CINCINNATI,2015,4,913
CINCINNATI,2015,5,929
CINCINNATI,2015,6,1064
CINCINNATI,2015,7,1363
CINCINNATI,2015,8,1010
CINCINNATI,2015,9,1188
CINCINNATI,2015,10,1102
CINCINNATI,2015,11,870
CINCINNATI,2015,12,1128
CINCINNATI,2016,1,1105
CINCINNATI,2016,2,772
CINCINNATI,2016,3,762
CINCINNATI,2016,4,864
CINCINNATI,2016,5,970
CINCINNATI,2016,6,1121
CINCINNATI,2016,7,1111
CINCINNATI,2016,8,1162
CINCINNATI,2016,9,1097
CINCINNATI,2016,10,998
CINCINNATI,2016,11,893
CINCINNATI,2016,12,958
CLEVELAND,2016,1,792
CLEVELAND,2016,2,617
CLEVELAND,2016,3,697
CLEVELAND,2016,4,709
CLEVELAND,2016,5,787
CLEVELAND,2016,6,802
CLEVELAND,2016,7,842
CLEVELAND,2016,8,959
CLEVELAND,2016,9,901
CLEVELAND,2016,10,804
CLEVELAND,2016,11,639
CLEVELAND,2016,12,728
CLEVELAND,2017,1,701
CLEVELAND,2017,2,668
CLEVELAND,2017,3,625
CLEVELAND,2017,4,604
CLEVELAND,2017,5,820
CLEVELAND,2017,6,839
CLEVELAND,2017,7,578
CLEVELAND,2017,8,723
CLEVELAND,2017,9,778
CLEVELAND,2017,10,782
CLEVELAND,2017,11,669
CLEVELAND,2017,12,613
CLEVELAND,2018,1,646
CLEVELAND,2018,2,610
CLEVELAND,2018,3,614
CLEVELAND,2018,4,625
CLEVELAND,2018,5,667
CLEVELAND,2018,6,677
CLEVELAND,2018,7,822
CLEVELAND,2018,8,835
CLEVELAND,2018,9,721
CLEVELAND,2018,10,769
CLEVELAND,2018,11,644
CLEVELAND,2018,12,536
CLEVELAND,2019,1,605
CLEVELAND,2019,2,690
CLEVELAND,2019,3,590
CLEVELAND,2019,4,583
CLEVELAND,2019,5,734
CLEVELAND,2019,6,652
CLEVELAND,2019,7,806
CLEVELAND,2019,8,720
CLEVELAND,2019,9,659
CLEVELAND,2019,10,745
CLEVELAND,2019,11,536
CLEVELAND,2019,12,648
COLUMBUS,2012,1,1698
COLUMBUS,2012,2,1258
COLUMBUS,2012,3,1290
COLUMBUS,2012,4,1473
COLUMBUS,2012,5,1780
COLUMBUS,2012,6,1759
COLUMBUS,2012,7,878
COLUMBUS,2012,8,1837
COLUMBUS,2012,9,2441
COLUMBUS,2012,10,1364
COLUMBUS,2012,11,1351
COLUMBUS,2012,12,1110
COLUMBUS,2013,1,1574
COLUMBUS,2013,2,1385
COLUMBUS,2013,3,1739
COLUMBUS,2013,4,1392
COLUMBUS,2013,5,1617
COLUMBUS,2013,6,985
COLUMBUS,2013,7,1682
COLUMBUS,2013,8,1598
COLUMBUS,2013,9,1671
COLUMBUS,2013,10,2568
COLUMBUS,2013,11,743
COLUMBUS,2013,12,1410
COLUMBUS,2015,1,1590
COLUMBUS,2015,2,1396
COLUMBUS,2015,3,1833
COLUMBUS,2015,4,1262
COLUMBUS,2015,5,1470
COLUMBUS,2015,6,1516
COLUMBUS,2015,7,2393
COLUMBUS,2015,8,1555
COLUMBUS,2015,9,1502
COLUMBUS,2015,10,1360
COLUMBUS,2015,11,925
COLUMBUS,2015,12,1554
DALLAS,2017,1,3503
DALLAS,2017,2,3029
DALLAS,2017,3,2495
DALLAS,2017,4,2835
DALLAS,2017,5,3093
DALLAS,2017,6,3419
DALLAS,2017,7,3579
DALLAS,2017,8,3398
DALLAS,2017,9,3355
DALLAS,2017,10,3393
DALLAS,2017,11,3060
DALLAS,2017,12,3008
DALLAS,2018,1,3797
DALLAS,2018,2,3029
DALLAS,2018,3,2446
DALLAS,2018,4,2886
DALLAS,2018,5,3231
DALLAS,2018,6,3338
DALLAS,2018,7,3472
DALLAS,2018,8,3735
DALLAS,2018,9,3571
DALLAS,2018,10,3747
DALLAS,2018,11,3306
DALLAS,2018,12,3246
DALLAS,2019,1,3946
DALLAS,2019,2,3379
DALLAS,2019,3,2625
DALLAS,2019,4,3320
DALLAS,2019,5,3616
DALLAS,2019,6,3672
DALLAS,2019,7,3907
DALLAS,2019,8,3967
DALLAS,2019,9,3940
DALLAS,2019,10,3821
DALLAS,2019,11,3391
DALLAS,2019,12,3523
FLORIDA,2012,1,3235
FLORIDA,2012,2,2536
FLORIDA,2012,3,2545
FLORIDA,2012,4,2760
FLORIDA,2012,5,3253
FLORIDA,2012,6,3450
FLORIDA,2012,7,3535
FLORIDA,2012,8,3604
FLORIDA,2012,9,3280
FLORIDA,2012,10,3513
FLORIDA,2012,11,2784
FLORIDA,2012,12,2647
FLORIDA,2013,1,3596
FLORIDA,2013,2,2797
FLORIDA,2013,3,2422
FLORIDA,2013,4,2891
FLORIDA,2013,5,3298
FLORIDA,2013,6,3384
FLORIDA,2013,7,3565
FLORIDA,2013,8,3610
FLORIDA,2013,9,3341
FLORIDA,2013,10,3576
FLORIDA,2013,11,2902
FLORIDA,2013,12,3112
FLORIDA,2014,1,3543
FLORIDA,2014,2,2685
FLORIDA,2014,3,2494
FLORIDA,2014,4,2774
FLORIDA,2014,5,3206
FLORIDA,2014,6,3525
FLORIDA,2014,7,3753
FLORIDA,2014,8,3450
FLORIDA,2014,9,3401
FLORIDA,2014,10,3487
FLORIDA,2014,11,2629
FLORIDA,2014,12,3016
FLORIDA,2015,1,3499
FLORIDA,2015,2,2454
FLORIDA,2015,3,2597
FLORIDA,2015,4,2811
FLORIDA,2015,5,3029
FLORIDA,2015,6,3460
FLORIDA,2015,7,3520
FLORIDA,2015,8,3262
FLORIDA,2015,9,3326
FLORIDA,2015,10,3338
FLORIDA,2015,11,2561
FLORIDA,2015,12,2920
FLORIDA,2016,1,3160
FLORIDA,2016,2,2654
FLORIDA,2016,3,2560
FLORIDA,2016,4,2630
FLORIDA,2016,5,2848
FLORIDA,2016,6,3151
FLORIDA,2016,7,3108
FLORIDA,2016,8,3311
FLORIDA,2016,9,3191
FLORIDA,2016,10,3033
FLORIDA,2016,11,2923
FLORIDA,2016,12,2754
FLORIDA,2017,1,3183
FLORIDA,2017,2,2606
FLORIDA,2017,3,2475
FLORIDA,2017,4,2323
FLORIDA,2017,5,2870
FLORIDA,2017,6,3151
FLORIDA,2017,7,3108
FLORIDA,2017,8,3329
FLORIDA,2017,9,2684
FLORIDA,2017,10,3753
FLORIDA,2017,11,2913
FLORIDA,2017,12,2739
FLORIDA,2018,1,3242
FLORIDA,2018,2,2460
FLORIDA,2018,3,2361
FLORIDA,2018,4,2524
FLORIDA,2018,5,2786
FLORIDA,2018,6,2921
FLORIDA,2018,7,2989
FLORIDA,2018,8,3139
FLORIDA,2018,9,2734
FLORIDA,2018,10,3206
FLORIDA,2018,11,2754
FLORIDA,2018,12,2587
FLORIDA,2019,1,3010
FLORIDA,2019,2,2487
FLORIDA,2019,3,2119
FLORIDA,2019,4,2126
FLORIDA,2019,5,2480
FLORIDA,2019,6,2539
FLORIDA,2019,7,2869
FLORIDA,2019,8,2848
FLORIDA,2019,9,2754
FLORIDA,2019,10,2921
FLORIDA,2019,11,2435
FLORIDA,2019,12,2511
FORTLAUDERDALE,2012,1,1530
FORTLAUDERDALE,2012,2,1183
FORTLAUDERDALE,2012,3,1153
FORTLAUDERDALE,2012,4,1234
FORTLAUDERDALE,2012,5,1528
FORTLAUDERDALE,2012,6,1610
FORTLAUDERDALE,2012,7,1677
FORTLAUDERDALE,2012,8,1849
FORTLAUDERDALE,2012,9,1588
FORTLAUDERDALE,2012,10,1850
FORTLAUDERDALE,2012,11,1490
FORTLAUDERDALE,2012,12,1407
FORTLAUDERDALE,2013,1,1801
FORTLAUDERDALE,2013,2,1430
FORTLAUDERDALE,2013,3,1219
FORTLAUDERDALE,2013,4,1250
FORTLAUDERDALE,2013,5,1547
FORTLAUDERDALE,2013,6,1617
FORTLAUDERDALE,2013,7,1808
FORTLAUDERDALE,2013,8,1826
FORTLAUDERDALE,2013,9,1609
FORTLAUDERDALE,2013,10,1906
FORTLAUDERDALE,2013,11,1286
FORTLAUDERDALE,2013,12,1554
FORTLAUDERDALE,2014,1,1770
FORTLAUDERDALE,2014,2,1322
FORTLAUDERDALE,2014,3,1261
FORTLAUDERDALE,2014,4,1385
FORTLAUDERDALE,2014,5,1540
FORTLAUDERDALE,2014,6,1662
FORTLAUDERDALE,2014,7,1755
FORTLAUDERDALE,2014,8,1690
FORTLAUDERDALE,2014,9,1697
FORTLAUDERDALE,2014,10,1750
FORTLAUDERDALE,2014,11,1234
FORTLAUDERDALE,2014,12,1492
FORTLAUDERDALE,2015,1,1690
FORTLAUDERDALE,2015,2,1192
FORTLAUDERDALE,2015,3,1162
FORTLAUDERDALE,2015,4,1258
FORTLAUDERDALE,2015,5,1349
FORTLAUDERDALE,2015,6,1532
FORTLAUDERDALE,2015,7,1694
FORTLAUDERDALE,2015,8,1513
FORTLAUDERDALE,2015,9,1446
FORTLAUDERDALE,2015,10,1731
FORTLAUDERDALE,2015,11,1312
FORTLAUDERDALE,2015,12,1459
FORTLAUDERDALE,2016,1,1481
FORTLAUDERDALE,2016,2,1268
FORTLAUDERDALE,2016,3,1176
FORTLAUDERDALE,2016,4,1298
FORTLAUDERDALE,2016,5,1338
FORTLAUDERDALE,2016,6,1513
FORTLAUDERDALE,2016,7,1410
FORTLAUDERDALE,2016,8,1663
FORTLAUDERDALE,2016,9,1556
FORTLAUDERDALE,2016,10,1394
FORTLAUDERDALE,2016,11,1440
FORTLAUDERDALE,2016,12,1349
FORTLAUDERDALE,2017,1,1429
FORTLAUDERDALE,2017,2,1264
FORTLAUDERDALE,2017,3,1110
FORTLAUDERDALE,2017,4,950
FORTLAUDERDALE,2017,5,1239
FORTLAUDERDALE,2017,6,1429
FORTLAUDERDALE,2017,7,1391
FORTLAUDERDALE,2017,8,1532
FORTLAUDERDALE,2017,9,775
FORTLAUDERDALE,2017,10,1736
FORTLAUDERDALE,2017,11,1218
FORTLAUDERDALE,2017,12,1309
FORTLAUDERDALE,2018,1,1554
FORTLAUDERDALE,2018,2,1227
FORTLAUDERDALE,2018,3,1044
FORTLAUDERDALE,2018,4,1067
FORTLAUDERDALE,2018,5,1309
FORTLAUDERDALE,2018,6,1316
FORTLAUDERDALE,2018,7,1375
FORTLAUDERDALE,2018,8,1482
FORTLAUDERDALE,2018,9,1213
FORTLAUDERDALE,2018,10,1561
FORTLAUDERDALE,2018,11,1187
FORTLAUDERDALE,2018,12,1216
FORTLAUDERDALE,2019,1,1485
FORTLAUDERDALE,2019,2,1274
FORTLAUDERDALE,2019,3,983
FORTLAUDERDALE,2019,4,981
FORTLAUDERDALE,2019,5,1213
FORTLAUDERDALE,2019,6,1190
FORTLAUDERDALE,2019,7,1334
FORTLAUDERDALE,2019,8,1357
FORTLAUDERDALE,2019,9,1278
FORTLAUDERDALE,2019,10,1395
FORTLAUDERDALE,2019,11,1237
FORTLAUDERDALE,2019,12,1182
FORTWORTH,2016,1,598
FORTWORTH,2016,2,509
FORTWORTH,2016,3,476
FORTWORTH,2016,4,537
FORTWORTH,2016,5,589
FORTWORTH,2016,6,597
FORTWORTH,2016,7,614
FORTWORTH,2016,8,659
FORTWORTH,2016,9,675
FORTWORTH,2016,10,699
FORTWORTH,2016,11,617
FORTWORTH,2016,12,645
FORTWORTH,2017,1,699
FORTWORTH,2017,2,679
FORTWORTH,2017,3,523
FORTWORTH,2017,4,582
FORTWORTH,2017,5,685
FORTWORTH,2017,6,702
FORTWORTH,2017,7,680
FORTWORTH,2017,8,751
FORTWORTH,2017,9,766
FORTWORTH,2017,10,768
FORTWORTH,2017,11,736
FORTWORTH,2017,12,662
FORTWORTH,2018,1,3253
FORTWORTH,2018,2,2767
FORTWORTH,2018,3,2175
FORTWORTH,2018,4,2615
FORTWORTH,2018,5,2881
FORTWORTH,2018,6,3025
FORTWORTH,2018,7,3286
FORTWORTH,2018,8,3337
FORTWORTH,2018,9,3076
FORTWORTH,2018,10,3556
FORTWORTH,2018,11,3051
FORTWORTH,2018,12,3017
FORTWORTH,2019,1,3557
FORTWORTH,2019,2,3025
FORTWORTH,2019,3,2441
FORTWORTH,2019,4,2985
FORTWORTH,2019,5,3505
FORTWORTH,2019,6,3514
FORTWORTH,2019,7,3734
FORTWORTH,2019,8,3714
FORTWORTH,2019,9,3709
FORTWORTH,2019,10,3677
FORTWORTH,2019,11,3371
FORTWORTH,2019,12,3429
GAINESVILLE,2012,1,179
GAINESVILLE,2012,2,125
GAINESVILLE,2012,3,99
GAINESVILLE,2012,4,179
GAINESVILLE,2012,5,158
GAINESVILLE,2012,6,160
GAINESVILLE,2012,7,163
GAINESVILLE,2012,8,156
GAINESVILLE,2012,9,158
GAINESVILLE,2012,10,182
GAINESVILLE,2012,11,157
GAINESVILLE,2012,12,133
GAINESVILLE,2013,1,192
GAINESVILLE,2013,2,137
GAINESVILLE,2013,3,110
GAINESVILLE,2013,4,106
GAINESVILLE,2013,5,144
GAINESVILLE,2013,6,171
GAINESVILLE,2013,7,163
GAINESVILLE,2013,8,151
GAINESVILLE,2013,9,142
GAINESVILLE,2013,10,162
GAINESVILLE,2013,11,118
GAINESVILLE,2013,12,130
GAINESVILLE,2014,1,183
GAINESVILLE,2014,2,109
GAINESVILLE,2014,3,89
GAINESVILLE,2014,4,148
GAINESVILLE,2014,5,143
GAINESVILLE,2014,6,162
GAINESVILLE,2014,7,200
GAINESVILLE,2014,8,159
GAINESVILLE,2014,9,180
GAINESVILLE,2014,10,153
GAINESVILLE,2014,11,102
GAINESVILLE,2014,12,129
GAINESVILLE,2015,1,152
GAINESVILLE,2015,2,121
GAINESVILLE,2015,3,137
GAINESVILLE,2015,4,143
GAINESVILLE,2015,5,148
GAINESVILLE,2015,6,159
GAINESVILLE,2015,7,157
GAINESVILLE,2015,8,122
GAINESVILLE,2015,9,160
GAINESVILLE,2015,10,124
GAINESVILLE,2015,11,108
GAINESVILLE,2015,12,148
GAINESVILLE,2016,1,170
GAINESVILLE,2016,2,123
GAINESVILLE,2016,3,98
GAINESVILLE,2016,4,113
GAINESVILLE,2016,5,172
GAINESVILLE,2016,6,154
GAINESVILLE,2016,7,149
GAINESVILLE,2016,8,123
GAINESVILLE,2016,9,140
GAINESVILLE,2016,10,124
GAINESVILLE,2016,11,149
GAINESVILLE,2016,12,113
GAINESVILLE,2017,1,172
GAINESVILLE,2017,2,126
GAINESVILLE,2017,3,105
GAINESVILLE,2017,4,109
GAINESVILLE,2017,5,149
GAINESVILLE,2017,6,126
GAINESVILLE,2017,7,135
GAINESVILLE,2017,8,143
GAINESVILLE,2017,9,130
GAINESVILLE,2017,10,145
GAINESVILLE,2017,11,111
GAINESVILLE,2017,12,103
GAINESVILLE,2018,1,145
GAINESVILLE,2018,2,107
GAINESVILLE,2018,3,108
GAINESVILLE,2018,4,125
GAINESVILLE,2018,5,144
GAINESVILLE,2018,6,152
GAINESVILLE,2018,7,164
GAINESVILLE,2018,8,133
GAINESVILLE,2018,9,138
GAINESVILLE,2018,10,141
GAINESVILLE,2018,11,133
GAINESVILLE,2018,12,127
GAINESVILLE,2019,1,228
GAINESVILLE,2019,2,121
GAINESVILLE,2019,3,90
GAINESVILLE,2019,4,104
GAINESVILLE,2019,5,99
GAINESVILLE,2019,6,129
GAINESVILLE,2019,7,134
GAINESVILLE,2019,8,146
GAINESVILLE,2019,9,151
GAINESVILLE,2019,10,131
GAINESVILLE,2019,11,114
GAINESVILLE,2019,12,119
GREENVILLE,2016,1,1261
GREENVILLE,2016,2,1005
GREENVILLE,2016,3,886
GREENVILLE,2016,4,1052
GREENVILLE,2016,5,984
GREENVILLE,2016,6,1125
GREENVILLE,2016,7,1113
GREENVILLE,2016,8,1152
GREENVILLE,2016,9,1238
GREENVILLE,2016,10,1200
GREENVILLE,2016,11,1040
GREENVILLE,2016,12,1097
GREENVILLE,2017,1,1368
GREENVILLE,2017,2,1083
GREENVILLE,2017,3,855
GREENVILLE,2017,4,960
GREENVILLE,2017,5,1017
GREENVILLE,2017,6,1147
GREENVILLE,2017,7,1241
GREENVILLE,2017,8,1209
GREENVILLE,2017,9,1246
GREENVILLE,2017,10,1308
GREENVILLE,2017,11,1013
GREENVILLE,2017,12,1191
GREENVILLE,2018,1,1392
GREENVILLE,2018,2,1194
GREENVILLE,2018,3,954
GREENVILLE,2018,4,1153
GREENVILLE,2018,5,1213
GREENVILLE,2018,6,1292
GREENVILLE,2018,7,1376
GREENVILLE,2018,8,1284
GREENVILLE,2018,9,1344
GREENVILLE,2018,10,1431
GREENVILLE,2018,11,1272
GREENVILLE,2018,12,1293
GREENVILLE,2019,1,1513
GREENVILLE,2019,2,1277
GREENVILLE,2019,3,1079
GREENVILLE,2019,4,1159
GREENVILLE,2019,5,1240
GREENVILLE,2019,6,1340
GREENVILLE,2019,7,1472
GREENVILLE,2019,8,1369
GREENVILLE,2019,9,1529
GREENVILLE,2019,10,1380
GREENVILLE,2019,11,1254
GREENVILLE,2019,12,1342
HARTFORD,2017,1,544
HARTFORD,2017,2,479
HARTFORD,2017,3,492
HARTFORD,2017,4,411
HARTFORD,2017,5,520
HARTFORD,2017,6,540
HARTFORD,2017,7,566
HARTFORD,2017,8,651
HARTFORD,2017,9,545
HARTFORD,2017,10,575
HARTFORD,2017,11,515
HARTFORD,2017,12,473
HARTFORD,2018,1,511
HARTFORD,2018,2,533
HARTFORD,2018,3,398
HARTFORD,2018,4,399
HARTFORD,2018,5,408
HARTFORD,2018,6,515
HARTFORD,2018,7,557
HARTFORD,2018,8,587
HARTFORD,2018,9,538
HARTFORD,2018,10,635
HARTFORD,2018,11,419
HARTFORD,2018,12,487
HARTFORD,2019,1,535
HARTFORD,2019,2,448
HARTFORD,2019,3,409
HARTFORD,2019,4,373
HARTFORD,2019,5,519
HARTFORD,2019,6,495
HARTFORD,2019,7,566
HARTFORD,2019,8,589
HARTFORD,2019,9,560
HARTFORD,2019,10,503
HARTFORD,2019,11,416
HARTFORD,2019,12,432
HOUSTON,2012,1,5505
HOUSTON,2012,2,4502
HOUSTON,2012,3,1946
HOUSTON,2012,4,3177
HOUSTON,2012,5,5799
HOUSTON,2012,6,5641
HOUSTON,2012,7,4585
HOUSTON,2012,8,5573
HOUSTON,2012,9,5675
HOUSTON,2012,10,5055
HOUSTON,2012,11,4822
HOUSTON,2012,12,3356
HOUSTON,2013,1,6286
HOUSTON,2013,2,4835
HOUSTON,2013,3,4961
HOUSTON,2013,4,4805
HOUSTON,2013,5,3684
HOUSTON,2013,6,7157
HOUSTON,2013,7,4288
HOUSTON,2013,8,7128
HOUSTON,2013,9,3156
HOUSTON,2013,10,5492
HOUSTON,2013,11,4099
HOUSTON,2013,12,4996
HOUSTON,2014,1,5009
HOUSTON,2014,2,4621
HOUSTON,2014,3,3542
HOUSTON,2014,4,3459
HOUSTON,2014,5,4500
HOUSTON,2014,6,6947
HOUSTON,2014,7,5269
HOUSTON,2014,8,5034
HOUSTON,2014,9,5162
HOUSTON,2014,10,4519
HOUSTON,2014,11,4162
HOUSTON,2014,12,4668
HOUSTON,2015,1,5072
HOUSTON,2015,2,2713
HOUSTON,2015,3,4094
HOUSTON,2015,4,3481
HOUSTON,2015,5,3893
HOUSTON,2015,6,4783
HOUSTON,2015,7,5343
HOUSTON,2015,8,4801
HOUSTON,2015,9,5321
HOUSTON,2015,10,3787
HOUSTON,2015,11,4775
HOUSTON,2015,12,3991
INDIANAPOLIS,2016,1,2733
INDIANAPOLIS,2016,2,1871
INDIANAPOLIS,2016,3,1690
INDIANAPOLIS,2016,4,2253
INDIANAPOLIS,2016,5,2398
INDIANAPOLIS,2016,6,2762
INDIANAPOLIS,2016,7,2478
INDIANAPOLIS,2016,8,2838
INDIANAPOLIS,2016,9,2617
INDIANAPOLIS,2016,10,2412
INDIANAPOLIS,2016,11,2400
INDIANAPOLIS,2016,12,2124
INDIANAPOLIS,2017,1,2823
INDIANAPOLIS,2017,2,2219
INDIANAPOLIS,2017,3,1943
INDIANAPOLIS,2017,4,2236
INDIANAPOLIS,2017,5,2570
INDIANAPOLIS,2017,6,2831
INDIANAPOLIS,2017,7,2728
INDIANAPOLIS,2017,8,2795
INDIANAPOLIS,2017,9,2613
INDIANAPOLIS,2017,10,2562
INDIANAPOLIS,2017,11,2376
INDIANAPOLIS,2017,12,2261
INDIANAPOLIS,2018,1,3092
INDIANAPOLIS,2018,2,2539
INDIANAPOLIS,2018,3,1924
INDIANAPOLIS,2018,4,2408
INDIANAPOLIS,2018,5,2432
INDIANAPOLIS,2018,6,2884
INDIANAPOLIS,2018,7,2927
INDIANAPOLIS,2018,8,3016
INDIANAPOLIS,2018,9,2593
INDIANAPOLIS,2018,10,2846
INDIANAPOLIS,2018,11,2274
INDIANAPOLIS,2018,12,1987
INDIANAPOLIS,2019,1,2745
INDIANAPOLIS,2019,2,2405
INDIANAPOLIS,2019,3,1880
INDIANAPOLIS,2019,4,2317
INDIANAPOLIS,2019,5,2670
INDIANAPOLIS,2019,6,2530
INDIANAPOLIS,2019,7,2774
INDIANAPOLIS,2019,8,2849
INDIANAPOLIS,2019,9,2754
INDIANAPOLIS,2019,10,2594
INDIANAPOLIS,2019,11,2216
INDIANAPOLIS,2019,12,2245
JACKSONVILLE,2012,1,2083
JACKSONVILLE,2012,2,1423
JACKSONVILLE,2012,3,1393
JACKSONVILLE,2012,4,1779
JACKSONVILLE,2012,5,1695
JACKSONVILLE,2012,6,2262
JACKSONVILLE,2012,7,2373
JACKSONVILLE,2012,8,2318
JACKSONVILLE,2012,9,2268
JACKSONVILLE,2012,10,2299
JACKSONVILLE,2012,11,1847
JACKSONVILLE,2012,12,1711
JACKSONVILLE,2013,1,2445
JACKSONVILLE,2013,2,1600
JACKSONVILLE,2013,3,1358
JACKSONVILLE,2013,4,1598
JACKSONVILLE,2013,5,1911
JACKSONVILLE,2013,6,2125
JACKSONVILLE,2013,7,2267
JACKSONVILLE,2013,8,2143
JACKSONVILLE,2013,9,2181
JACKSONVILLE,2013,10,2229
JACKSONVILLE,2013,11,1569
JACKSONVILLE,2013,12,1963
JACKSONVILLE,2014,1,2286
JACKSONVILLE,2014,2,1407
JACKSONVILLE,2014,3,1517
JACKSONVILLE,2014,4,1914
JACKSONVILLE,2014,5,2033
JACKSONVILLE,2014,6,2078
JACKSONVILLE,2014,7,2346
JACKSONVILLE,2014,8,2094
JACKSONVILLE,2014,9,2308
JACKSONVILLE,2014,10,2043
JACKSONVILLE,2014,11,1618
JACKSONVILLE,2014,12,2078
JACKSONVILLE,2015,1,2237
JACKSONVILLE,2015,2,1502
JACKSONVILLE,2015,3,1589
JACKSONVILLE,2015,4,1825
JACKSONVILLE,2015,5,1972
JACKSONVILLE,2015,6,2002
JACKSONVILLE,2015,7,2280
JACKSONVILLE,2015,8,2217
JACKSONVILLE,2015,9,2198
JACKSONVILLE,2015,10,2129
JACKSONVILLE,2015,11,1796
JACKSONVILLE,2015,12,2135
JACKSONVILLE,2016,1,2015
JACKSONVILLE,2016,2,1616
JACKSONVILLE,2016,3,1557
JACKSONVILLE,2016,4,1727
JACKSONVILLE,2016,5,1964
JACKSONVILLE,2016,6,2517
JACKSONVILLE,2016,7,2247
JACKSONVILLE,2016,8,2346
JACKSONVILLE,2016,9,2316
JACKSONVILLE,2016,10,2066
JACKSONVILLE,2016,11,1970
JACKSONVILLE,2016,12,1948
JACKSONVILLE,2017,1,1165
JACKSONVILLE,2017,2,955
JACKSONVILLE,2017,3,793
JACKSONVILLE,2017,4,796
JACKSONVILLE,2017,5,1026
JACKSONVILLE,2017,6,1117
JACKSONVILLE,2017,7,1054
JACKSONVILLE,2017,8,1278
JACKSONVILLE,2017,9,950
JACKSONVILLE,2017,10,1244
JACKSONVILLE,2017,11,986
JACKSONVILLE,2017,12,1073
JACKSONVILLE,2018,1,1228
JACKSONVILLE,2018,2,966
JACKSONVILLE,2018,3,849
JACKSONVILLE,2018,4,880
JACKSONVILLE,2018,5,1004
JACKSONVILLE,2018,6,1234
JACKSONVILLE,2018,7,1135
JACKSONVILLE,2018,8,1279
JACKSONVILLE,2018,9,1093
JACKSONVILLE,2018,10,1338
JACKSONVILLE,2018,11,1027
JACKSONVILLE,2018,12,1059
JACKSONVILLE,2019,1,1248
JACKSONVILLE,2019,2,1090
JACKSONVILLE,2019,3,782
JACKSONVILLE,2019,4,907
JACKSONVILLE,2019,5,1072
JACKSONVILLE,2019,6,1129
JACKSONVILLE,2019,7,829
JACKSONVILLE,2019,8,1172
JACKSONVILLE,2019,9,1078
JACKSONVILLE,2019,10,1276
JACKSONVILLE,2019,11,927
JACKSONVILLE,2019,12,964
KANSASCITY,2012,1,1629
KANSASCITY,2012,2,1257
KANSASCITY,2012,3,1526
KANSASCITY,2012,4,1476
KANSASCITY,2012,5,1750
KANSASCITY,2012,6,1934
KANSASCITY,2012,7,1863
KANSASCITY,2012,8,1939
KANSASCITY,2012,9,1799
KANSASCITY,2012,10,1637
KANSASCITY,2012,11,1428
KANSASCITY,2012,12,1464
KANSASCITY,2013,1,1469
KANSASCITY,2013,2,1299
KANSASCITY,2013,3,1345
KANSASCITY,2013,4,1598
KANSASCITY,2013,5,1703
KANSASCITY,2013,6,1711
KANSASCITY,2013,7,1802
KANSASCITY,2013,8,1239
KANSASCITY,2013,9,1501
KANSASCITY,2013,10,1665
KANSASCITY,2013,11,1191
KANSASCITY,2013,12,1223
KANSASCITY,2014,1,1569
KANSASCITY,2014,2,1225
KANSASCITY,2014,3,1326
KANSASCITY,2014,4,1289
KANSASCITY,2014,5,1319
KANSASCITY,2014,6,1352
KANSASCITY,2014,7,1685
KANSASCITY,2014,8,1647
KANSASCITY,2014,9,1560
KANSASCITY,2014,10,1603
KANSASCITY,2014,11,1206
KANSASCITY,2014,12,1233
KANSASCITY,2015,1,1784
KANSASCITY,2015,2,1320
KANSASCITY,2015,3,824
KANSASCITY,2015,4,1238
KANSASCITY,2015,5,1283
KANSASCITY,2015,6,1536
KANSASCITY,2015,7,1610
KANSASCITY,2015,8,1722
KANSASCITY,2015,9,1774
KANSASCITY,2015,10,1544
KANSASCITY,2015,11,1485
KANSASCITY,2015,12,1852
LASVEGAS,2016,1,2905
LASVEGAS,2016,2,2504
LASVEGAS,2016,3,2512
LASVEGAS,2016,4,2688
LASVEGAS,2016,5,3046
LASVEGAS,2016,6,3258
LASVEGAS,2016,7,3210
LASVEGAS,2016,8,3335
LASVEGAS,2016,9,3314
LASVEGAS,2016,10,3091
LASVEGAS,2016,11,2887
LASVEGAS,2016,12,2997
LASVEGAS,2017,1,3332
LASVEGAS,2017,2,2969
LASVEGAS,2017,3,2689
LASVEGAS,2017,4,2893
LASVEGAS,2017,5,3207
LASVEGAS,2017,6,3280
LASVEGAS,2017,7,3327
LASVEGAS,2017,8,3520
LASVEGAS,2017,9,3344
LASVEGAS,2017,10,3266
LASVEGAS,2017,11,3177
LASVEGAS,2017,12,3050
LASVEGAS,2018,1,3419
LASVEGAS,2018,2,2718
LASVEGAS,2018,3,2607
LASVEGAS,2018,4,2830
LASVEGAS,2018,5,3054
LASVEGAS,2018,6,3284
LASVEGAS,2018,7,3361
LASVEGAS,2018,8,3366
LASVEGAS,2018,9,3308
LASVEGAS,2018,10,3378
LASVEGAS,2018,11,3280
LASVEGAS,2018,12,2924
LASVEGAS,2019,1,3364
LASVEGAS,2019,2,2966
LASVEGAS,2019,3,2685
LASVEGAS,2019,4,2784
LASVEGAS,2019,5,3100
LASVEGAS,2019,6,3071
LASVEGAS,2019,7,2358
LASVEGAS,2019,8,2909
LASVEGAS,2019,9,2761
LASVEGAS,2019,10,3007
LASVEGAS,2019,11,2721
LASVEGAS,2019,12,3038
MEMPHIS,2016,1,2312
MEMPHIS,2016,2,1967
MEMPHIS,2016,3,1621
MEMPHIS,2016,4,1886
MEMPHIS,2016,5,2304
MEMPHIS,2016,6,2567
MEMPHIS,2016,7,2440
MEMPHIS,2016,8,2725
MEMPHIS,2016,9,2425
MEMPHIS,2016,10,2288
MEMPHIS,2016,11,2011
MEMPHIS,2016,12,2101
MEMPHIS,2017,1,2304
MEMPHIS,2017,2,2271
MEMPHIS,2017,3,1936
MEMPHIS,2017,4,1910
MEMPHIS,2017,5,2159
MEMPHIS,2017,6,2419
MEMPHIS,2017,7,2399
MEMPHIS,2017,8,2786
MEMPHIS,2017,9,2298
MEMPHIS,2017,10,2454
MEMPHIS,2017,11,2238
MEMPHIS,2017,12,1897
MEMPHIS,2018,1,2662
MEMPHIS,2018,2,2167
MEMPHIS,2018,3,1767
MEMPHIS,2018,4,2158
MEMPHIS,2018,5,2383
MEMPHIS,2018,6,2471
MEMPHIS,2018,7,2398
MEMPHIS,2018,8,2626
MEMPHIS,2018,9,2409
MEMPHIS,2018,10,2448
MEMPHIS,2018,11,2269
MEMPHIS,2018,12,1851
MEMPHIS,2019,1,2555
MEMPHIS,2019,2,2096
MEMPHIS,2019,3,1680
MEMPHIS,2019,4,1862
MEMPHIS,2019,5,2378
MEMPHIS,2019,6,2159
MEMPHIS,2019,7,2865
MEMPHIS,2019,8,2401
MEMPHIS,2019,9,2295
MEMPHIS,2019,10,2308
MEMPHIS,2019,11,1877
MEMPHIS,2019,12,1990
MIAMI,2012,1,2160
MIAMI,2012,2,1679
MIAMI,2012,3,1689
MIAMI,2012,4,1683
MIAMI,2012,5,1995
MIAMI,2012,6,2049
MIAMI,2012,7,2190
MIAMI,2012,8,2212
MIAMI,2012,9,2073
MIAMI,2012,10,2159
MIAMI,2012,11,1916
MIAMI,2012,12,1832
MIAMI,2013,1,2197
MIAMI,2013,2,1822
MIAMI,2013,3,1624
MIAMI,2013,4,1653
MIAMI,2013,5,1850
MIAMI,2013,6,1914
MIAMI,2013,7,2316
MIAMI,2013,8,2154
MIAMI,2013,9,1933
MIAMI,2013,10,2180
MIAMI,2013,11,1813
MIAMI,2013,12,1779
MIAMI,2014,1,2137
MIAMI,2014,2,1582
MIAMI,2014,3,1400
MIAMI,2014,4,1494
MIAMI,2014,5,1725
MIAMI,2014,6,1913
MIAMI,2014,7,2104
MIAMI,2014,8,1904
MIAMI,2014,9,1971
MIAMI,2014,10,2011
MIAMI,2014,11,1478
MIAMI,2014,12,1724
MIAMI,2015,1,1739
MIAMI,2015,2,1438
MIAMI,2015,3,1474
MIAMI,2015,4,1493
MIAMI,2015,5,1501
MIAMI,2015,6,1788
MIAMI,2015,7,1836
MIAMI,2015,8,1750
MIAMI,2015,9,1755
MIAMI,2015,10,1845
MIAMI,2015,11,1414
MIAMI,2015,12,1647
MIAMI,2016,1,1606
MIAMI,2016,2,1513
MIAMI,2016,3,1432
MIAMI,2016,4,1368
MIAMI,2016,5,1520
MIAMI,2016,6,1635
MIAMI,2016,7,1622
MIAMI,2016,8,1761
MIAMI,2016,9,1605
MIAMI,2016,10,1579
MIAMI,2016,11,1504
MIAMI,2016,12,1538
MIAMI,2017,1,1661
MIAMI,2017,2,1384
MIAMI,2017,3,1351
MIAMI,2017,4,1175
MIAMI,2017,5,1426
MIAMI,2017,6,1558
MIAMI,2017,7,1511
MIAMI,2017,8,1600
MIAMI,2017,9,1030
MIAMI,2017,10,1916
MIAMI,2017,11,1551
MIAMI,2017,12,1461
MIAMI,2018,1,1560
MIAMI,2018,2,1328
MIAMI,2018,3,1214
MIAMI,2018,4,1191
MIAMI,2018,5,1401
MIAMI,2018,6,1444
MIAMI,2018,7,1445
MIAMI,2018,8,1576
MIAMI,2018,9,1366
MIAMI,2018,10,1478
MIAMI,2018,11,1315
MIAMI,2018,12,1167
MIAMI,2019,1,1566
MIAMI,2019,2,1289
MIAMI,2019,3,1209
MIAMI,2019,4,1156
MIAMI,2019,5,1316
MIAMI,2019,6,1365
MIAMI,2019,7,1549
MIAMI,2019,8,1593
MIAMI,2019,9,1405
MIAMI,2019,10,1546
MIAMI,2019,11,1258
MIAMI,2019,12,1336
MILWAUKEE,2012,1,1082
MILWAUKEE,2012,2,812
MILWAUKEE,2012,3,859
MILWAUKEE,2012,4,1008
MILWAUKEE,2012,5,1208
MILWAUKEE,2012,6,1190
MILWAUKEE,2012,7,1299
MILWAUKEE,2012,8,1395
MILWAUKEE,2012,9,1052
MILWAUKEE,2012,10,1038
MILWAUKEE,2012,11,964
MILWAUKEE,2012,12,845
MILWAUKEE,2013,1,1199
MILWAUKEE,2013,2,803
MILWAUKEE,2013,3,802
MILWAUKEE,2013,4,1057
MILWAUKEE,2013,5,1174
MILWAUKEE,2013,6,1203
MILWAUKEE,2013,7,1193
MILWAUKEE,2013,8,1357
MILWAUKEE,2013,9,1144
MILWAUKEE,2013,10,1185
MILWAUKEE,2013,11,910
MILWAUKEE,2013,12,961
MILWAUKEE,2014,1,1203
MILWAUKEE,2014,2,906
MILWAUKEE,2014,3,862
MILWAUKEE,2014,4,1034
MILWAUKEE,2014,5,1204
MILWAUKEE,2014,6,1272
MILWAUKEE,2014,7,1452
MILWAUKEE,2014,8,1154
MILWAUKEE,2014,9,1298
MILWAUKEE,2014,10,1312
MILWAUKEE,2014,11,963
MILWAUKEE,2014,12,1003
MILWAUKEE,2015,1,1070
MILWAUKEE,2015,2,838
MILWAUKEE,2015,3,912
MILWAUKEE,2015,4,1086
MILWAUKEE,2015,5,1139
MILWAUKEE,2015,6,1240
MILWAUKEE,2015,7,1251
MILWAUKEE,2015,8,1089
MILWAUKEE,2015,9,1233
MILWAUKEE,2015,10,1180
MILWAUKEE,2015,11,1041
MILWAUKEE,2015,12,1061
MILWAUKEE,2016,1,1656
MILWAUKEE,2016,2,1626
MILWAUKEE,2016,3,1638
MILWAUKEE,2016,4,2210
MILWAUKEE,2016,5,2400
MILWAUKEE,2016,6,2605
MILWAUKEE,2016,7,1933
MILWAUKEE,2016,8,2991
MILWAUKEE,2016,9,2715
MILWAUKEE,2016,10,1932
MILWAUKEE,2016,11,1743
MILWAUKEE,2016,12,1702
MILWAUKEE,2017,1,1125
MILWAUKEE,2017,2,860
MILWAUKEE,2017,3,999
MILWAUKEE,2017,4,942
MILWAUKEE,2017,5,1558
MILWAUKEE,2017,6,1354
MILWAUKEE,2017,7,1224
MILWAUKEE,2017,8,1520
MILWAUKEE,2017,9,1265
MILWAUKEE,2017,10,1073
MILWAUKEE,2017,11,1013
MILWAUKEE,2017,12,997
MILWAUKEE,2018,1,1246
MILWAUKEE,2018,2,1055
MILWAUKEE,2018,3,810
MILWAUKEE,2018,4,948
MILWAUKEE,2018,5,1101
MILWAUKEE,2018,6,1260
MILWAUKEE,2018,7,1289
MILWAUKEE,2018,8,1339
MILWAUKEE,2018,9,1149
MILWAUKEE,2018,10,1181
MILWAUKEE,2018,11,1014
MILWAUKEE,2018,12,1052
MINNEAPOLIS,2012,1,928
MINNEAPOLIS,2012,2,707
MINNEAPOLIS,2012,3,707
MINNEAPOLIS,2012,4,829
MINNEAPOLIS,2012,5,867
MINNEAPOLIS,2012,6,999
MINNEAPOLIS,2012,7,1022
MINNEAPOLIS,2012,8,1103
MINNEAPOLIS,2012,9,892
MINNEAPOLIS,2012,10,859
MINNEAPOLIS,2012,11,819
MINNEAPOLIS,2012,12,750
MINNEAPOLIS,2013,1,889
MINNEAPOLIS,2013,2,716
MINNEAPOLIS,2013,3,654
MINNEAPOLIS,2013,4,796
MINNEAPOLIS,2013,5,838
MINNEAPOLIS,2013,6,905
MINNEAPOLIS,2013,7,927
MINNEAPOLIS,2013,8,909
MINNEAPOLIS,2013,9,826
MINNEAPOLIS,2013,10,863
MINNEAPOLIS,2013,11,735
MINNEAPOLIS,2013,12,687
MINNEAPOLIS,2014,1,874
MINNEAPOLIS,2014,2,633
MINNEAPOLIS,2014,3,595
MINNEAPOLIS,2014,4,700
MINNEAPOLIS,2014,5,723
MINNEAPOLIS,2014,6,736
MINNEAPOLIS,2014,7,872
MINNEAPOLIS,2014,8,706
MINNEAPOLIS,2014,9,748
MINNEAPOLIS,2014,10,736
MINNEAPOLIS,2014,11,568
MINNEAPOLIS,2014,12,702
MINNEAPOLIS,2015,1,728
MINNEAPOLIS,2015,2,616
MINNEAPOLIS,2015,3,592
MINNEAPOLIS,2015,4,642
MINNEAPOLIS,2015,5,624
MINNEAPOLIS,2015,6,750
MINNEAPOLIS,2015,7,741
MINNEAPOLIS,2015,8,741
MINNEAPOLIS,2015,9,641
MINNEAPOLIS,2015,10,691
MINNEAPOLIS,2015,11,549
MINNEAPOLIS,2015,12,645
MINNEAPOLIS,2016,1,709
MINNEAPOLIS,2016,2,541
MINNEAPOLIS,2016,3,567
MINNEAPOLIS,2016,4,573
MINNEAPOLIS,2016,5,614
MINNEAPOLIS,2016,6,684
MINNEAPOLIS,2016,7,674
MINNEAPOLIS,2016,8,685
MINNEAPOLIS,2016,9,660
MINNEAPOLIS,2016,10,559
MINNEAPOLIS,2016,11,535
MINNEAPOLIS,2016,12,643
MINNEAPOLIS,2017,1,728
MINNEAPOLIS,2017,2,563
MINNEAPOLIS,2017,3,571
MINNEAPOLIS,2017,4,512
MINNEAPOLIS,2017,5,630
MINNEAPOLIS,2017,6,640
MINNEAPOLIS,2017,7,622
MINNEAPOLIS,2017,8,657
MINNEAPOLIS,2017,9,570
MINNEAPOLIS,2017,10,609
MINNEAPOLIS,2017,11,519
MINNEAPOLIS,2017,12,600
MINNEAPOLIS,2018,1,663
MINNEAPOLIS,2018,2,549
MINNEAPOLIS,2018,3,479
MINNEAPOLIS,2018,4,464
MINNEAPOLIS,2018,5,576
MINNEAPOLIS,2018,6,537
MINNEAPOLIS,2018,7,626
MINNEAPOLIS,2018,8,574
MINNEAPOLIS,2018,9,576
MINNEAPOLIS,2018,10,614
MINNEAPOLIS,2018,11,547
MINNEAPOLIS,2018,12,507
MINNEAPOLIS,2019,1,625
MINNEAPOLIS,2019,2,491
MINNEAPOLIS,2019,3,498
MINNEAPOLIS,2019,4,553
MINNEAPOLIS,2019,5,574
MINNEAPOLIS,2019,6,583
MINNEAPOLIS,2019,7,620
MINNEAPOLIS,2019,8,604
MINNEAPOLIS,2019,9,614
MINNEAPOLIS,2019,10,604
MINNEAPOLIS,2019,11,528
MINNEAPOLIS,2019,12,592
NASHVILLE,2017,1,715
NASHVILLE,2017,2,700
NASHVILLE,2017,3,630
NASHVILLE,2017,4,681
NASHVILLE,2017,5,887
NASHVILLE,2017,6,821
NASHVILLE,2017,7,1131
NASHVILLE,2017,8,690
NASHVILLE,2017,9,778
NASHVILLE,2017,10,794
NASHVILLE,2017,11,715
NASHVILLE,2017,12,666
NASHVILLE,2018,1,1113
NASHVILLE,2018,2,855
NASHVILLE,2018,3,732
NASHVILLE,2018,4,713
NASHVILLE,2018,5,957
NASHVILLE,2018,6,888
NASHVILLE,2018,7,989
NASHVILLE,2018,8,927
NASHVILLE,2018,9,929
NASHVILLE,2018,10,914
NASHVILLE,2018,11,753
NASHVILLE,2018,12,590
NASHVILLE,2019,1,1283
NASHVILLE,2019,2,815
NASHVILLE,2019,3,744
NASHVILLE,2019,4,872
NASHVILLE,2019,5,924
NASHVILLE,2019,6,845
NASHVILLE,2019,7,976
NASHVILLE,2019,8,1119
NASHVILLE,2019,9,1230
NASHVILLE,2019,10,783
NASHVILLE,2019,11,892
NASHVILLE,2019,12,742
NEWORLEANS,2019,1,584
NEWORLEANS,2019,2,462
NEWORLEANS,2019,3,430
NEWORLEANS,2019,4,459
NEWORLEANS,2019,5,571
NEWORLEANS,2019,6,505
NEWORLEANS,2019,7,550
NEWORLEANS,2019,8,621
NEWORLEANS,2019,9,451
NEWORLEANS,2019,10,636
NEWORLEANS,2019,11,440
NEWORLEANS,2019,12,429
NEWYORK,2016,1,19871
NEWYORK,2016,2,21793
NEWYORK,2016,3,19590
NEWYORK,2016,4,16482
NEWYORK,2016,5,17458
NEWYORK,2016,6,18773
NEWYORK,2016,7,18326
NEWYORK,2016,8,22170
NEWYORK,2016,9,19984
NEWYORK,2016,10,18563
NEWYORK,2016,11,20724
NEWYORK,2016,12,20115
NEWYORK,2017,1,19166
NEWYORK,2017,2,19262
NEWYORK,2017,3,20193
NEWYORK,2017,4,15750
NEWYORK,2017,5,18361
NEWYORK,2017,6,17584
NEWYORK,2017,7,18556
NEWYORK,2017,8,20787
NEWYORK,2017,9,18411
NEWYORK,2017,10,19837
NEWYORK,2017,11,19183
NEWYORK,2017,12,18687
NEWYORK,2018,1,20796
NEWYORK,2018,2,17940
NEWYORK,2018,3,18433
NEWYORK,2018,4,15919
NEWYORK,2018,5,16216
NEWYORK,2018,6,17616
NEWYORK,2018,7,18108
NEWYORK,2018,8,20323
NEWYORK,2018,9,15705
NEWYORK,2018,10,20847
NEWYORK,2018,11,18744
NEWYORK,2018,12,17028
ORLANDO,2012,1,1900
ORLANDO,2012,2,1284
ORLANDO,2012,3,1244
ORLANDO,2012,4,1293
ORLANDO,2012,5,1628
ORLANDO,2012,6,1691
ORLANDO,2012,7,1862
ORLANDO,2012,8,1836
ORLANDO,2012,9,1584
ORLANDO,2012,10,1998
ORLANDO,2012,11,1498
ORLANDO,2012,12,1477
ORLANDO,2013,1,2048
ORLANDO,2013,2,1255
ORLANDO,2013,3,1229
ORLANDO,2013,4,1274
ORLANDO,2013,5,1385
ORLANDO,2013,6,1705
ORLANDO,2013,7,1671
ORLANDO,2013,8,1754
ORLANDO,2013,9,1671
ORLANDO,2013,10,1822
ORLANDO,2013,11,1319
ORLANDO,2013,12,1449
ORLANDO,2014,1,1941
ORLANDO,2014,2,1260
ORLANDO,2014,3,1091
ORLANDO,2014,4,1296
ORLANDO,2014,5,1398
ORLANDO,2014,6,1661
ORLANDO,2014,7,1727
ORLANDO,2014,8,1629
ORLANDO,2014,9,1582
ORLANDO,2014,10,1701
ORLANDO,2014,11,1171
ORLANDO,2014,12,1561
ORLANDO,2015,1,1634
ORLANDO,2015,2,1081
ORLANDO,2015,3,1072
ORLANDO,2015,4,1188
ORLANDO,2015,5,1293
ORLANDO,2015,6,1548
ORLANDO,2015,7,1605
ORLANDO,2015,8,1507
ORLANDO,2015,9,1512
ORLANDO,2015,10,1483
ORLANDO,2015,11,1212
ORLANDO,2015,12,1443
ORLANDO,2016,1,1601
ORLANDO,2016,2,1282
ORLANDO,2016,3,1141
ORLANDO,2016,4,1120
ORLANDO,2016,5,1251
ORLANDO,2016,6,1457
ORLANDO,2016,7,1451
ORLANDO,2016,8,1544
ORLANDO,2016,9,1508
ORLANDO,2016,10,1430
ORLANDO,2016,11,1296
ORLANDO,2016,12,1398
ORLANDO,2017,1,1480
ORLANDO,2017,2,1305
ORLANDO,2017,3,1023
ORLANDO,2017,4,961
ORLANDO,2017,5,1301
ORLANDO,2017,6,1468
ORLANDO,2017,7,1404
ORLANDO,2017,8,1558
ORLANDO,2017,9,1098
ORLANDO,2017,10,1632
ORLANDO,2017,11,1288
ORLANDO,2017,12,1315
ORLANDO,2018,1,1542
ORLANDO,2018,2,1225
ORLANDO,2018,3,1002
ORLANDO,2018,4,1108
ORLANDO,2018,5,1273
ORLANDO,2018,6,1325
ORLANDO,2018,7,1499
ORLANDO,2018,8,1428
ORLANDO,2018,9,1246
ORLANDO,2018,10,1524
ORLANDO,2018,11,1288
ORLANDO,2018,12,1148
ORLANDO,2019,1,1608
ORLANDO,2019,2,1247
ORLANDO,2019,3,1042
ORLANDO,2019,4,1027
ORLANDO,2019,5,1329
ORLANDO,2019,6,1356
ORLANDO,2019,7,1579
ORLANDO,2019,8,1589
ORLANDO,2019,9,1505
ORLANDO,2019,10,1655
ORLANDO,2019,11,1329
ORLANDO,2019,12,1400
PALMBEACH,2012,1,801
PALMBEACH,2012,2,641
PALMBEACH,2012,3,639
PALMBEACH,2012,4,643
PALMBEACH,2012,5,797
PALMBEACH,2012,6,734
PALMBEACH,2012,7,882
PALMBEACH,2012,8,927
PALMBEACH,2012,9,733
PALMBEACH,2012,10,877
PALMBEACH,2012,11,806
PALMBEACH,2012,12,769
PALMBEACH,2013,1,891
PALMBEACH,2013,2,726
PALMBEACH,2013,3,599
PALMBEACH,2013,4,650
PALMBEACH,2013,5,774
PALMBEACH,2013,6,755
PALMBEACH,2013,7,833
PALMBEACH,2013,8,893
PALMBEACH,2013,9,854
PALMBEACH,2013,10,900
PALMBEACH,2013,11,721
PALMBEACH,2013,12,809
PALMBEACH,2014,1,822
PALMBEACH,2014,2,669
PALMBEACH,2014,3,610
PALMBEACH,2014,4,694
PALMBEACH,2014,5,797
PALMBEACH,2014,6,871
PALMBEACH,2014,7,857
PALMBEACH,2014,8,902
PALMBEACH,2014,9,829
PALMBEACH,2014,10,792
PALMBEACH,2014,11,716
PALMBEACH,2014,12,773
PALMBEACH,2015,1,835
PALMBEACH,2015,2,587
PALMBEACH,2015,3,592
PALMBEACH,2015,4,638
PALMBEACH,2015,5,665
PALMBEACH,2015,6,718
PALMBEACH,2015,7,798
PALMBEACH,2015,8,691
PALMBEACH,2015,9,771
PALMBEACH,2015,10,857
PALMBEACH,2015,11,610
PALMBEACH,2015,12,795
PALMBEACH,2016,1,731
PALMBEACH,2016,2,670
PALMBEACH,2016,3,587
PALMBEACH,2016,4,578
PALMBEACH,2016,5,639
PALMBEACH,2016,6,734
PALMBEACH,2016,7,698
PALMBEACH,2016,8,819
PALMBEACH,2016,9,762
PALMBEACH,2016,10,623
PALMBEACH,2016,11,754
PALMBEACH,2016,12,750
PALMBEACH,2017,1,731
PALMBEACH,2017,2,669
PALMBEACH,2017,3,605
PALMBEACH,2017,4,520
PALMBEACH,2017,5,621
PALMBEACH,2017,6,676
PALMBEACH,2017,7,743
PALMBEACH,2017,8,773
PALMBEACH,2017,9,454
PALMBEACH,2017,10,921
PALMBEACH,2017,11,700
PALMBEACH,2017,12,669
PALMBEACH,2018,1,808
PALMBEACH,2018,2,651
PALMBEACH,2018,3,530
PALMBEACH,2018,4,641
PALMBEACH,2018,5,633
PALMBEACH,2018,6,698
PALMBEACH,2018,7,695
PALMBEACH,2018,8,845
PALMBEACH,2018,9,589
PALMBEACH,2018,10,791
PALMBEACH,2018,11,671
PALMBEACH,2018,12,692
PALMBEACH,2019,1,808
PALMBEACH,2019,2,641
PALMBEACH,2019,3,601
PALMBEACH,2019,4,625
PALMBEACH,2019,5,733
PALMBEACH,2019,6,720
PALMBEACH,2019,7,724
PALMBEACH,2019,8,770
PALMBEACH,2019,9,779
PALMBEACH,2019,10,706
PALMBEACH,2019,11,687
PALMBEACH,2019,12,628
PHILADELPHIA,2016,1,3692
PHILADELPHIA,2016,2,3644
PHILADELPHIA,2016,3,3606
PHILADELPHIA,2016,4,2736
PHILADELPHIA,2016,5,3526
PHILADELPHIA,2016,6,3942
PHILADELPHIA,2016,7,3762
PHILADELPHIA,2016,8,4396
PHILADELPHIA,2016,9,4328
PHILADELPHIA,2016,10,3558
PHILADELPHIA,2016,11,3676
PHILADELPHIA,2016,12,3698
PHILADELPHIA,2017,1,3748
PHILADELPHIA,2017,2,3498
PHILADELPHIA,2017,3,3716
PHILADELPHIA,2017,4,2922
PHILADELPHIA,2017,5,3744
PHILADELPHIA,2017,6,4194
PHILADELPHIA,2017,7,3916
PHILADELPHIA,2017,8,4088
PHILADELPHIA,2017,9,4136
PHILADELPHIA,2017,10,4048
PHILADELPHIA,2017,11,3532
PHILADELPHIA,2017,12,3034
PHILADELPHIA,2018,1,3322
PHILADELPHIA,2018,2,3020
PHILADELPHIA,2018,3,2994
PHILADELPHIA,2018,4,2962
PHILADELPHIA,2018,5,3524
PHILADELPHIA,2018,6,3204
PHILADELPHIA,2018,7,3400
PHILADELPHIA,2018,8,3884
PHILADELPHIA,2018,9,2982
PHILADELPHIA,2018,10,4196
PHILADELPHIA,2018,11,3150
PHILADELPHIA,2018,12,3314
PHILADELPHIA,2019,1,3732
PHILADELPHIA,2019,2,3196
PHILADELPHIA,2019,3,3032
PHILADELPHIA,2019,4,2910
PHILADELPHIA,2019,5,2200
PHILADELPHIA,2019,6,3382
PHILADELPHIA,2019,7,4268
PHILADELPHIA,2019,8,3734
PHILADELPHIA,2019,9,3296
PHILADELPHIA,2019,10,3940
PHILADELPHIA,2019,11,3050
PHILADELPHIA,2019,12,3374
PHOENIX,2015,1,5485
PHOENIX,2015,2,4034
PHOENIX,2015,3,4299
PHOENIX,2015,4,4664
PHOENIX,2015,5,5008
PHOENIX,2015,6,5593
PHOENIX,2015,7,5969
PHOENIX,2015,8,5778
PHOENIX,2015,9,5546
PHOENIX,2015,10,5579
PHOENIX,2015,11,4971
PHOENIX,2015,12,5067
PHOENIX,2016,1,5617
PHOENIX,2016,2,4250
PHOENIX,2016,3,3981
PHOENIX,2016,4,4555
PHOENIX,2016,5,4887
PHOENIX,2016,6,5274
PHOENIX,2016,7,5672
PHOENIX,2016,8,5734
PHOENIX,2016,9,5472
PHOENIX,2016,10,5478
PHOENIX,2016,11,5174
PHOENIX,2016,12,5034
PHOENIX,2017,1,5610
PHOENIX,2017,2,4716
PHOENIX,2017,3,3917
PHOENIX,2017,4,4491
PHOENIX,2017,5,5038
PHOENIX,2017,6,5405
PHOENIX,2017,7,5778
PHOENIX,2017,8,5899
PHOENIX,2017,9,5770
PHOENIX,2017,10,5713
PHOENIX,2017,11,5269
PHOENIX,2017,12,5106
PHOENIX,2018,1,5638
PHOENIX,2018,2,4915
PHOENIX,2018,3,4150
PHOENIX,2018,4,4624
PHOENIX,2018,5,5411
PHOENIX,2018,6,5624
PHOENIX,2018,7,5962
PHOENIX,2018,8,6154
PHOENIX,2018,9,5879
PHOENIX,2018,10,6234
PHOENIX,2018,11,5720
PHOENIX,2018,12,5424
PHOENIX,2019,1,6139
PHOENIX,2019,2,5200
PHOENIX,2019,3,4313
PHOENIX,2019,4,4966
PHOENIX,2019,5,5603
PHOENIX,2019,6,5658
PHOENIX,2019,7,6065
PHOENIX,2019,8,6226
PHOENIX,2019,9,6084
PHOENIX,2019,10,6209
PHOENIX,2019,11,5792
PHOENIX,2019,12,5917
PITTSBURGH,2016,1,1135
PITTSBURGH,2016,2,997
PITTSBURGH,2016,3,986
PITTSBURGH,2016,4,1059
PITTSBURGH,2016,5,1132
PITTSBURGH,2016,6,1138
PITTSBURGH,2016,7,1255
PITTSBURGH,2016,8,1307
PITTSBURGH,2016,9,1141
PITTSBURGH,2016,10,1248
PITTSBURGH,2016,11,1057
PITTSBURGH,2016,12,889
PITTSBURGH,2017,1,1346
PITTSBURGH,2017,2,1108
PITTSBURGH,2017,3,1135
PITTSBURGH,2017,4,954
PITTSBURGH,2017,5,1200
PITTSBURGH,2017,6,1343
PITTSBURGH,2017,7,1283
PITTSBURGH,2017,8,1449
PITTSBURGH,2017,9,1088
PITTSBURGH,2017,10,1259
PITTSBURGH,2017,11,1097
PITTSBURGH,2017,12,877
PITTSBURGH,2018,1,1213
PITTSBURGH,2018,2,1065
PITTSBURGH,2018,3,946
PITTSBURGH,2018,4,988
PITTSBURGH,2018,5,1251
PITTSBURGH,2018,6,1117
PITTSBURGH,2018,7,1209
PITTSBURGH,2018,8,1336
PITTSBURGH,2018,9,1108
PITTSBURGH,2018,10,1239
PITTSBURGH,2018,11,1038
PITTSBURGH,2018,12,933
PITTSBURGH,2019,1,1252
PITTSBURGH,2019,2,980
PITTSBURGH,2019,3,987
PITTSBURGH,2019,4,947
PITTSBURGH,2019,5,1080
PITTSBURGH,2019,6,1067
PITTSBURGH,2019,7,1291
PITTSBURGH,2019,8,1227
PITTSBURGH,2019,9,1145
PITTSBURGH,2019,10,1155
PITTSBURGH,2019,11,973
PITTSBURGH,2019,12,917
PROVIDENCE,2016,1,1052
PROVIDENCE,2016,2,982
PROVIDENCE,2016,3,1048
PROVIDENCE,2016,4,848
PROVIDENCE,2016,5,1038
PROVIDENCE,2016,6,1084
PROVIDENCE,2016,7,1194
PROVIDENCE,2016,8,1284
PROVIDENCE,2016,9,1186
PROVIDENCE,2016,10,996
PROVIDENCE,2016,11,960
PROVIDENCE,2016,12,938
PROVIDENCE,2017,1,1206
PROVIDENCE,2017,2,952
PROVIDENCE,2017,3,894
PROVIDENCE,2017,4,776
PROVIDENCE,2017,5,1098
PROVIDENCE,2017,6,1046
PROVIDENCE,2017,7,1054
PROVIDENCE,2017,8,1318
PROVIDENCE,2017,9,1088
PROVIDENCE,2017,10,1356
PROVIDENCE,2017,11,1070
PROVIDENCE,2017,12,924
PROVIDENCE,2018,1,1220
PROVIDENCE,2018,2,1096
PROVIDENCE,2018,3,916
PROVIDENCE,2018,4,910
PROVIDENCE,2018,5,1030
PROVIDENCE,2018,6,1036
PROVIDENCE,2018,7,1222
PROVIDENCE,2018,8,1214
PROVIDENCE,2018,9,1010
PROVIDENCE,2018,10,1240
PROVIDENCE,2018,11,1042
PROVIDENCE,2018,12,836
PROVIDENCE,2019,1,1256
PROVIDENCE,2019,2,848
PROVIDENCE,2019,3,986
PROVIDENCE,2019,4,928
PROVIDENCE,2019,5,1008
PROVIDENCE,2019,6,974
PROVIDENCE,2019,7,1370
PROVIDENCE,2019,8,1040
PROVIDENCE,2019,9,1162
PROVIDENCE,2019,10,1094
PROVIDENCE,2019,11,824
PROVIDENCE,2019,12,852
RICHMOND,2016,1,4708
RICHMOND,2016,2,3840
RICHMOND,2016,3,3214
RICHMOND,2016,4,3782
RICHMOND,2016,5,4186
RICHMOND,2016,6,4674
RICHMOND,2016,7,4560
RICHMOND,2016,8,4030
RICHMOND,2016,9,4716
RICHMOND,2016,10,4384
RICHMOND,2016,11,4168
RICHMOND,2016,12,4192
RICHMOND,2017,1,5139
RICHMOND,2017,2,4182
RICHMOND,2017,3,3448
RICHMOND,2017,4,3602
RICHMOND,2017,5,3992
RICHMOND,2017,6,4640
RICHMOND,2017,7,4357
RICHMOND,2017,8,4468
RICHMOND,2017,9,4620
RICHMOND,2017,10,4434
RICHMOND,2017,11,3816
RICHMOND,2017,12,3982
RICHMOND,2018,1,4588
RICHMOND,2018,2,4140
RICHMOND,2018,3,3682
RICHMOND,2018,4,3636
RICHMOND,2018,5,3762
RICHMOND,2018,6,4584
RICHMOND,2018,7,4324
RICHMOND,2018,8,4224
RICHMOND,2018,9,4144
RICHMOND,2018,10,4280
RICHMOND,2018,11,4124
RICHMOND,2018,12,3354
RICHMOND,2019,1,4866
RICHMOND,2019,2,3674
RICHMOND,2019,3,3458
RICHMOND,2019,4,2970
RICHMOND,2019,5,3732
RICHMOND,2019,6,3662
RICHMOND,2019,7,4000
RICHMOND,2019,8,3854
RICHMOND,2019,9,4022
RICHMOND,2019,10,3730
RICHMOND,2019,11,3444
RICHMOND,2019,12,2862
SOUTHBEND,2016,1,310
SOUTHBEND,2016,2,186
SOUTHBEND,2016,3,204
SOUTHBEND,2016,4,219
SOUTHBEND,2016,5,237
SOUTHBEND,2016,6,315
SOUTHBEND,2016,7,286
SOUTHBEND,2016,8,288
SOUTHBEND,2016,9,328
SOUTHBEND,2016,10,229
SOUTHBEND,2016,11,280
SOUTHBEND,2016,12,250
SOUTHBEND,2017,1,317
SOUTHBEND,2017,2,307
SOUTHBEND,2017,3,226
SOUTHBEND,2017,4,234
SOUTHBEND,2017,5,296
SOUTHBEND,2017,6,272
SOUTHBEND,2017,7,262
SOUTHBEND,2017,8,237
SOUTHBEND,2017,9,215
SOUTHBEND,2017,10,246
SOUTHBEND,2017,11,183
SOUTHBEND,2017,12,167
SOUTHBEND,2018,1,273
SOUTHBEND,2018,2,233
SOUTHBEND,2018,3,232
SOUTHBEND,2018,4,265
SOUTHBEND,2018,5,282
SOUTHBEND,2018,6,324
SOUTHBEND,2018,7,336
SOUTHBEND,2018,8,287
SOUTHBEND,2018,9,236
SOUTHBEND,2018,10,283
SOUTHBEND,2018,11,262
SOUTHBEND,2018,12,147
SOUTHBEND,2019,1,234
SOUTHBEND,2019,2,240
SOUTHBEND,2019,3,242
SOUTHBEND,2019,4,229
SOUTHBEND,2019,5,248
SOUTHBEND,2019,6,224
SOUTHBEND,2019,7,245
SOUTHBEND,2019,8,308
SOUTHBEND,2019,9,272
SOUTHBEND,2019,10,289
SOUTHBEND,2019,11,290
SOUTHBEND,2019,12,175
STLOUIS,2012,1,2679
STLOUIS,2012,2,2623
STLOUIS,2012,3,2345
STLOUIS,2012,4,2337
STLOUIS,2012,5,3195
STLOUIS,2012,6,3178
STLOUIS,2012,7,3212
STLOUIS,2012,8,3175
STLOUIS,2012,9,2724
STLOUIS,2012,10,2851
STLOUIS,2012,11,2321
STLOUIS,2012,12,2125
STLOUIS,2013,1,2518
STLOUIS,2013,2,1851
STLOUIS,2013,3,2045
STLOUIS,2013,4,2299
STLOUIS,2013,5,2322
STLOUIS,2013,6,2681
STLOUIS,2013,7,2846
STLOUIS,2013,8,2957
STLOUIS,2013,9,2600
STLOUIS,2013,10,2822
STLOUIS,2013,11,2240
STLOUIS,2013,12,2036
STLOUIS,2014,1,1548
STLOUIS,2014,2,1139
STLOUIS,2014,3,1233
STLOUIS,2014,4,1180
STLOUIS,2014,5,1308
STLOUIS,2014,6,1489
STLOUIS,2014,7,1669
STLOUIS,2014,8,1408
STLOUIS,2014,9,1572
STLOUIS,2014,10,1293
STLOUIS,2014,11,1182
STLOUIS,2014,12,1179
STLOUIS,2015,1,1861
STLOUIS,2015,2,1424
STLOUIS,2015,3,1383
STLOUIS,2015,4,1711
STLOUIS,2015,5,1690
STLOUIS,2015,6,1780
STLOUIS,2015,7,2001
STLOUIS,2015,8,1810
STLOUIS,2015,9,2028
STLOUIS,2015,10,1906
STLOUIS,2015,11,1754
STLOUIS,2015,12,1925
STLOUIS,2016,1,556
STLOUIS,2016,2,271
STLOUIS,2016,3,397
STLOUIS,2016,4,503
STLOUIS,2016,5,514
STLOUIS,2016,6,526
STLOUIS,2016,7,449
STLOUIS,2016,8,601
STLOUIS,2016,9,492
STLOUIS,2016,10,229
STLOUIS,2016,11,418
STLOUIS,2016,12,334
TAMPA,2012,1,1804
TAMPA,2012,2,1265
TAMPA,2012,3,1241
TAMPA,2012,4,1394
TAMPA,2012,5,1604
TAMPA,2012,6,1716
TAMPA,2012,7,1778
TAMPA,2012,8,1869
TAMPA,2012,9,1752
TAMPA,2012,10,1906
TAMPA,2012,11,1534
TAMPA,2012,12,1500
TAMPA,2013,1,1956
TAMPA,2013,2,1452
TAMPA,2013,3,1347
TAMPA,2013,4,1395
TAMPA,2013,5,1566
TAMPA,2013,6,1593
TAMPA,2013,7,2005
TAMPA,2013,8,1953
TAMPA,2013,9,1789
TAMPA,2013,10,1968
TAMPA,2013,11,1523
TAMPA,2013,12,1654
TAMPA,2014,1,1965
TAMPA,2014,2,1395
TAMPA,2014,3,1293
TAMPA,2014,4,1439
TAMPA,2014,5,1572
TAMPA,2014,6,1774
TAMPA,2014,7,1894
TAMPA,2014,8,1716
TAMPA,2014,9,1853
TAMPA,2014,10,1770
TAMPA,2014,11,1337
TAMPA,2014,12,1623
TAMPA,2015,1,1762
TAMPA,2015,2,1258
TAMPA,2015,3,1313
TAMPA,2015,4,1414
TAMPA,2015,5,1438
TAMPA,2015,6,1815
TAMPA,2015,7,1871
TAMPA,2015,8,1497
TAMPA,2015,9,1663
TAMPA,2015,10,1609
TAMPA,2015,11,1347
TAMPA,2015,12,1492
TAMPA,2016,1,3211
TAMPA,2016,2,2626
TAMPA,2016,3,2640
TAMPA,2016,4,2647
TAMPA,2016,5,3009
TAMPA,2016,6,3183
TAMPA,2016,7,3272
TAMPA,2016,8,3390
TAMPA,2016,9,3330
TAMPA,2016,10,2953
TAMPA,2016,11,2872
TAMPA,2016,12,3016
TAMPA,2017,1,3270
TAMPA,2017,2,2679
TAMPA,2017,3,2606
TAMPA,2017,4,2384
TAMPA,2017,5,3055
TAMPA,2017,6,3267
TAMPA,2017,7,2950
TAMPA,2017,8,3382
TAMPA,2017,9,2597
TAMPA,2017,10,3745
TAMPA,2017,11,2760
TAMPA,2017,12,2745
TAMPA,2018,1,3531
TAMPA,2018,2,2546
TAMPA,2018,3,2281
TAMPA,2018,4,2412
TAMPA,2018,5,2817
TAMPA,2018,6,3039
TAMPA,2018,7,3227
TAMPA,2018,8,3496
TAMPA,2018,9,2664
TAMPA,2018,10,3397
TAMPA,2018,11,2656
TAMPA,2018,12,2750
TAMPA,2019,1,3261
TAMPA,2019,2,2556
TAMPA,2019,3,2131
TAMPA,2019,4,2560
TAMPA,2019,5,2871
TAMPA,2019,6,2820
TAMPA,2019,7,3105
TAMPA,2019,8,3336
TAMPA,2019,9,2995
TAMPA,2019,10,3181
TAMPA,2019,11,2575
TAMPA,2019,12,2866
WILMINGTON,2016,1,1047
WILMINGTON,2016,2,755
WILMINGTON,2016,3,757
WILMINGTON,2016,4,852
WILMINGTON,2016,5,909
WILMINGTON,2016,6,972
WILMINGTON,2016,7,929
WILMINGTON,2016,8,1004
WILMINGTON,2016,9,1033
WILMINGTON,2016,10,1018
WILMINGTON,2016,11,853
WILMINGTON,2016,12,927
WILMINGTON,2017,1,905
WILMINGTON,2017,2,865
WILMINGTON,2017,3,738
WILMINGTON,2017,4,828
WILMINGTON,2017,5,969
WILMINGTON,2017,6,1098
WILMINGTON,2017,7,939
WILMINGTON,2017,8,1111
WILMINGTON,2017,9,1013
WILMINGTON,2017,10,982
WILMINGTON,2017,11,915
WILMINGTON,2017,12,861
WILMINGTON,2018,1,985
WILMINGTON,2018,2,1003
WILMINGTON,2018,3,793
WILMINGTON,2018,4,849
WILMINGTON,2018,5,936
WILMINGTON,2018,6,987
WILMINGTON,2018,7,941
WILMINGTON,2018,8,1123
WILMINGTON,2018,9,981
WILMINGTON,2018,10,1106
WILMINGTON,2018,11,849
WILMINGTON,2018,12,901
WILMINGTON,2019,1,1039
WILMINGTON,2019,2,1039
WILMINGTON,2019,3,779
WILMINGTON,2019,4,880
WILMINGTON,2019,5,951
WILMINGTON,2019,6,857
WILMINGTON,2019,7,1105
WILMINGTON,2019,8,1012
WILMINGTON,2019,9,965
WILMINGTON,2019,10,949
WILMINGTON,2019,11,921
WILMINGTON,2019,12,966
