"","option","panel_choice","estimand","target_h","effect_size","power","mean_est","mean_se","n_sims","n_units","n_clusters","n_switchers","start_date","end_date","n_states"
"1","A1","counties","overall_att",NA,0,NA,NA,NA,1000,471,10,3,2016-01-01,2025-09-01,10
"2","A1","counties","overall_att",NA,0.25,NA,NA,NA,1000,471,10,3,2016-01-01,2025-09-01,10
"3","A1","counties","overall_att",NA,0.5,NA,NA,NA,1000,471,10,3,2016-01-01,2025-09-01,10
"4","A1","counties","overall_att",NA,0.75,NA,NA,NA,1000,471,10,3,2016-01-01,2025-09-01,10
"5","A1","counties","overall_att",NA,1,NA,NA,NA,1000,471,10,3,2016-01-01,2025-09-01,10
"6","A1","counties","overall_att",NA,1.25,NA,NA,NA,1000,471,10,3,2016-01-01,2025-09-01,10
"7","A1","counties","overall_att",NA,1.5,NA,NA,NA,1000,471,10,3,2016-01-01,2025-09-01,10
"8","A1","counties","overall_att",NA,2,NA,NA,NA,1000,471,10,3,2016-01-01,2025-09-01,10
"9","A1","counties","overall_att",NA,2.5,NA,NA,NA,1000,471,10,3,2016-01-01,2025-09-01,10
"10","A1","counties","overall_att",NA,3,NA,NA,NA,1000,471,10,3,2016-01-01,2025-09-01,10
"11","A1","counties","overall_att",NA,0,NA,NA,NA,1000,410,10,5,2016-01-01,2025-09-01,10
"12","A1","counties","overall_att",NA,0.25,NA,NA,NA,1000,410,10,5,2016-01-01,2025-09-01,10
"13","A1","counties","overall_att",NA,0.5,NA,NA,NA,1000,410,10,5,2016-01-01,2025-09-01,10
"14","A1","counties","overall_att",NA,0.75,NA,NA,NA,1000,410,10,5,2016-01-01,2025-09-01,10
"15","A1","counties","overall_att",NA,1,NA,NA,NA,1000,410,10,5,2016-01-01,2025-09-01,10
"16","A1","counties","overall_att",NA,1.25,NA,NA,NA,1000,410,10,5,2016-01-01,2025-09-01,10
"17","A1","counties","overall_att",NA,1.5,NA,NA,NA,1000,410,10,5,2016-01-01,2025-09-01,10
"18","A1","counties","overall_att",NA,2,NA,NA,NA,1000,410,10,5,2016-01-01,2025-09-01,10
"19","A1","counties","overall_att",NA,2.5,NA,NA,NA,1000,410,10,5,2016-01-01,2025-09-01,10
"20","A1","counties","overall_att",NA,3,NA,NA,NA,1000,410,10,5,2016-01-01,2025-09-01,10
"21","A1","counties","overall_att",NA,0,NA,NA,NA,1000,399,10,8,2016-01-01,2025-09-01,10
"22","A1","counties","overall_att",NA,0.25,NA,NA,NA,1000,399,10,8,2016-01-01,2025-09-01,10
"23","A1","counties","overall_att",NA,0.5,NA,NA,NA,1000,399,10,8,2016-01-01,2025-09-01,10
"24","A1","counties","overall_att",NA,0.75,NA,NA,NA,1000,399,10,8,2016-01-01,2025-09-01,10
"25","A1","counties","overall_att",NA,1,NA,NA,NA,1000,399,10,8,2016-01-01,2025-09-01,10
"26","A1","counties","overall_att",NA,1.25,NA,NA,NA,1000,399,10,8,2016-01-01,2025-09-01,10
"27","A1","counties","overall_att",NA,1.5,NA,NA,NA,1000,399,10,8,2016-01-01,2025-09-01,10
"28","A1","counties","overall_att",NA,2,NA,NA,NA,1000,399,10,8,2016-01-01,2025-09-01,10
"29","A1","counties","overall_att",NA,2.5,NA,NA,NA,1000,399,10,8,2016-01-01,2025-09-01,10
"30","A1","counties","overall_att",NA,3,NA,NA,NA,1000,399,10,8,2016-01-01,2025-09-01,10
"31","A1","counties","overall_att",NA,0,NA,NA,NA,1000,773,15,3,2016-01-01,2025-09-01,15
"32","A1","counties","overall_att",NA,0.25,NA,NA,NA,1000,773,15,3,2016-01-01,2025-09-01,15
"33","A1","counties","overall_att",NA,0.5,NA,NA,NA,1000,773,15,3,2016-01-01,2025-09-01,15
"34","A1","counties","overall_att",NA,0.75,NA,NA,NA,1000,773,15,3,2016-01-01,2025-09-01,15
"35","A1","counties","overall_att",NA,1,NA,NA,NA,1000,773,15,3,2016-01-01,2025-09-01,15
"36","A1","counties","overall_att",NA,1.25,NA,NA,NA,1000,773,15,3,2016-01-01,2025-09-01,15
"37","A1","counties","overall_att",NA,1.5,NA,NA,NA,1000,773,15,3,2016-01-01,2025-09-01,15
"38","A1","counties","overall_att",NA,2,NA,NA,NA,1000,773,15,3,2016-01-01,2025-09-01,15
"39","A1","counties","overall_att",NA,2.5,NA,NA,NA,1000,773,15,3,2016-01-01,2025-09-01,15
"40","A1","counties","overall_att",NA,3,NA,NA,NA,1000,773,15,3,2016-01-01,2025-09-01,15
"41","A1","counties","overall_att",NA,0,NA,NA,NA,1000,626,15,5,2016-01-01,2025-09-01,15
"42","A1","counties","overall_att",NA,0.25,NA,NA,NA,1000,626,15,5,2016-01-01,2025-09-01,15
"43","A1","counties","overall_att",NA,0.5,NA,NA,NA,1000,626,15,5,2016-01-01,2025-09-01,15
"44","A1","counties","overall_att",NA,0.75,NA,NA,NA,1000,626,15,5,2016-01-01,2025-09-01,15
"45","A1","counties","overall_att",NA,1,NA,NA,NA,1000,626,15,5,2016-01-01,2025-09-01,15
"46","A1","counties","overall_att",NA,1.25,NA,NA,NA,1000,626,15,5,2016-01-01,2025-09-01,15
"47","A1","counties","overall_att",NA,1.5,NA,NA,NA,1000,626,15,5,2016-01-01,2025-09-01,15
"48","A1","counties","overall_att",NA,2,NA,NA,NA,1000,626,15,5,2016-01-01,2025-09-01,15
"49","A1","counties","overall_att",NA,2.5,NA,NA,NA,1000,626,15,5,2016-01-01,2025-09-01,15
"50","A1","counties","overall_att",NA,3,NA,NA,NA,1000,626,15,5,2016-01-01,2025-09-01,15
"51","A1","counties","overall_att",NA,0,NA,NA,NA,1000,621,15,8,2016-01-01,2025-09-01,15
"52","A1","counties","overall_att",NA,0.25,NA,NA,NA,1000,621,15,8,2016-01-01,2025-09-01,15
"53","A1","counties","overall_att",NA,0.5,NA,NA,NA,1000,621,15,8,2016-01-01,2025-09-01,15
"54","A1","counties","overall_att",NA,0.75,NA,NA,NA,1000,621,15,8,2016-01-01,2025-09-01,15
"55","A1","counties","overall_att",NA,1,NA,NA,NA,1000,621,15,8,2016-01-01,2025-09-01,15
"56","A1","counties","overall_att",NA,1.25,NA,NA,NA,1000,621,15,8,2016-01-01,2025-09-01,15
"57","A1","counties","overall_att",NA,1.5,NA,NA,NA,1000,621,15,8,2016-01-01,2025-09-01,15
"58","A1","counties","overall_att",NA,2,NA,NA,NA,1000,621,15,8,2016-01-01,2025-09-01,15
"59","A1","counties","overall_att",NA,2.5,NA,NA,NA,1000,621,15,8,2016-01-01,2025-09-01,15
"60","A1","counties","overall_att",NA,3,NA,NA,NA,1000,621,15,8,2016-01-01,2025-09-01,15
"61","A1","counties","overall_att",NA,0,NA,NA,NA,1000,401,15,10,2016-01-01,2025-09-01,15
"62","A1","counties","overall_att",NA,0.25,NA,NA,NA,1000,401,15,10,2016-01-01,2025-09-01,15
"63","A1","counties","overall_att",NA,0.5,NA,NA,NA,1000,401,15,10,2016-01-01,2025-09-01,15
"64","A1","counties","overall_att",NA,0.75,NA,NA,NA,1000,401,15,10,2016-01-01,2025-09-01,15
"65","A1","counties","overall_att",NA,1,NA,NA,NA,1000,401,15,10,2016-01-01,2025-09-01,15
"66","A1","counties","overall_att",NA,1.25,NA,NA,NA,1000,401,15,10,2016-01-01,2025-09-01,15
"67","A1","counties","overall_att",NA,1.5,NA,NA,NA,1000,401,15,10,2016-01-01,2025-09-01,15
"68","A1","counties","overall_att",NA,2,NA,NA,NA,1000,401,15,10,2016-01-01,2025-09-01,15
"69","A1","counties","overall_att",NA,2.5,NA,NA,NA,1000,401,15,10,2016-01-01,2025-09-01,15
"70","A1","counties","overall_att",NA,3,NA,NA,NA,1000,401,15,10,2016-01-01,2025-09-01,15
"71","A1","counties","overall_att",NA,0,NA,NA,NA,1000,595,15,12,2016-01-01,2025-09-01,15
"72","A1","counties","overall_att",NA,0.25,NA,NA,NA,1000,595,15,12,2016-01-01,2025-09-01,15
"73","A1","counties","overall_att",NA,0.5,NA,NA,NA,1000,595,15,12,2016-01-01,2025-09-01,15
"74","A1","counties","overall_att",NA,0.75,NA,NA,NA,1000,595,15,12,2016-01-01,2025-09-01,15
"75","A1","counties","overall_att",NA,1,NA,NA,NA,1000,595,15,12,2016-01-01,2025-09-01,15
"76","A1","counties","overall_att",NA,1.25,NA,NA,NA,1000,595,15,12,2016-01-01,2025-09-01,15
"77","A1","counties","overall_att",NA,1.5,NA,NA,NA,1000,595,15,12,2016-01-01,2025-09-01,15
"78","A1","counties","overall_att",NA,2,NA,NA,NA,1000,595,15,12,2016-01-01,2025-09-01,15
"79","A1","counties","overall_att",NA,2.5,NA,NA,NA,1000,595,15,12,2016-01-01,2025-09-01,15
"80","A1","counties","overall_att",NA,3,NA,NA,NA,1000,595,15,12,2016-01-01,2025-09-01,15
"81","A1","counties","overall_att",NA,0,NA,NA,NA,1000,809,20,3,2016-01-01,2025-09-01,20
"82","A1","counties","overall_att",NA,0.25,NA,NA,NA,1000,809,20,3,2016-01-01,2025-09-01,20
"83","A1","counties","overall_att",NA,0.5,NA,NA,NA,1000,809,20,3,2016-01-01,2025-09-01,20
"84","A1","counties","overall_att",NA,0.75,NA,NA,NA,1000,809,20,3,2016-01-01,2025-09-01,20
"85","A1","counties","overall_att",NA,1,NA,NA,NA,1000,809,20,3,2016-01-01,2025-09-01,20
"86","A1","counties","overall_att",NA,1.25,NA,NA,NA,1000,809,20,3,2016-01-01,2025-09-01,20
"87","A1","counties","overall_att",NA,1.5,NA,NA,NA,1000,809,20,3,2016-01-01,2025-09-01,20
"88","A1","counties","overall_att",NA,2,NA,NA,NA,1000,809,20,3,2016-01-01,2025-09-01,20
"89","A1","counties","overall_att",NA,2.5,NA,NA,NA,1000,809,20,3,2016-01-01,2025-09-01,20
"90","A1","counties","overall_att",NA,3,NA,NA,NA,1000,809,20,3,2016-01-01,2025-09-01,20
"91","A1","counties","overall_att",NA,0,NA,NA,NA,1000,932,20,5,2016-01-01,2025-09-01,20
"92","A1","counties","overall_att",NA,0.25,NA,NA,NA,1000,932,20,5,2016-01-01,2025-09-01,20
"93","A1","counties","overall_att",NA,0.5,NA,NA,NA,1000,932,20,5,2016-01-01,2025-09-01,20
"94","A1","counties","overall_att",NA,0.75,NA,NA,NA,1000,932,20,5,2016-01-01,2025-09-01,20
"95","A1","counties","overall_att",NA,1,NA,NA,NA,1000,932,20,5,2016-01-01,2025-09-01,20
"96","A1","counties","overall_att",NA,1.25,NA,NA,NA,1000,932,20,5,2016-01-01,2025-09-01,20
"97","A1","counties","overall_att",NA,1.5,NA,NA,NA,1000,932,20,5,2016-01-01,2025-09-01,20
"98","A1","counties","overall_att",NA,2,NA,NA,NA,1000,932,20,5,2016-01-01,2025-09-01,20
"99","A1","counties","overall_att",NA,2.5,NA,NA,NA,1000,932,20,5,2016-01-01,2025-09-01,20
"100","A1","counties","overall_att",NA,3,NA,NA,NA,1000,932,20,5,2016-01-01,2025-09-01,20
"101","A1","counties","overall_att",NA,0,NA,NA,NA,1000,847,20,8,2016-01-01,2025-09-01,20
"102","A1","counties","overall_att",NA,0.25,NA,NA,NA,1000,847,20,8,2016-01-01,2025-09-01,20
"103","A1","counties","overall_att",NA,0.5,NA,NA,NA,1000,847,20,8,2016-01-01,2025-09-01,20
"104","A1","counties","overall_att",NA,0.75,NA,NA,NA,1000,847,20,8,2016-01-01,2025-09-01,20
"105","A1","counties","overall_att",NA,1,NA,NA,NA,1000,847,20,8,2016-01-01,2025-09-01,20
"106","A1","counties","overall_att",NA,1.25,NA,NA,NA,1000,847,20,8,2016-01-01,2025-09-01,20
"107","A1","counties","overall_att",NA,1.5,NA,NA,NA,1000,847,20,8,2016-01-01,2025-09-01,20
"108","A1","counties","overall_att",NA,2,NA,NA,NA,1000,847,20,8,2016-01-01,2025-09-01,20
"109","A1","counties","overall_att",NA,2.5,NA,NA,NA,1000,847,20,8,2016-01-01,2025-09-01,20
"110","A1","counties","overall_att",NA,3,NA,NA,NA,1000,847,20,8,2016-01-01,2025-09-01,20
"111","A1","counties","overall_att",NA,0,NA,NA,NA,1000,768,20,10,2016-01-01,2025-09-01,20
"112","A1","counties","overall_att",NA,0.25,NA,NA,NA,1000,768,20,10,2016-01-01,2025-09-01,20
"113","A1","counties","overall_att",NA,0.5,NA,NA,NA,1000,768,20,10,2016-01-01,2025-09-01,20
"114","A1","counties","overall_att",NA,0.75,NA,NA,NA,1000,768,20,10,2016-01-01,2025-09-01,20
"115","A1","counties","overall_att",NA,1,NA,NA,NA,1000,768,20,10,2016-01-01,2025-09-01,20
"116","A1","counties","overall_att",NA,1.25,NA,NA,NA,1000,768,20,10,2016-01-01,2025-09-01,20
"117","A1","counties","overall_att",NA,1.5,NA,NA,NA,1000,768,20,10,2016-01-01,2025-09-01,20
"118","A1","counties","overall_att",NA,2,NA,NA,NA,1000,768,20,10,2016-01-01,2025-09-01,20
"119","A1","counties","overall_att",NA,2.5,NA,NA,NA,1000,768,20,10,2016-01-01,2025-09-01,20
"120","A1","counties","overall_att",NA,3,NA,NA,NA,1000,768,20,10,2016-01-01,2025-09-01,20
"121","A1","counties","overall_att",NA,0,NA,NA,NA,1000,881,20,12,2016-01-01,2025-09-01,20
"122","A1","counties","overall_att",NA,0.25,NA,NA,NA,1000,881,20,12,2016-01-01,2025-09-01,20
"123","A1","counties","overall_att",NA,0.5,NA,NA,NA,1000,881,20,12,2016-01-01,2025-09-01,20
"124","A1","counties","overall_att",NA,0.75,NA,NA,NA,1000,881,20,12,2016-01-01,2025-09-01,20
"125","A1","counties","overall_att",NA,1,NA,NA,NA,1000,881,20,12,2016-01-01,2025-09-01,20
"126","A1","counties","overall_att",NA,1.25,NA,NA,NA,1000,881,20,12,2016-01-01,2025-09-01,20
"127","A1","counties","overall_att",NA,1.5,NA,NA,NA,1000,881,20,12,2016-01-01,2025-09-01,20
"128","A1","counties","overall_att",NA,2,NA,NA,NA,1000,881,20,12,2016-01-01,2025-09-01,20
"129","A1","counties","overall_att",NA,2.5,NA,NA,NA,1000,881,20,12,2016-01-01,2025-09-01,20
"130","A1","counties","overall_att",NA,3,NA,NA,NA,1000,881,20,12,2016-01-01,2025-09-01,20
"131","A1","counties","overall_att",NA,0,NA,NA,NA,1000,773,20,15,2016-01-01,2025-09-01,20
"132","A1","counties","overall_att",NA,0.25,NA,NA,NA,1000,773,20,15,2016-01-01,2025-09-01,20
"133","A1","counties","overall_att",NA,0.5,NA,NA,NA,1000,773,20,15,2016-01-01,2025-09-01,20
"134","A1","counties","overall_att",NA,0.75,NA,NA,NA,1000,773,20,15,2016-01-01,2025-09-01,20
"135","A1","counties","overall_att",NA,1,NA,NA,NA,1000,773,20,15,2016-01-01,2025-09-01,20
"136","A1","counties","overall_att",NA,1.25,NA,NA,NA,1000,773,20,15,2016-01-01,2025-09-01,20
"137","A1","counties","overall_att",NA,1.5,NA,NA,NA,1000,773,20,15,2016-01-01,2025-09-01,20
"138","A1","counties","overall_att",NA,2,NA,NA,NA,1000,773,20,15,2016-01-01,2025-09-01,20
"139","A1","counties","overall_att",NA,2.5,NA,NA,NA,1000,773,20,15,2016-01-01,2025-09-01,20
"140","A1","counties","overall_att",NA,3,NA,NA,NA,1000,773,20,15,2016-01-01,2025-09-01,20
"141","A1","counties","overall_att",NA,0,NA,NA,NA,1000,1106,25,3,2016-01-01,2025-09-01,25
"142","A1","counties","overall_att",NA,0.25,NA,NA,NA,1000,1106,25,3,2016-01-01,2025-09-01,25
"143","A1","counties","overall_att",NA,0.5,NA,NA,NA,1000,1106,25,3,2016-01-01,2025-09-01,25
"144","A1","counties","overall_att",NA,0.75,NA,NA,NA,1000,1106,25,3,2016-01-01,2025-09-01,25
"145","A1","counties","overall_att",NA,1,NA,NA,NA,1000,1106,25,3,2016-01-01,2025-09-01,25
"146","A1","counties","overall_att",NA,1.25,NA,NA,NA,1000,1106,25,3,2016-01-01,2025-09-01,25
"147","A1","counties","overall_att",NA,1.5,NA,NA,NA,1000,1106,25,3,2016-01-01,2025-09-01,25
"148","A1","counties","overall_att",NA,2,NA,NA,NA,1000,1106,25,3,2016-01-01,2025-09-01,25
"149","A1","counties","overall_att",NA,2.5,NA,NA,NA,1000,1106,25,3,2016-01-01,2025-09-01,25
"150","A1","counties","overall_att",NA,3,NA,NA,NA,1000,1106,25,3,2016-01-01,2025-09-01,25
"151","A1","counties","overall_att",NA,0,NA,NA,NA,1000,1091,25,5,2016-01-01,2025-09-01,25
"152","A1","counties","overall_att",NA,0.25,NA,NA,NA,1000,1091,25,5,2016-01-01,2025-09-01,25
"153","A1","counties","overall_att",NA,0.5,NA,NA,NA,1000,1091,25,5,2016-01-01,2025-09-01,25
"154","A1","counties","overall_att",NA,0.75,NA,NA,NA,1000,1091,25,5,2016-01-01,2025-09-01,25
"155","A1","counties","overall_att",NA,1,NA,NA,NA,1000,1091,25,5,2016-01-01,2025-09-01,25
"156","A1","counties","overall_att",NA,1.25,NA,NA,NA,1000,1091,25,5,2016-01-01,2025-09-01,25
"157","A1","counties","overall_att",NA,1.5,NA,NA,NA,1000,1091,25,5,2016-01-01,2025-09-01,25
"158","A1","counties","overall_att",NA,2,NA,NA,NA,1000,1091,25,5,2016-01-01,2025-09-01,25
"159","A1","counties","overall_att",NA,2.5,NA,NA,NA,1000,1091,25,5,2016-01-01,2025-09-01,25
"160","A1","counties","overall_att",NA,3,NA,NA,NA,1000,1091,25,5,2016-01-01,2025-09-01,25
"161","A1","counties","overall_att",NA,0,NA,NA,NA,1000,1178,25,8,2016-01-01,2025-09-01,25
"162","A1","counties","overall_att",NA,0.25,NA,NA,NA,1000,1178,25,8,2016-01-01,2025-09-01,25
"163","A1","counties","overall_att",NA,0.5,NA,NA,NA,1000,1178,25,8,2016-01-01,2025-09-01,25
"164","A1","counties","overall_att",NA,0.75,NA,NA,NA,1000,1178,25,8,2016-01-01,2025-09-01,25
"165","A1","counties","overall_att",NA,1,NA,NA,NA,1000,1178,25,8,2016-01-01,2025-09-01,25
"166","A1","counties","overall_att",NA,1.25,NA,NA,NA,1000,1178,25,8,2016-01-01,2025-09-01,25
"167","A1","counties","overall_att",NA,1.5,NA,NA,NA,1000,1178,25,8,2016-01-01,2025-09-01,25
"168","A1","counties","overall_att",NA,2,NA,NA,NA,1000,1178,25,8,2016-01-01,2025-09-01,25
"169","A1","counties","overall_att",NA,2.5,NA,NA,NA,1000,1178,25,8,2016-01-01,2025-09-01,25
"170","A1","counties","overall_att",NA,3,NA,NA,NA,1000,1178,25,8,2016-01-01,2025-09-01,25
"171","A1","counties","overall_att",NA,0,NA,NA,NA,1000,905,25,10,2016-01-01,2025-09-01,25
"172","A1","counties","overall_att",NA,0.25,NA,NA,NA,1000,905,25,10,2016-01-01,2025-09-01,25
"173","A1","counties","overall_att",NA,0.5,NA,NA,NA,1000,905,25,10,2016-01-01,2025-09-01,25
"174","A1","counties","overall_att",NA,0.75,NA,NA,NA,1000,905,25,10,2016-01-01,2025-09-01,25
"175","A1","counties","overall_att",NA,1,NA,NA,NA,1000,905,25,10,2016-01-01,2025-09-01,25
"176","A1","counties","overall_att",NA,1.25,NA,NA,NA,1000,905,25,10,2016-01-01,2025-09-01,25
"177","A1","counties","overall_att",NA,1.5,NA,NA,NA,1000,905,25,10,2016-01-01,2025-09-01,25
"178","A1","counties","overall_att",NA,2,NA,NA,NA,1000,905,25,10,2016-01-01,2025-09-01,25
"179","A1","counties","overall_att",NA,2.5,NA,NA,NA,1000,905,25,10,2016-01-01,2025-09-01,25
"180","A1","counties","overall_att",NA,3,NA,NA,NA,1000,905,25,10,2016-01-01,2025-09-01,25
"181","A1","counties","overall_att",NA,0,NA,NA,NA,1000,1093,25,12,2016-01-01,2025-09-01,25
"182","A1","counties","overall_att",NA,0.25,NA,NA,NA,1000,1093,25,12,2016-01-01,2025-09-01,25
"183","A1","counties","overall_att",NA,0.5,NA,NA,NA,1000,1093,25,12,2016-01-01,2025-09-01,25
"184","A1","counties","overall_att",NA,0.75,NA,NA,NA,1000,1093,25,12,2016-01-01,2025-09-01,25
"185","A1","counties","overall_att",NA,1,NA,NA,NA,1000,1093,25,12,2016-01-01,2025-09-01,25
"186","A1","counties","overall_att",NA,1.25,NA,NA,NA,1000,1093,25,12,2016-01-01,2025-09-01,25
"187","A1","counties","overall_att",NA,1.5,NA,NA,NA,1000,1093,25,12,2016-01-01,2025-09-01,25
"188","A1","counties","overall_att",NA,2,NA,NA,NA,1000,1093,25,12,2016-01-01,2025-09-01,25
"189","A1","counties","overall_att",NA,2.5,NA,NA,NA,1000,1093,25,12,2016-01-01,2025-09-01,25
"190","A1","counties","overall_att",NA,3,NA,NA,NA,1000,1093,25,12,2016-01-01,2025-09-01,25
"191","A1","counties","overall_att",NA,0,NA,NA,NA,1000,1079,25,15,2016-01-01,2025-09-01,25
"192","A1","counties","overall_att",NA,0.25,NA,NA,NA,1000,1079,25,15,2016-01-01,2025-09-01,25
"193","A1","counties","overall_att",NA,0.5,NA,NA,NA,1000,1079,25,15,2016-01-01,2025-09-01,25
"194","A1","counties","overall_att",NA,0.75,NA,NA,NA,1000,1079,25,15,2016-01-01,2025-09-01,25
"195","A1","counties","overall_att",NA,1,NA,NA,NA,1000,1079,25,15,2016-01-01,2025-09-01,25
"196","A1","counties","overall_att",NA,1.25,NA,NA,NA,1000,1079,25,15,2016-01-01,2025-09-01,25
"197","A1","counties","overall_att",NA,1.5,NA,NA,NA,1000,1079,25,15,2016-01-01,2025-09-01,25
"198","A1","counties","overall_att",NA,2,NA,NA,NA,1000,1079,25,15,2016-01-01,2025-09-01,25
"199","A1","counties","overall_att",NA,2.5,NA,NA,NA,1000,1079,25,15,2016-01-01,2025-09-01,25
"200","A1","counties","overall_att",NA,3,NA,NA,NA,1000,1079,25,15,2016-01-01,2025-09-01,25
"201","A1","counties","overall_att",NA,0,NA,NA,NA,1000,1352,30,3,2016-01-01,2025-09-01,30
"202","A1","counties","overall_att",NA,0.25,NA,NA,NA,1000,1352,30,3,2016-01-01,2025-09-01,30
"203","A1","counties","overall_att",NA,0.5,NA,NA,NA,1000,1352,30,3,2016-01-01,2025-09-01,30
"204","A1","counties","overall_att",NA,0.75,NA,NA,NA,1000,1352,30,3,2016-01-01,2025-09-01,30
"205","A1","counties","overall_att",NA,1,NA,NA,NA,1000,1352,30,3,2016-01-01,2025-09-01,30
"206","A1","counties","overall_att",NA,1.25,NA,NA,NA,1000,1352,30,3,2016-01-01,2025-09-01,30
"207","A1","counties","overall_att",NA,1.5,NA,NA,NA,1000,1352,30,3,2016-01-01,2025-09-01,30
"208","A1","counties","overall_att",NA,2,NA,NA,NA,1000,1352,30,3,2016-01-01,2025-09-01,30
"209","A1","counties","overall_att",NA,2.5,NA,NA,NA,1000,1352,30,3,2016-01-01,2025-09-01,30
"210","A1","counties","overall_att",NA,3,NA,NA,NA,1000,1352,30,3,2016-01-01,2025-09-01,30
"211","A1","counties","overall_att",NA,0,NA,NA,NA,1000,1264,30,5,2016-01-01,2025-09-01,30
"212","A1","counties","overall_att",NA,0.25,NA,NA,NA,1000,1264,30,5,2016-01-01,2025-09-01,30
"213","A1","counties","overall_att",NA,0.5,NA,NA,NA,1000,1264,30,5,2016-01-01,2025-09-01,30
"214","A1","counties","overall_att",NA,0.75,NA,NA,NA,1000,1264,30,5,2016-01-01,2025-09-01,30
"215","A1","counties","overall_att",NA,1,NA,NA,NA,1000,1264,30,5,2016-01-01,2025-09-01,30
"216","A1","counties","overall_att",NA,1.25,NA,NA,NA,1000,1264,30,5,2016-01-01,2025-09-01,30
"217","A1","counties","overall_att",NA,1.5,NA,NA,NA,1000,1264,30,5,2016-01-01,2025-09-01,30
"218","A1","counties","overall_att",NA,2,NA,NA,NA,1000,1264,30,5,2016-01-01,2025-09-01,30
"219","A1","counties","overall_att",NA,2.5,NA,NA,NA,1000,1264,30,5,2016-01-01,2025-09-01,30
"220","A1","counties","overall_att",NA,3,NA,NA,NA,1000,1264,30,5,2016-01-01,2025-09-01,30
"221","A1","counties","overall_att",NA,0,NA,NA,NA,1000,1286,30,8,2016-01-01,2025-09-01,30
"222","A1","counties","overall_att",NA,0.25,NA,NA,NA,1000,1286,30,8,2016-01-01,2025-09-01,30
"223","A1","counties","overall_att",NA,0.5,NA,NA,NA,1000,1286,30,8,2016-01-01,2025-09-01,30
"224","A1","counties","overall_att",NA,0.75,NA,NA,NA,1000,1286,30,8,2016-01-01,2025-09-01,30
"225","A1","counties","overall_att",NA,1,NA,NA,NA,1000,1286,30,8,2016-01-01,2025-09-01,30
"226","A1","counties","overall_att",NA,1.25,NA,NA,NA,1000,1286,30,8,2016-01-01,2025-09-01,30
"227","A1","counties","overall_att",NA,1.5,NA,NA,NA,1000,1286,30,8,2016-01-01,2025-09-01,30
"228","A1","counties","overall_att",NA,2,NA,NA,NA,1000,1286,30,8,2016-01-01,2025-09-01,30
"229","A1","counties","overall_att",NA,2.5,NA,NA,NA,1000,1286,30,8,2016-01-01,2025-09-01,30
"230","A1","counties","overall_att",NA,3,NA,NA,NA,1000,1286,30,8,2016-01-01,2025-09-01,30
"231","A1","counties","overall_att",NA,0,NA,NA,NA,1000,1197,30,10,2016-01-01,2025-09-01,30
"232","A1","counties","overall_att",NA,0.25,NA,NA,NA,1000,1197,30,10,2016-01-01,2025-09-01,30
"233","A1","counties","overall_att",NA,0.5,NA,NA,NA,1000,1197,30,10,2016-01-01,2025-09-01,30
"234","A1","counties","overall_att",NA,0.75,NA,NA,NA,1000,1197,30,10,2016-01-01,2025-09-01,30
"235","A1","counties","overall_att",NA,1,NA,NA,NA,1000,1197,30,10,2016-01-01,2025-09-01,30
"236","A1","counties","overall_att",NA,1.25,NA,NA,NA,1000,1197,30,10,2016-01-01,2025-09-01,30
"237","A1","counties","overall_att",NA,1.5,NA,NA,NA,1000,1197,30,10,2016-01-01,2025-09-01,30
"238","A1","counties","overall_att",NA,2,NA,NA,NA,1000,1197,30,10,2016-01-01,2025-09-01,30
"239","A1","counties","overall_att",NA,2.5,NA,NA,NA,1000,1197,30,10,2016-01-01,2025-09-01,30
"240","A1","counties","overall_att",NA,3,NA,NA,NA,1000,1197,30,10,2016-01-01,2025-09-01,30
"241","A1","counties","overall_att",NA,0,NA,NA,NA,1000,1341,30,12,2016-01-01,2025-09-01,30
"242","A1","counties","overall_att",NA,0.25,NA,NA,NA,1000,1341,30,12,2016-01-01,2025-09-01,30
"243","A1","counties","overall_att",NA,0.5,NA,NA,NA,1000,1341,30,12,2016-01-01,2025-09-01,30
"244","A1","counties","overall_att",NA,0.75,NA,NA,NA,1000,1341,30,12,2016-01-01,2025-09-01,30
"245","A1","counties","overall_att",NA,1,NA,NA,NA,1000,1341,30,12,2016-01-01,2025-09-01,30
"246","A1","counties","overall_att",NA,1.25,NA,NA,NA,1000,1341,30,12,2016-01-01,2025-09-01,30
"247","A1","counties","overall_att",NA,1.5,NA,NA,NA,1000,1341,30,12,2016-01-01,2025-09-01,30
"248","A1","counties","overall_att",NA,2,NA,NA,NA,1000,1341,30,12,2016-01-01,2025-09-01,30
"249","A1","counties","overall_att",NA,2.5,NA,NA,NA,1000,1341,30,12,2016-01-01,2025-09-01,30
"250","A1","counties","overall_att",NA,3,NA,NA,NA,1000,1341,30,12,2016-01-01,2025-09-01,30
"251","A1","counties","overall_att",NA,0,NA,NA,NA,1000,1255,30,15,2016-01-01,2025-09-01,30
"252","A1","counties","overall_att",NA,0.25,NA,NA,NA,1000,1255,30,15,2016-01-01,2025-09-01,30
"253","A1","counties","overall_att",NA,0.5,NA,NA,NA,1000,1255,30,15,2016-01-01,2025-09-01,30
"254","A1","counties","overall_att",NA,0.75,NA,NA,NA,1000,1255,30,15,2016-01-01,2025-09-01,30
"255","A1","counties","overall_att",NA,1,NA,NA,NA,1000,1255,30,15,2016-01-01,2025-09-01,30
"256","A1","counties","overall_att",NA,1.25,NA,NA,NA,1000,1255,30,15,2016-01-01,2025-09-01,30
"257","A1","counties","overall_att",NA,1.5,NA,NA,NA,1000,1255,30,15,2016-01-01,2025-09-01,30
"258","A1","counties","overall_att",NA,2,NA,NA,NA,1000,1255,30,15,2016-01-01,2025-09-01,30
"259","A1","counties","overall_att",NA,2.5,NA,NA,NA,1000,1255,30,15,2016-01-01,2025-09-01,30
"260","A1","counties","overall_att",NA,3,NA,NA,NA,1000,1255,30,15,2016-01-01,2025-09-01,30
"261","A1","counties","overall_att",NA,0,NA,NA,NA,1000,1384,32,3,2016-01-01,2025-09-01,32
"262","A1","counties","overall_att",NA,0.25,NA,NA,NA,1000,1384,32,3,2016-01-01,2025-09-01,32
"263","A1","counties","overall_att",NA,0.5,NA,NA,NA,1000,1384,32,3,2016-01-01,2025-09-01,32
"264","A1","counties","overall_att",NA,0.75,NA,NA,NA,1000,1384,32,3,2016-01-01,2025-09-01,32
"265","A1","counties","overall_att",NA,1,NA,NA,NA,1000,1384,32,3,2016-01-01,2025-09-01,32
"266","A1","counties","overall_att",NA,1.25,NA,NA,NA,1000,1384,32,3,2016-01-01,2025-09-01,32
"267","A1","counties","overall_att",NA,1.5,NA,NA,NA,1000,1384,32,3,2016-01-01,2025-09-01,32
"268","A1","counties","overall_att",NA,2,NA,NA,NA,1000,1384,32,3,2016-01-01,2025-09-01,32
"269","A1","counties","overall_att",NA,2.5,NA,NA,NA,1000,1384,32,3,2016-01-01,2025-09-01,32
"270","A1","counties","overall_att",NA,3,NA,NA,NA,1000,1384,32,3,2016-01-01,2025-09-01,32
"271","A1","counties","overall_att",NA,0,NA,NA,NA,1000,1384,32,5,2016-01-01,2025-09-01,32
"272","A1","counties","overall_att",NA,0.25,NA,NA,NA,1000,1384,32,5,2016-01-01,2025-09-01,32
"273","A1","counties","overall_att",NA,0.5,NA,NA,NA,1000,1384,32,5,2016-01-01,2025-09-01,32
"274","A1","counties","overall_att",NA,0.75,NA,NA,NA,1000,1384,32,5,2016-01-01,2025-09-01,32
"275","A1","counties","overall_att",NA,1,NA,NA,NA,1000,1384,32,5,2016-01-01,2025-09-01,32
"276","A1","counties","overall_att",NA,1.25,NA,NA,NA,1000,1384,32,5,2016-01-01,2025-09-01,32
"277","A1","counties","overall_att",NA,1.5,NA,NA,NA,1000,1384,32,5,2016-01-01,2025-09-01,32
"278","A1","counties","overall_att",NA,2,NA,NA,NA,1000,1384,32,5,2016-01-01,2025-09-01,32
"279","A1","counties","overall_att",NA,2.5,NA,NA,NA,1000,1384,32,5,2016-01-01,2025-09-01,32
"280","A1","counties","overall_att",NA,3,NA,NA,NA,1000,1384,32,5,2016-01-01,2025-09-01,32
"281","A1","counties","overall_att",NA,0,NA,NA,NA,1000,1384,32,8,2016-01-01,2025-09-01,32
"282","A1","counties","overall_att",NA,0.25,NA,NA,NA,1000,1384,32,8,2016-01-01,2025-09-01,32
"283","A1","counties","overall_att",NA,0.5,NA,NA,NA,1000,1384,32,8,2016-01-01,2025-09-01,32
"284","A1","counties","overall_att",NA,0.75,NA,NA,NA,1000,1384,32,8,2016-01-01,2025-09-01,32
"285","A1","counties","overall_att",NA,1,NA,NA,NA,1000,1384,32,8,2016-01-01,2025-09-01,32
"286","A1","counties","overall_att",NA,1.25,NA,NA,NA,1000,1384,32,8,2016-01-01,2025-09-01,32
"287","A1","counties","overall_att",NA,1.5,NA,NA,NA,1000,1384,32,8,2016-01-01,2025-09-01,32
"288","A1","counties","overall_att",NA,2,NA,NA,NA,1000,1384,32,8,2016-01-01,2025-09-01,32
"289","A1","counties","overall_att",NA,2.5,NA,NA,NA,1000,1384,32,8,2016-01-01,2025-09-01,32
"290","A1","counties","overall_att",NA,3,NA,NA,NA,1000,1384,32,8,2016-01-01,2025-09-01,32
"291","A1","counties","overall_att",NA,0,NA,NA,NA,1000,1384,32,10,2016-01-01,2025-09-01,32
"292","A1","counties","overall_att",NA,0.25,NA,NA,NA,1000,1384,32,10,2016-01-01,2025-09-01,32
"293","A1","counties","overall_att",NA,0.5,NA,NA,NA,1000,1384,32,10,2016-01-01,2025-09-01,32
"294","A1","counties","overall_att",NA,0.75,NA,NA,NA,1000,1384,32,10,2016-01-01,2025-09-01,32
"295","A1","counties","overall_att",NA,1,NA,NA,NA,1000,1384,32,10,2016-01-01,2025-09-01,32
"296","A1","counties","overall_att",NA,1.25,NA,NA,NA,1000,1384,32,10,2016-01-01,2025-09-01,32
"297","A1","counties","overall_att",NA,1.5,NA,NA,NA,1000,1384,32,10,2016-01-01,2025-09-01,32
"298","A1","counties","overall_att",NA,2,NA,NA,NA,1000,1384,32,10,2016-01-01,2025-09-01,32
"299","A1","counties","overall_att",NA,2.5,NA,NA,NA,1000,1384,32,10,2016-01-01,2025-09-01,32
"300","A1","counties","overall_att",NA,3,NA,NA,NA,1000,1384,32,10,2016-01-01,2025-09-01,32
"301","A1","counties","overall_att",NA,0,NA,NA,NA,1000,1384,32,12,2016-01-01,2025-09-01,32
"302","A1","counties","overall_att",NA,0.25,NA,NA,NA,1000,1384,32,12,2016-01-01,2025-09-01,32
"303","A1","counties","overall_att",NA,0.5,NA,NA,NA,1000,1384,32,12,2016-01-01,2025-09-01,32
"304","A1","counties","overall_att",NA,0.75,NA,NA,NA,1000,1384,32,12,2016-01-01,2025-09-01,32
"305","A1","counties","overall_att",NA,1,NA,NA,NA,1000,1384,32,12,2016-01-01,2025-09-01,32
"306","A1","counties","overall_att",NA,1.25,NA,NA,NA,1000,1384,32,12,2016-01-01,2025-09-01,32
"307","A1","counties","overall_att",NA,1.5,NA,NA,NA,1000,1384,32,12,2016-01-01,2025-09-01,32
"308","A1","counties","overall_att",NA,2,NA,NA,NA,1000,1384,32,12,2016-01-01,2025-09-01,32
"309","A1","counties","overall_att",NA,2.5,NA,NA,NA,1000,1384,32,12,2016-01-01,2025-09-01,32
"310","A1","counties","overall_att",NA,3,NA,NA,NA,1000,1384,32,12,2016-01-01,2025-09-01,32
"311","A1","counties","overall_att",NA,0,NA,NA,NA,1000,1384,32,15,2016-01-01,2025-09-01,32
"312","A1","counties","overall_att",NA,0.25,NA,NA,NA,1000,1384,32,15,2016-01-01,2025-09-01,32
"313","A1","counties","overall_att",NA,0.5,NA,NA,NA,1000,1384,32,15,2016-01-01,2025-09-01,32
"314","A1","counties","overall_att",NA,0.75,NA,NA,NA,1000,1384,32,15,2016-01-01,2025-09-01,32
"315","A1","counties","overall_att",NA,1,NA,NA,NA,1000,1384,32,15,2016-01-01,2025-09-01,32
"316","A1","counties","overall_att",NA,1.25,NA,NA,NA,1000,1384,32,15,2016-01-01,2025-09-01,32
"317","A1","counties","overall_att",NA,1.5,NA,NA,NA,1000,1384,32,15,2016-01-01,2025-09-01,32
"318","A1","counties","overall_att",NA,2,NA,NA,NA,1000,1384,32,15,2016-01-01,2025-09-01,32
"319","A1","counties","overall_att",NA,2.5,NA,NA,NA,1000,1384,32,15,2016-01-01,2025-09-01,32
"320","A1","counties","overall_att",NA,3,NA,NA,NA,1000,1384,32,15,2016-01-01,2025-09-01,32
