"g","t","event_time","n_treat_pre","n_treat_post","n_control_pre","n_control_post","n_total","identifiable","reason"
201806,201806,0,1,1,11,11,24,TRUE,NA
201806,201807,1,1,1,11,11,24,TRUE,NA
201806,201808,2,1,1,11,12,25,TRUE,NA
201806,201809,3,1,1,11,12,25,TRUE,NA
201806,201810,4,1,1,11,12,25,TRUE,NA
201806,201811,5,1,1,11,12,25,TRUE,NA
201806,201812,6,1,1,11,12,25,TRUE,NA
201806,201901,95,1,1,11,12,25,TRUE,NA
201806,201902,96,1,1,11,12,25,TRUE,NA
201806,201903,97,1,1,11,12,25,TRUE,NA
201806,201904,98,1,1,11,12,25,TRUE,NA
201806,201905,99,1,1,11,12,25,TRUE,NA
201806,201906,100,1,1,11,12,25,TRUE,NA
201806,201907,101,1,1,11,12,25,TRUE,NA
201806,201908,102,1,1,11,12,25,TRUE,NA
201806,201909,103,1,1,11,12,25,TRUE,NA
201806,201910,104,1,1,11,12,25,TRUE,NA
201806,201911,105,1,1,11,12,25,TRUE,NA
201806,201912,106,1,1,11,12,25,TRUE,NA
201806,202001,195,1,1,11,13,26,TRUE,NA
201806,202002,196,1,1,11,13,26,TRUE,NA
201806,202003,197,1,1,11,13,26,TRUE,NA
201806,202004,198,1,1,11,13,26,TRUE,NA
201806,202005,199,1,1,11,13,26,TRUE,NA
201806,202006,200,1,1,11,13,26,TRUE,NA
201806,202007,201,1,1,11,13,26,TRUE,NA
201806,202008,202,1,1,11,13,26,TRUE,NA
201806,202009,203,1,1,11,13,26,TRUE,NA
201806,202010,204,1,1,11,13,26,TRUE,NA
201806,202011,205,1,1,11,13,26,TRUE,NA
201806,202012,206,1,1,11,13,26,TRUE,NA
201806,202101,295,1,1,11,13,26,TRUE,NA
201806,202102,296,1,1,11,13,26,TRUE,NA
201806,202103,297,1,1,11,13,26,TRUE,NA
201806,202104,298,1,1,11,13,26,TRUE,NA
201806,202105,299,1,1,11,13,26,TRUE,NA
201806,202106,300,1,1,11,13,26,TRUE,NA
201806,202107,301,1,1,11,13,26,TRUE,NA
201806,202108,302,1,1,11,13,26,TRUE,NA
201806,202109,303,1,1,11,13,26,TRUE,NA
201806,202110,304,1,1,11,13,26,TRUE,NA
201806,202111,305,1,1,11,13,26,TRUE,NA
201806,202112,306,1,1,11,13,26,TRUE,NA
201806,202201,395,1,1,11,13,26,TRUE,NA
201806,202202,396,1,1,11,13,26,TRUE,NA
201806,202203,397,1,1,11,13,26,TRUE,NA
201806,202204,398,1,1,11,13,26,TRUE,NA
201806,202205,399,1,1,11,13,26,TRUE,NA
201806,202206,400,1,1,11,13,26,TRUE,NA
201806,202207,401,1,1,11,13,26,TRUE,NA
201806,202208,402,1,1,11,13,26,TRUE,NA
201806,202209,403,1,1,11,13,26,TRUE,NA
201806,202210,404,1,1,11,12,25,TRUE,NA
201806,202211,405,1,1,11,12,25,TRUE,NA
201806,202212,406,1,1,11,12,25,TRUE,NA
201806,202301,495,1,1,11,12,25,TRUE,NA
201806,202302,496,1,1,11,12,25,TRUE,NA
201806,202303,497,1,1,11,12,25,TRUE,NA
201806,202304,498,1,1,11,12,25,TRUE,NA
201806,202305,499,1,1,11,12,25,TRUE,NA
201806,202306,500,1,1,11,12,25,TRUE,NA
201806,202307,501,1,1,11,12,25,TRUE,NA
201806,202308,502,1,1,11,12,25,TRUE,NA
201806,202309,503,1,1,11,12,25,TRUE,NA
201806,202310,504,1,1,11,12,25,TRUE,NA
201806,202311,505,1,1,11,12,25,TRUE,NA
201806,202312,506,1,1,11,12,25,TRUE,NA
201806,202401,595,1,1,11,11,24,TRUE,NA
201806,202402,596,1,1,11,11,24,TRUE,NA
201806,202403,597,1,1,11,11,24,TRUE,NA
201806,202404,598,1,1,11,11,24,TRUE,NA
201806,202405,599,1,1,11,11,24,TRUE,NA
201806,202406,600,1,1,11,11,24,TRUE,NA
201806,202407,601,1,1,11,11,24,TRUE,NA
201806,202408,602,1,1,11,11,24,TRUE,NA
201806,202409,603,1,1,11,11,24,TRUE,NA
201806,202410,604,1,1,11,11,24,TRUE,NA
201806,202411,605,1,1,11,11,24,TRUE,NA
201806,202412,606,1,1,11,11,24,TRUE,NA
201806,202501,695,1,1,11,11,24,TRUE,NA
201806,202502,696,1,1,11,11,24,TRUE,NA
201806,202503,697,1,1,11,11,24,TRUE,NA
201806,202504,698,1,1,11,11,24,TRUE,NA
201806,202505,699,1,1,11,11,24,TRUE,NA
201806,202506,700,1,1,11,10,23,TRUE,NA
201806,202507,701,1,1,11,10,23,TRUE,NA
201806,202508,702,1,1,11,10,23,TRUE,NA
201806,202509,703,1,1,11,10,23,TRUE,NA
201808,201808,0,2,2,11,12,27,TRUE,NA
201808,201809,1,2,2,11,12,27,TRUE,NA
201808,201810,2,2,2,11,12,27,TRUE,NA
201808,201811,3,2,2,11,12,27,TRUE,NA
201808,201812,4,2,2,11,12,27,TRUE,NA
201808,201901,93,2,2,11,12,27,TRUE,NA
201808,201902,94,2,2,11,12,27,TRUE,NA
201808,201903,95,2,2,11,12,27,TRUE,NA
201808,201904,96,2,2,11,12,27,TRUE,NA
201808,201905,97,2,2,11,12,27,TRUE,NA
201808,201906,98,2,2,11,12,27,TRUE,NA
201808,201907,99,2,2,11,12,27,TRUE,NA
201808,201908,100,2,2,11,12,27,TRUE,NA
201808,201909,101,2,2,11,12,27,TRUE,NA
201808,201910,102,2,2,11,12,27,TRUE,NA
201808,201911,103,2,2,11,12,27,TRUE,NA
201808,201912,104,2,2,11,12,27,TRUE,NA
201808,202001,193,2,2,11,13,28,TRUE,NA
201808,202002,194,2,2,11,13,28,TRUE,NA
201808,202003,195,2,2,11,13,28,TRUE,NA
201808,202004,196,2,2,11,13,28,TRUE,NA
201808,202005,197,2,2,11,13,28,TRUE,NA
201808,202006,198,2,2,11,13,28,TRUE,NA
201808,202007,199,2,2,11,13,28,TRUE,NA
201808,202008,200,2,2,11,13,28,TRUE,NA
201808,202009,201,2,2,11,13,28,TRUE,NA
201808,202010,202,2,2,11,13,28,TRUE,NA
201808,202011,203,2,2,11,13,28,TRUE,NA
201808,202012,204,2,2,11,13,28,TRUE,NA
201808,202101,293,2,2,11,13,28,TRUE,NA
201808,202102,294,2,2,11,13,28,TRUE,NA
201808,202103,295,2,2,11,13,28,TRUE,NA
201808,202104,296,2,2,11,13,28,TRUE,NA
201808,202105,297,2,2,11,13,28,TRUE,NA
201808,202106,298,2,2,11,13,28,TRUE,NA
201808,202107,299,2,2,11,13,28,TRUE,NA
201808,202108,300,2,2,11,13,28,TRUE,NA
201808,202109,301,2,2,11,13,28,TRUE,NA
201808,202110,302,2,2,11,13,28,TRUE,NA
201808,202111,303,2,2,11,13,28,TRUE,NA
201808,202112,304,2,2,11,13,28,TRUE,NA
201808,202201,393,2,2,11,13,28,TRUE,NA
201808,202202,394,2,2,11,13,28,TRUE,NA
201808,202203,395,2,2,11,13,28,TRUE,NA
201808,202204,396,2,2,11,13,28,TRUE,NA
201808,202205,397,2,2,11,13,28,TRUE,NA
201808,202206,398,2,2,11,13,28,TRUE,NA
201808,202207,399,2,2,11,13,28,TRUE,NA
201808,202208,400,2,2,11,13,28,TRUE,NA
201808,202209,401,2,2,11,13,28,TRUE,NA
201808,202210,402,2,2,11,12,27,TRUE,NA
201808,202211,403,2,2,11,12,27,TRUE,NA
201808,202212,404,2,2,11,12,27,TRUE,NA
201808,202301,493,2,2,11,12,27,TRUE,NA
201808,202302,494,2,2,11,12,27,TRUE,NA
201808,202303,495,2,2,11,12,27,TRUE,NA
201808,202304,496,2,2,11,12,27,TRUE,NA
201808,202305,497,2,2,11,12,27,TRUE,NA
201808,202306,498,2,2,11,12,27,TRUE,NA
201808,202307,499,2,2,11,12,27,TRUE,NA
201808,202308,500,2,2,11,12,27,TRUE,NA
201808,202309,501,2,2,11,12,27,TRUE,NA
201808,202310,502,2,2,11,12,27,TRUE,NA
201808,202311,503,2,2,11,12,27,TRUE,NA
201808,202312,504,2,2,11,12,27,TRUE,NA
201808,202401,593,2,2,11,11,26,TRUE,NA
201808,202402,594,2,2,11,11,26,TRUE,NA
201808,202403,595,2,2,11,11,26,TRUE,NA
201808,202404,596,2,1,11,11,25,TRUE,NA
201808,202405,597,2,1,11,11,25,TRUE,NA
201808,202406,598,2,1,11,11,25,TRUE,NA
201808,202407,599,2,1,11,11,25,TRUE,NA
201808,202408,600,2,1,11,11,25,TRUE,NA
201808,202409,601,2,1,11,11,25,TRUE,NA
201808,202410,602,2,1,11,11,25,TRUE,NA
201808,202411,603,2,1,11,11,25,TRUE,NA
201808,202412,604,2,1,11,11,25,TRUE,NA
201808,202501,693,2,1,11,11,25,TRUE,NA
201808,202502,694,2,1,11,11,25,TRUE,NA
201808,202503,695,2,1,11,11,25,TRUE,NA
201808,202504,696,2,1,11,11,25,TRUE,NA
201808,202505,697,2,1,11,11,25,TRUE,NA
201808,202506,698,2,1,11,10,24,TRUE,NA
201808,202507,699,2,1,11,10,24,TRUE,NA
201808,202508,700,2,1,11,10,24,TRUE,NA
201808,202509,701,2,1,11,10,24,TRUE,NA
201811,201811,0,1,1,12,12,26,TRUE,NA
201811,201812,1,1,1,12,12,26,TRUE,NA
201811,201901,90,1,1,12,12,26,TRUE,NA
201811,201902,91,1,1,12,12,26,TRUE,NA
201811,201903,92,1,1,12,12,26,TRUE,NA
201811,201904,93,1,1,12,12,26,TRUE,NA
201811,201905,94,1,1,12,12,26,TRUE,NA
201811,201906,95,1,1,12,12,26,TRUE,NA
201811,201907,96,1,1,12,12,26,TRUE,NA
201811,201908,97,1,1,12,12,26,TRUE,NA
201811,201909,98,1,1,12,12,26,TRUE,NA
201811,201910,99,1,1,12,12,26,TRUE,NA
201811,201911,100,1,1,12,12,26,TRUE,NA
201811,201912,101,1,1,12,12,26,TRUE,NA
201811,202001,190,1,1,12,13,27,TRUE,NA
201811,202002,191,1,1,12,13,27,TRUE,NA
201811,202003,192,1,1,12,13,27,TRUE,NA
201811,202004,193,1,1,12,13,27,TRUE,NA
201811,202005,194,1,1,12,13,27,TRUE,NA
201811,202006,195,1,1,12,13,27,TRUE,NA
201811,202007,196,1,1,12,13,27,TRUE,NA
201811,202008,197,1,1,12,13,27,TRUE,NA
201811,202009,198,1,1,12,13,27,TRUE,NA
201811,202010,199,1,1,12,13,27,TRUE,NA
201811,202011,200,1,1,12,13,27,TRUE,NA
201811,202012,201,1,1,12,13,27,TRUE,NA
201811,202101,290,1,1,12,13,27,TRUE,NA
201811,202102,291,1,1,12,13,27,TRUE,NA
201811,202103,292,1,1,12,13,27,TRUE,NA
201811,202104,293,1,1,12,13,27,TRUE,NA
201811,202105,294,1,1,12,13,27,TRUE,NA
201811,202106,295,1,1,12,13,27,TRUE,NA
201811,202107,296,1,1,12,13,27,TRUE,NA
201811,202108,297,1,1,12,13,27,TRUE,NA
201811,202109,298,1,1,12,13,27,TRUE,NA
201811,202110,299,1,1,12,13,27,TRUE,NA
201811,202111,300,1,1,12,13,27,TRUE,NA
201811,202112,301,1,1,12,13,27,TRUE,NA
201811,202201,390,1,1,12,13,27,TRUE,NA
201811,202202,391,1,1,12,13,27,TRUE,NA
201811,202203,392,1,1,12,13,27,TRUE,NA
201811,202204,393,1,1,12,13,27,TRUE,NA
201811,202205,394,1,1,12,13,27,TRUE,NA
201811,202206,395,1,1,12,13,27,TRUE,NA
201811,202207,396,1,1,12,13,27,TRUE,NA
201811,202208,397,1,1,12,13,27,TRUE,NA
201811,202209,398,1,1,12,13,27,TRUE,NA
201811,202210,399,1,1,12,12,26,TRUE,NA
201811,202211,400,1,1,12,12,26,TRUE,NA
201811,202212,401,1,1,12,12,26,TRUE,NA
201811,202301,490,1,1,12,12,26,TRUE,NA
201811,202302,491,1,1,12,12,26,TRUE,NA
201811,202303,492,1,1,12,12,26,TRUE,NA
201811,202304,493,1,1,12,12,26,TRUE,NA
201811,202305,494,1,1,12,12,26,TRUE,NA
201811,202306,495,1,1,12,12,26,TRUE,NA
201811,202307,496,1,1,12,12,26,TRUE,NA
201811,202308,497,1,1,12,12,26,TRUE,NA
201811,202309,498,1,1,12,12,26,TRUE,NA
201811,202310,499,1,1,12,12,26,TRUE,NA
201811,202311,500,1,1,12,12,26,TRUE,NA
201811,202312,501,1,1,12,12,26,TRUE,NA
201811,202401,590,1,1,12,11,25,TRUE,NA
201811,202402,591,1,1,12,11,25,TRUE,NA
201811,202403,592,1,1,12,11,25,TRUE,NA
201811,202404,593,1,1,12,11,25,TRUE,NA
201811,202405,594,1,1,12,11,25,TRUE,NA
201811,202406,595,1,1,12,11,25,TRUE,NA
201811,202407,596,1,1,12,11,25,TRUE,NA
201811,202408,597,1,1,12,11,25,TRUE,NA
201811,202409,598,1,1,12,11,25,TRUE,NA
201811,202410,599,1,1,12,11,25,TRUE,NA
201811,202411,600,1,1,12,11,25,TRUE,NA
201811,202412,601,1,1,12,11,25,TRUE,NA
201811,202501,690,1,1,12,11,25,TRUE,NA
201811,202502,691,1,1,12,11,25,TRUE,NA
201811,202503,692,1,1,12,11,25,TRUE,NA
201811,202504,693,1,1,12,11,25,TRUE,NA
201811,202505,694,1,1,12,11,25,TRUE,NA
201811,202506,695,1,1,12,10,24,TRUE,NA
201811,202507,696,1,1,12,10,24,TRUE,NA
201811,202508,697,1,1,12,10,24,TRUE,NA
201811,202509,698,1,1,12,10,24,TRUE,NA
201907,201907,0,2,2,12,12,28,TRUE,NA
201907,201908,1,2,2,12,12,28,TRUE,NA
201907,201909,2,2,2,12,12,28,TRUE,NA
201907,201910,3,2,2,12,12,28,TRUE,NA
201907,201911,4,2,2,12,12,28,TRUE,NA
201907,201912,5,2,2,12,12,28,TRUE,NA
201907,202001,94,2,2,12,13,29,TRUE,NA
201907,202002,95,2,2,12,13,29,TRUE,NA
201907,202003,96,2,2,12,13,29,TRUE,NA
201907,202004,97,2,2,12,13,29,TRUE,NA
201907,202005,98,2,2,12,13,29,TRUE,NA
201907,202006,99,2,2,12,13,29,TRUE,NA
201907,202007,100,2,2,12,13,29,TRUE,NA
201907,202008,101,2,2,12,13,29,TRUE,NA
201907,202009,102,2,2,12,13,29,TRUE,NA
201907,202010,103,2,2,12,13,29,TRUE,NA
201907,202011,104,2,2,12,13,29,TRUE,NA
201907,202012,105,2,2,12,13,29,TRUE,NA
201907,202101,194,2,2,12,13,29,TRUE,NA
201907,202102,195,2,2,12,13,29,TRUE,NA
201907,202103,196,2,2,12,13,29,TRUE,NA
201907,202104,197,2,2,12,13,29,TRUE,NA
201907,202105,198,2,2,12,13,29,TRUE,NA
201907,202106,199,2,2,12,13,29,TRUE,NA
201907,202107,200,2,2,12,13,29,TRUE,NA
201907,202108,201,2,2,12,13,29,TRUE,NA
201907,202109,202,2,2,12,13,29,TRUE,NA
201907,202110,203,2,2,12,13,29,TRUE,NA
201907,202111,204,2,2,12,13,29,TRUE,NA
201907,202112,205,2,2,12,13,29,TRUE,NA
201907,202201,294,2,2,12,13,29,TRUE,NA
201907,202202,295,2,2,12,13,29,TRUE,NA
201907,202203,296,2,2,12,13,29,TRUE,NA
201907,202204,297,2,2,12,13,29,TRUE,NA
201907,202205,298,2,2,12,13,29,TRUE,NA
201907,202206,299,2,2,12,13,29,TRUE,NA
201907,202207,300,2,2,12,13,29,TRUE,NA
201907,202208,301,2,2,12,13,29,TRUE,NA
201907,202209,302,2,2,12,13,29,TRUE,NA
201907,202210,303,2,2,12,12,28,TRUE,NA
201907,202211,304,2,2,12,12,28,TRUE,NA
201907,202212,305,2,2,12,12,28,TRUE,NA
201907,202301,394,2,2,12,12,28,TRUE,NA
201907,202302,395,2,2,12,12,28,TRUE,NA
201907,202303,396,2,2,12,12,28,TRUE,NA
201907,202304,397,2,2,12,12,28,TRUE,NA
201907,202305,398,2,2,12,12,28,TRUE,NA
201907,202306,399,2,2,12,12,28,TRUE,NA
201907,202307,400,2,2,12,12,28,TRUE,NA
201907,202308,401,2,2,12,12,28,TRUE,NA
201907,202309,402,2,2,12,12,28,TRUE,NA
201907,202310,403,2,2,12,12,28,TRUE,NA
201907,202311,404,2,2,12,12,28,TRUE,NA
201907,202312,405,2,2,12,12,28,TRUE,NA
201907,202401,494,2,2,12,11,27,TRUE,NA
201907,202402,495,2,2,12,11,27,TRUE,NA
201907,202403,496,2,2,12,11,27,TRUE,NA
201907,202404,497,2,2,12,11,27,TRUE,NA
201907,202405,498,2,2,12,11,27,TRUE,NA
201907,202406,499,2,2,12,11,27,TRUE,NA
201907,202407,500,2,2,12,11,27,TRUE,NA
201907,202408,501,2,2,12,11,27,TRUE,NA
201907,202409,502,2,2,12,11,27,TRUE,NA
201907,202410,503,2,2,12,11,27,TRUE,NA
201907,202411,504,2,2,12,11,27,TRUE,NA
201907,202412,505,2,2,12,11,27,TRUE,NA
201907,202501,594,2,2,12,11,27,TRUE,NA
201907,202502,595,2,2,12,11,27,TRUE,NA
201907,202503,596,2,2,12,11,27,TRUE,NA
201907,202504,597,2,2,12,11,27,TRUE,NA
201907,202505,598,2,2,12,11,27,TRUE,NA
201907,202506,599,2,2,12,10,26,TRUE,NA
201907,202507,600,2,2,12,10,26,TRUE,NA
201907,202508,601,2,2,12,10,26,TRUE,NA
201907,202509,602,2,2,12,10,26,TRUE,NA
201909,201909,0,1,1,12,12,26,TRUE,NA
201909,201910,1,1,1,12,12,26,TRUE,NA
201909,201911,2,1,1,12,12,26,TRUE,NA
201909,201912,3,1,1,12,12,26,TRUE,NA
201909,202001,92,1,1,12,13,27,TRUE,NA
201909,202002,93,1,1,12,13,27,TRUE,NA
201909,202003,94,1,1,12,13,27,TRUE,NA
201909,202004,95,1,1,12,13,27,TRUE,NA
201909,202005,96,1,1,12,13,27,TRUE,NA
201909,202006,97,1,1,12,13,27,TRUE,NA
201909,202007,98,1,1,12,13,27,TRUE,NA
201909,202008,99,1,1,12,13,27,TRUE,NA
201909,202009,100,1,1,12,13,27,TRUE,NA
201909,202010,101,1,1,12,13,27,TRUE,NA
201909,202011,102,1,1,12,13,27,TRUE,NA
201909,202012,103,1,1,12,13,27,TRUE,NA
201909,202101,192,1,1,12,13,27,TRUE,NA
201909,202102,193,1,1,12,13,27,TRUE,NA
201909,202103,194,1,1,12,13,27,TRUE,NA
201909,202104,195,1,1,12,13,27,TRUE,NA
201909,202105,196,1,1,12,13,27,TRUE,NA
201909,202106,197,1,1,12,13,27,TRUE,NA
201909,202107,198,1,1,12,13,27,TRUE,NA
201909,202108,199,1,1,12,13,27,TRUE,NA
201909,202109,200,1,1,12,13,27,TRUE,NA
201909,202110,201,1,1,12,13,27,TRUE,NA
201909,202111,202,1,1,12,13,27,TRUE,NA
201909,202112,203,1,1,12,13,27,TRUE,NA
201909,202201,292,1,1,12,13,27,TRUE,NA
201909,202202,293,1,1,12,13,27,TRUE,NA
201909,202203,294,1,1,12,13,27,TRUE,NA
201909,202204,295,1,1,12,13,27,TRUE,NA
201909,202205,296,1,1,12,13,27,TRUE,NA
201909,202206,297,1,1,12,13,27,TRUE,NA
201909,202207,298,1,1,12,13,27,TRUE,NA
201909,202208,299,1,1,12,13,27,TRUE,NA
201909,202209,300,1,1,12,13,27,TRUE,NA
201909,202210,301,1,1,12,12,26,TRUE,NA
201909,202211,302,1,1,12,12,26,TRUE,NA
201909,202212,303,1,1,12,12,26,TRUE,NA
201909,202301,392,1,1,12,12,26,TRUE,NA
201909,202302,393,1,1,12,12,26,TRUE,NA
201909,202303,394,1,1,12,12,26,TRUE,NA
201909,202304,395,1,1,12,12,26,TRUE,NA
201909,202305,396,1,1,12,12,26,TRUE,NA
201909,202306,397,1,1,12,12,26,TRUE,NA
201909,202307,398,1,1,12,12,26,TRUE,NA
201909,202308,399,1,1,12,12,26,TRUE,NA
201909,202309,400,1,1,12,12,26,TRUE,NA
201909,202310,401,1,1,12,12,26,TRUE,NA
201909,202311,402,1,1,12,12,26,TRUE,NA
201909,202312,403,1,1,12,12,26,TRUE,NA
201909,202401,492,1,1,12,11,25,TRUE,NA
201909,202402,493,1,1,12,11,25,TRUE,NA
201909,202403,494,1,1,12,11,25,TRUE,NA
201909,202404,495,1,1,12,11,25,TRUE,NA
201909,202405,496,1,1,12,11,25,TRUE,NA
201909,202406,497,1,1,12,11,25,TRUE,NA
201909,202407,498,1,1,12,11,25,TRUE,NA
201909,202408,499,1,1,12,11,25,TRUE,NA
201909,202409,500,1,1,12,11,25,TRUE,NA
201909,202410,501,1,1,12,11,25,TRUE,NA
201909,202411,502,1,1,12,11,25,TRUE,NA
201909,202412,503,1,1,12,11,25,TRUE,NA
201909,202501,592,1,1,12,11,25,TRUE,NA
201909,202502,593,1,1,12,11,25,TRUE,NA
201909,202503,594,1,1,12,11,25,TRUE,NA
201909,202504,595,1,1,12,11,25,TRUE,NA
201909,202505,596,1,1,12,11,25,TRUE,NA
201909,202506,597,1,1,12,10,24,TRUE,NA
201909,202507,598,1,1,12,10,24,TRUE,NA
201909,202508,599,1,1,12,10,24,TRUE,NA
201909,202509,600,1,1,12,10,24,TRUE,NA
201912,201912,0,1,1,12,12,26,TRUE,NA
201912,202001,89,1,1,12,13,27,TRUE,NA
201912,202002,90,1,1,12,13,27,TRUE,NA
201912,202003,91,1,1,12,13,27,TRUE,NA
201912,202004,92,1,1,12,13,27,TRUE,NA
201912,202005,93,1,1,12,13,27,TRUE,NA
201912,202006,94,1,1,12,13,27,TRUE,NA
201912,202007,95,1,1,12,13,27,TRUE,NA
201912,202008,96,1,1,12,13,27,TRUE,NA
201912,202009,97,1,1,12,13,27,TRUE,NA
201912,202010,98,1,1,12,13,27,TRUE,NA
201912,202011,99,1,1,12,13,27,TRUE,NA
201912,202012,100,1,1,12,13,27,TRUE,NA
201912,202101,189,1,1,12,13,27,TRUE,NA
201912,202102,190,1,1,12,13,27,TRUE,NA
201912,202103,191,1,1,12,13,27,TRUE,NA
201912,202104,192,1,1,12,13,27,TRUE,NA
201912,202105,193,1,1,12,13,27,TRUE,NA
201912,202106,194,1,1,12,13,27,TRUE,NA
201912,202107,195,1,1,12,13,27,TRUE,NA
201912,202108,196,1,1,12,13,27,TRUE,NA
201912,202109,197,1,1,12,13,27,TRUE,NA
201912,202110,198,1,1,12,13,27,TRUE,NA
201912,202111,199,1,1,12,13,27,TRUE,NA
201912,202112,200,1,1,12,13,27,TRUE,NA
201912,202201,289,1,1,12,13,27,TRUE,NA
201912,202202,290,1,1,12,13,27,TRUE,NA
201912,202203,291,1,1,12,13,27,TRUE,NA
201912,202204,292,1,1,12,13,27,TRUE,NA
201912,202205,293,1,1,12,13,27,TRUE,NA
201912,202206,294,1,1,12,13,27,TRUE,NA
201912,202207,295,1,1,12,13,27,TRUE,NA
201912,202208,296,1,1,12,13,27,TRUE,NA
201912,202209,297,1,1,12,13,27,TRUE,NA
201912,202210,298,1,1,12,12,26,TRUE,NA
201912,202211,299,1,1,12,12,26,TRUE,NA
201912,202212,300,1,1,12,12,26,TRUE,NA
201912,202301,389,1,1,12,12,26,TRUE,NA
201912,202302,390,1,1,12,12,26,TRUE,NA
201912,202303,391,1,1,12,12,26,TRUE,NA
201912,202304,392,1,1,12,12,26,TRUE,NA
201912,202305,393,1,1,12,12,26,TRUE,NA
201912,202306,394,1,1,12,12,26,TRUE,NA
201912,202307,395,1,1,12,12,26,TRUE,NA
201912,202308,396,1,1,12,12,26,TRUE,NA
201912,202309,397,1,1,12,12,26,TRUE,NA
201912,202310,398,1,1,12,12,26,TRUE,NA
201912,202311,399,1,1,12,12,26,TRUE,NA
201912,202312,400,1,1,12,12,26,TRUE,NA
201912,202401,489,1,0,12,11,24,FALSE,"n_treat_post=0"
201912,202402,490,1,0,12,11,24,FALSE,"n_treat_post=0"
201912,202403,491,1,0,12,11,24,FALSE,"n_treat_post=0"
201912,202404,492,1,0,12,11,24,FALSE,"n_treat_post=0"
201912,202405,493,1,0,12,11,24,FALSE,"n_treat_post=0"
201912,202406,494,1,0,12,11,24,FALSE,"n_treat_post=0"
201912,202407,495,1,0,12,11,24,FALSE,"n_treat_post=0"
201912,202408,496,1,0,12,11,24,FALSE,"n_treat_post=0"
201912,202409,497,1,0,12,11,24,FALSE,"n_treat_post=0"
201912,202410,498,1,0,12,11,24,FALSE,"n_treat_post=0"
201912,202411,499,1,0,12,11,24,FALSE,"n_treat_post=0"
201912,202412,500,1,0,12,11,24,FALSE,"n_treat_post=0"
201912,202501,589,1,0,12,11,24,FALSE,"n_treat_post=0"
201912,202502,590,1,0,12,11,24,FALSE,"n_treat_post=0"
201912,202503,591,1,0,12,11,24,FALSE,"n_treat_post=0"
201912,202504,592,1,0,12,11,24,FALSE,"n_treat_post=0"
201912,202505,593,1,0,12,11,24,FALSE,"n_treat_post=0"
201912,202506,594,1,0,12,10,23,FALSE,"n_treat_post=0"
201912,202507,595,1,0,12,10,23,FALSE,"n_treat_post=0"
201912,202508,596,1,0,12,10,23,FALSE,"n_treat_post=0"
201912,202509,597,1,0,12,10,23,FALSE,"n_treat_post=0"
202003,202003,0,1,1,13,13,28,TRUE,NA
202003,202004,1,1,1,13,13,28,TRUE,NA
202003,202005,2,1,1,13,13,28,TRUE,NA
202003,202006,3,1,1,13,13,28,TRUE,NA
202003,202007,4,1,1,13,13,28,TRUE,NA
202003,202008,5,1,1,13,13,28,TRUE,NA
202003,202009,6,1,1,13,13,28,TRUE,NA
202003,202010,7,1,1,13,13,28,TRUE,NA
202003,202011,8,1,1,13,13,28,TRUE,NA
202003,202012,9,1,1,13,13,28,TRUE,NA
202003,202101,98,1,1,13,13,28,TRUE,NA
202003,202102,99,1,1,13,13,28,TRUE,NA
202003,202103,100,1,1,13,13,28,TRUE,NA
202003,202104,101,1,1,13,13,28,TRUE,NA
202003,202105,102,1,1,13,13,28,TRUE,NA
202003,202106,103,1,1,13,13,28,TRUE,NA
202003,202107,104,1,1,13,13,28,TRUE,NA
202003,202108,105,1,1,13,13,28,TRUE,NA
202003,202109,106,1,1,13,13,28,TRUE,NA
202003,202110,107,1,1,13,13,28,TRUE,NA
202003,202111,108,1,1,13,13,28,TRUE,NA
202003,202112,109,1,1,13,13,28,TRUE,NA
202003,202201,198,1,1,13,13,28,TRUE,NA
202003,202202,199,1,1,13,13,28,TRUE,NA
202003,202203,200,1,1,13,13,28,TRUE,NA
202003,202204,201,1,1,13,13,28,TRUE,NA
202003,202205,202,1,1,13,13,28,TRUE,NA
202003,202206,203,1,1,13,13,28,TRUE,NA
202003,202207,204,1,1,13,13,28,TRUE,NA
202003,202208,205,1,1,13,13,28,TRUE,NA
202003,202209,206,1,1,13,13,28,TRUE,NA
202003,202210,207,1,1,13,12,27,TRUE,NA
202003,202211,208,1,1,13,12,27,TRUE,NA
202003,202212,209,1,1,13,12,27,TRUE,NA
202003,202301,298,1,1,13,12,27,TRUE,NA
202003,202302,299,1,1,13,12,27,TRUE,NA
202003,202303,300,1,1,13,12,27,TRUE,NA
202003,202304,301,1,1,13,12,27,TRUE,NA
202003,202305,302,1,1,13,12,27,TRUE,NA
202003,202306,303,1,1,13,12,27,TRUE,NA
202003,202307,304,1,1,13,12,27,TRUE,NA
202003,202308,305,1,1,13,12,27,TRUE,NA
202003,202309,306,1,1,13,12,27,TRUE,NA
202003,202310,307,1,1,13,12,27,TRUE,NA
202003,202311,308,1,1,13,12,27,TRUE,NA
202003,202312,309,1,1,13,12,27,TRUE,NA
202003,202401,398,1,1,13,11,26,TRUE,NA
202003,202402,399,1,1,13,11,26,TRUE,NA
202003,202403,400,1,1,13,11,26,TRUE,NA
202003,202404,401,1,1,13,11,26,TRUE,NA
202003,202405,402,1,1,13,11,26,TRUE,NA
202003,202406,403,1,1,13,11,26,TRUE,NA
202003,202407,404,1,1,13,11,26,TRUE,NA
202003,202408,405,1,1,13,11,26,TRUE,NA
202003,202409,406,1,1,13,11,26,TRUE,NA
202003,202410,407,1,1,13,11,26,TRUE,NA
202003,202411,408,1,1,13,11,26,TRUE,NA
202003,202412,409,1,1,13,11,26,TRUE,NA
202003,202501,498,1,1,13,11,26,TRUE,NA
202003,202502,499,1,1,13,11,26,TRUE,NA
202003,202503,500,1,1,13,11,26,TRUE,NA
202003,202504,501,1,1,13,11,26,TRUE,NA
202003,202505,502,1,1,13,11,26,TRUE,NA
202003,202506,503,1,1,13,10,25,TRUE,NA
202003,202507,504,1,1,13,10,25,TRUE,NA
202003,202508,505,1,1,13,10,25,TRUE,NA
202003,202509,506,1,1,13,10,25,TRUE,NA
202005,202005,0,1,1,13,13,28,TRUE,NA
202005,202006,1,1,1,13,13,28,TRUE,NA
202005,202007,2,1,1,13,13,28,TRUE,NA
202005,202008,3,1,1,13,13,28,TRUE,NA
202005,202009,4,1,1,13,13,28,TRUE,NA
202005,202010,5,1,1,13,13,28,TRUE,NA
202005,202011,6,1,1,13,13,28,TRUE,NA
202005,202012,7,1,1,13,13,28,TRUE,NA
202005,202101,96,1,1,13,13,28,TRUE,NA
202005,202102,97,1,1,13,13,28,TRUE,NA
202005,202103,98,1,1,13,13,28,TRUE,NA
202005,202104,99,1,1,13,13,28,TRUE,NA
202005,202105,100,1,1,13,13,28,TRUE,NA
202005,202106,101,1,1,13,13,28,TRUE,NA
202005,202107,102,1,1,13,13,28,TRUE,NA
202005,202108,103,1,1,13,13,28,TRUE,NA
202005,202109,104,1,1,13,13,28,TRUE,NA
202005,202110,105,1,1,13,13,28,TRUE,NA
202005,202111,106,1,1,13,13,28,TRUE,NA
202005,202112,107,1,1,13,13,28,TRUE,NA
202005,202201,196,1,1,13,13,28,TRUE,NA
202005,202202,197,1,1,13,13,28,TRUE,NA
202005,202203,198,1,1,13,13,28,TRUE,NA
202005,202204,199,1,1,13,13,28,TRUE,NA
202005,202205,200,1,1,13,13,28,TRUE,NA
202005,202206,201,1,1,13,13,28,TRUE,NA
202005,202207,202,1,1,13,13,28,TRUE,NA
202005,202208,203,1,1,13,13,28,TRUE,NA
202005,202209,204,1,1,13,13,28,TRUE,NA
202005,202210,205,1,1,13,12,27,TRUE,NA
202005,202211,206,1,1,13,12,27,TRUE,NA
202005,202212,207,1,1,13,12,27,TRUE,NA
202005,202301,296,1,1,13,12,27,TRUE,NA
202005,202302,297,1,1,13,12,27,TRUE,NA
202005,202303,298,1,1,13,12,27,TRUE,NA
202005,202304,299,1,1,13,12,27,TRUE,NA
202005,202305,300,1,1,13,12,27,TRUE,NA
202005,202306,301,1,1,13,12,27,TRUE,NA
202005,202307,302,1,1,13,12,27,TRUE,NA
202005,202308,303,1,1,13,12,27,TRUE,NA
202005,202309,304,1,1,13,12,27,TRUE,NA
202005,202310,305,1,1,13,12,27,TRUE,NA
202005,202311,306,1,1,13,12,27,TRUE,NA
202005,202312,307,1,0,13,12,26,FALSE,"n_treat_post=0"
202005,202401,396,1,0,13,11,25,FALSE,"n_treat_post=0"
202005,202402,397,1,0,13,11,25,FALSE,"n_treat_post=0"
202005,202403,398,1,0,13,11,25,FALSE,"n_treat_post=0"
202005,202404,399,1,0,13,11,25,FALSE,"n_treat_post=0"
202005,202405,400,1,0,13,11,25,FALSE,"n_treat_post=0"
202005,202406,401,1,0,13,11,25,FALSE,"n_treat_post=0"
202005,202407,402,1,0,13,11,25,FALSE,"n_treat_post=0"
202005,202408,403,1,0,13,11,25,FALSE,"n_treat_post=0"
202005,202409,404,1,0,13,11,25,FALSE,"n_treat_post=0"
202005,202410,405,1,0,13,11,25,FALSE,"n_treat_post=0"
202005,202411,406,1,0,13,11,25,FALSE,"n_treat_post=0"
202005,202412,407,1,0,13,11,25,FALSE,"n_treat_post=0"
202005,202501,496,1,0,13,11,25,FALSE,"n_treat_post=0"
202005,202502,497,1,0,13,11,25,FALSE,"n_treat_post=0"
202005,202503,498,1,0,13,11,25,FALSE,"n_treat_post=0"
202005,202504,499,1,0,13,11,25,FALSE,"n_treat_post=0"
202005,202505,500,1,0,13,11,25,FALSE,"n_treat_post=0"
202005,202506,501,1,0,13,10,24,FALSE,"n_treat_post=0"
202005,202507,502,1,0,13,10,24,FALSE,"n_treat_post=0"
202005,202508,503,1,0,13,10,24,FALSE,"n_treat_post=0"
202005,202509,504,1,0,13,10,24,FALSE,"n_treat_post=0"
202011,202011,0,1,1,13,13,28,TRUE,NA
202011,202012,1,1,1,13,13,28,TRUE,NA
202011,202101,90,1,1,13,13,28,TRUE,NA
202011,202102,91,1,1,13,13,28,TRUE,NA
202011,202103,92,1,1,13,13,28,TRUE,NA
202011,202104,93,1,1,13,13,28,TRUE,NA
202011,202105,94,1,1,13,13,28,TRUE,NA
202011,202106,95,1,1,13,13,28,TRUE,NA
202011,202107,96,1,1,13,13,28,TRUE,NA
202011,202108,97,1,1,13,13,28,TRUE,NA
202011,202109,98,1,1,13,13,28,TRUE,NA
202011,202110,99,1,1,13,13,28,TRUE,NA
202011,202111,100,1,1,13,13,28,TRUE,NA
202011,202112,101,1,1,13,13,28,TRUE,NA
202011,202201,190,1,1,13,13,28,TRUE,NA
202011,202202,191,1,1,13,13,28,TRUE,NA
202011,202203,192,1,1,13,13,28,TRUE,NA
202011,202204,193,1,1,13,13,28,TRUE,NA
202011,202205,194,1,1,13,13,28,TRUE,NA
202011,202206,195,1,1,13,13,28,TRUE,NA
202011,202207,196,1,1,13,13,28,TRUE,NA
202011,202208,197,1,1,13,13,28,TRUE,NA
202011,202209,198,1,1,13,13,28,TRUE,NA
202011,202210,199,1,1,13,12,27,TRUE,NA
202011,202211,200,1,1,13,12,27,TRUE,NA
202011,202212,201,1,1,13,12,27,TRUE,NA
202011,202301,290,1,1,13,12,27,TRUE,NA
202011,202302,291,1,1,13,12,27,TRUE,NA
202011,202303,292,1,1,13,12,27,TRUE,NA
202011,202304,293,1,1,13,12,27,TRUE,NA
202011,202305,294,1,1,13,12,27,TRUE,NA
202011,202306,295,1,1,13,12,27,TRUE,NA
202011,202307,296,1,1,13,12,27,TRUE,NA
202011,202308,297,1,1,13,12,27,TRUE,NA
202011,202309,298,1,1,13,12,27,TRUE,NA
202011,202310,299,1,1,13,12,27,TRUE,NA
202011,202311,300,1,1,13,12,27,TRUE,NA
202011,202312,301,1,1,13,12,27,TRUE,NA
202011,202401,390,1,1,13,11,26,TRUE,NA
202011,202402,391,1,1,13,11,26,TRUE,NA
202011,202403,392,1,1,13,11,26,TRUE,NA
202011,202404,393,1,1,13,11,26,TRUE,NA
202011,202405,394,1,1,13,11,26,TRUE,NA
202011,202406,395,1,1,13,11,26,TRUE,NA
202011,202407,396,1,1,13,11,26,TRUE,NA
202011,202408,397,1,1,13,11,26,TRUE,NA
202011,202409,398,1,1,13,11,26,TRUE,NA
202011,202410,399,1,1,13,11,26,TRUE,NA
202011,202411,400,1,1,13,11,26,TRUE,NA
202011,202412,401,1,1,13,11,26,TRUE,NA
202011,202501,490,1,1,13,11,26,TRUE,NA
202011,202502,491,1,1,13,11,26,TRUE,NA
202011,202503,492,1,1,13,11,26,TRUE,NA
202011,202504,493,1,1,13,11,26,TRUE,NA
202011,202505,494,1,1,13,11,26,TRUE,NA
202011,202506,495,1,1,13,10,25,TRUE,NA
202011,202507,496,1,1,13,10,25,TRUE,NA
202011,202508,497,1,1,13,10,25,TRUE,NA
202011,202509,498,1,1,13,10,25,TRUE,NA
202101,202101,0,0,1,0,13,14,FALSE,"n_treat_pre=0, n_control_pre=0"
202101,202102,1,0,1,0,13,14,FALSE,"n_treat_pre=0, n_control_pre=0"
202101,202103,2,0,1,0,13,14,FALSE,"n_treat_pre=0, n_control_pre=0"
202101,202104,3,0,1,0,13,14,FALSE,"n_treat_pre=0, n_control_pre=0"
202101,202105,4,0,1,0,13,14,FALSE,"n_treat_pre=0, n_control_pre=0"
202101,202106,5,0,1,0,13,14,FALSE,"n_treat_pre=0, n_control_pre=0"
202101,202107,6,0,1,0,13,14,FALSE,"n_treat_pre=0, n_control_pre=0"
202101,202108,7,0,1,0,13,14,FALSE,"n_treat_pre=0, n_control_pre=0"
202101,202109,8,0,1,0,13,14,FALSE,"n_treat_pre=0, n_control_pre=0"
202101,202110,9,0,1,0,13,14,FALSE,"n_treat_pre=0, n_control_pre=0"
202101,202111,10,0,1,0,13,14,FALSE,"n_treat_pre=0, n_control_pre=0"
202101,202112,11,0,1,0,13,14,FALSE,"n_treat_pre=0, n_control_pre=0"
202101,202201,100,0,1,0,13,14,FALSE,"n_treat_pre=0, n_control_pre=0"
202101,202202,101,0,1,0,13,14,FALSE,"n_treat_pre=0, n_control_pre=0"
202101,202203,102,0,1,0,13,14,FALSE,"n_treat_pre=0, n_control_pre=0"
202101,202204,103,0,1,0,13,14,FALSE,"n_treat_pre=0, n_control_pre=0"
202101,202205,104,0,1,0,13,14,FALSE,"n_treat_pre=0, n_control_pre=0"
202101,202206,105,0,1,0,13,14,FALSE,"n_treat_pre=0, n_control_pre=0"
202101,202207,106,0,1,0,13,14,FALSE,"n_treat_pre=0, n_control_pre=0"
202101,202208,107,0,1,0,13,14,FALSE,"n_treat_pre=0, n_control_pre=0"
202101,202209,108,0,1,0,13,14,FALSE,"n_treat_pre=0, n_control_pre=0"
202101,202210,109,0,1,0,12,13,FALSE,"n_treat_pre=0, n_control_pre=0"
202101,202211,110,0,1,0,12,13,FALSE,"n_treat_pre=0, n_control_pre=0"
202101,202212,111,0,1,0,12,13,FALSE,"n_treat_pre=0, n_control_pre=0"
202101,202301,200,0,1,0,12,13,FALSE,"n_treat_pre=0, n_control_pre=0"
202101,202302,201,0,1,0,12,13,FALSE,"n_treat_pre=0, n_control_pre=0"
202101,202303,202,0,1,0,12,13,FALSE,"n_treat_pre=0, n_control_pre=0"
202101,202304,203,0,1,0,12,13,FALSE,"n_treat_pre=0, n_control_pre=0"
202101,202305,204,0,1,0,12,13,FALSE,"n_treat_pre=0, n_control_pre=0"
202101,202306,205,0,1,0,12,13,FALSE,"n_treat_pre=0, n_control_pre=0"
202101,202307,206,0,1,0,12,13,FALSE,"n_treat_pre=0, n_control_pre=0"
202101,202308,207,0,1,0,12,13,FALSE,"n_treat_pre=0, n_control_pre=0"
202101,202309,208,0,1,0,12,13,FALSE,"n_treat_pre=0, n_control_pre=0"
202101,202310,209,0,1,0,12,13,FALSE,"n_treat_pre=0, n_control_pre=0"
202101,202311,210,0,1,0,12,13,FALSE,"n_treat_pre=0, n_control_pre=0"
202101,202312,211,0,1,0,12,13,FALSE,"n_treat_pre=0, n_control_pre=0"
202101,202401,300,0,1,0,11,12,FALSE,"n_treat_pre=0, n_control_pre=0"
202101,202402,301,0,1,0,11,12,FALSE,"n_treat_pre=0, n_control_pre=0"
202101,202403,302,0,1,0,11,12,FALSE,"n_treat_pre=0, n_control_pre=0"
202101,202404,303,0,1,0,11,12,FALSE,"n_treat_pre=0, n_control_pre=0"
202101,202405,304,0,1,0,11,12,FALSE,"n_treat_pre=0, n_control_pre=0"
202101,202406,305,0,1,0,11,12,FALSE,"n_treat_pre=0, n_control_pre=0"
202101,202407,306,0,1,0,11,12,FALSE,"n_treat_pre=0, n_control_pre=0"
202101,202408,307,0,1,0,11,12,FALSE,"n_treat_pre=0, n_control_pre=0"
202101,202409,308,0,1,0,11,12,FALSE,"n_treat_pre=0, n_control_pre=0"
202101,202410,309,0,1,0,11,12,FALSE,"n_treat_pre=0, n_control_pre=0"
202101,202411,310,0,1,0,11,12,FALSE,"n_treat_pre=0, n_control_pre=0"
202101,202412,311,0,1,0,11,12,FALSE,"n_treat_pre=0, n_control_pre=0"
202101,202501,400,0,1,0,11,12,FALSE,"n_treat_pre=0, n_control_pre=0"
202101,202502,401,0,1,0,11,12,FALSE,"n_treat_pre=0, n_control_pre=0"
202101,202503,402,0,1,0,11,12,FALSE,"n_treat_pre=0, n_control_pre=0"
202101,202504,403,0,1,0,11,12,FALSE,"n_treat_pre=0, n_control_pre=0"
202101,202505,404,0,1,0,11,12,FALSE,"n_treat_pre=0, n_control_pre=0"
202101,202506,405,0,1,0,10,11,FALSE,"n_treat_pre=0, n_control_pre=0"
202101,202507,406,0,1,0,10,11,FALSE,"n_treat_pre=0, n_control_pre=0"
202101,202508,407,0,1,0,10,11,FALSE,"n_treat_pre=0, n_control_pre=0"
202101,202509,408,0,1,0,10,11,FALSE,"n_treat_pre=0, n_control_pre=0"
202103,202103,0,1,1,13,13,28,TRUE,NA
202103,202104,1,1,1,13,13,28,TRUE,NA
202103,202105,2,1,1,13,13,28,TRUE,NA
202103,202106,3,1,1,13,13,28,TRUE,NA
202103,202107,4,1,1,13,13,28,TRUE,NA
202103,202108,5,1,1,13,13,28,TRUE,NA
202103,202109,6,1,1,13,13,28,TRUE,NA
202103,202110,7,1,1,13,13,28,TRUE,NA
202103,202111,8,1,1,13,13,28,TRUE,NA
202103,202112,9,1,1,13,13,28,TRUE,NA
202103,202201,98,1,1,13,13,28,TRUE,NA
202103,202202,99,1,1,13,13,28,TRUE,NA
202103,202203,100,1,1,13,13,28,TRUE,NA
202103,202204,101,1,1,13,13,28,TRUE,NA
202103,202205,102,1,1,13,13,28,TRUE,NA
202103,202206,103,1,1,13,13,28,TRUE,NA
202103,202207,104,1,1,13,13,28,TRUE,NA
202103,202208,105,1,1,13,13,28,TRUE,NA
202103,202209,106,1,1,13,13,28,TRUE,NA
202103,202210,107,1,1,13,12,27,TRUE,NA
202103,202211,108,1,1,13,12,27,TRUE,NA
202103,202212,109,1,1,13,12,27,TRUE,NA
202103,202301,198,1,1,13,12,27,TRUE,NA
202103,202302,199,1,1,13,12,27,TRUE,NA
202103,202303,200,1,1,13,12,27,TRUE,NA
202103,202304,201,1,1,13,12,27,TRUE,NA
202103,202305,202,1,1,13,12,27,TRUE,NA
202103,202306,203,1,1,13,12,27,TRUE,NA
202103,202307,204,1,0,13,12,26,FALSE,"n_treat_post=0"
202103,202308,205,1,0,13,12,26,FALSE,"n_treat_post=0"
202103,202309,206,1,0,13,12,26,FALSE,"n_treat_post=0"
202103,202310,207,1,0,13,12,26,FALSE,"n_treat_post=0"
202103,202311,208,1,0,13,12,26,FALSE,"n_treat_post=0"
202103,202312,209,1,0,13,12,26,FALSE,"n_treat_post=0"
202103,202401,298,1,0,13,11,25,FALSE,"n_treat_post=0"
202103,202402,299,1,0,13,11,25,FALSE,"n_treat_post=0"
202103,202403,300,1,0,13,11,25,FALSE,"n_treat_post=0"
202103,202404,301,1,0,13,11,25,FALSE,"n_treat_post=0"
202103,202405,302,1,0,13,11,25,FALSE,"n_treat_post=0"
202103,202406,303,1,0,13,11,25,FALSE,"n_treat_post=0"
202103,202407,304,1,0,13,11,25,FALSE,"n_treat_post=0"
202103,202408,305,1,0,13,11,25,FALSE,"n_treat_post=0"
202103,202409,306,1,0,13,11,25,FALSE,"n_treat_post=0"
202103,202410,307,1,0,13,11,25,FALSE,"n_treat_post=0"
202103,202411,308,1,0,13,11,25,FALSE,"n_treat_post=0"
202103,202412,309,1,0,13,11,25,FALSE,"n_treat_post=0"
202103,202501,398,1,0,13,11,25,FALSE,"n_treat_post=0"
202103,202502,399,1,0,13,11,25,FALSE,"n_treat_post=0"
202103,202503,400,1,0,13,11,25,FALSE,"n_treat_post=0"
202103,202504,401,1,0,13,11,25,FALSE,"n_treat_post=0"
202103,202505,402,1,0,13,11,25,FALSE,"n_treat_post=0"
202103,202506,403,1,0,13,10,24,FALSE,"n_treat_post=0"
202103,202507,404,1,0,13,10,24,FALSE,"n_treat_post=0"
202103,202508,405,1,0,13,10,24,FALSE,"n_treat_post=0"
202103,202509,406,1,0,13,10,24,FALSE,"n_treat_post=0"
202106,202106,0,1,1,13,13,28,TRUE,NA
202106,202107,1,1,1,13,13,28,TRUE,NA
202106,202108,2,1,1,13,13,28,TRUE,NA
202106,202109,3,1,1,13,13,28,TRUE,NA
202106,202110,4,1,1,13,13,28,TRUE,NA
202106,202111,5,1,1,13,13,28,TRUE,NA
202106,202112,6,1,1,13,13,28,TRUE,NA
202106,202201,95,1,1,13,13,28,TRUE,NA
202106,202202,96,1,1,13,13,28,TRUE,NA
202106,202203,97,1,1,13,13,28,TRUE,NA
202106,202204,98,1,1,13,13,28,TRUE,NA
202106,202205,99,1,1,13,13,28,TRUE,NA
202106,202206,100,1,1,13,13,28,TRUE,NA
202106,202207,101,1,1,13,13,28,TRUE,NA
202106,202208,102,1,1,13,13,28,TRUE,NA
202106,202209,103,1,1,13,13,28,TRUE,NA
202106,202210,104,1,1,13,12,27,TRUE,NA
202106,202211,105,1,1,13,12,27,TRUE,NA
202106,202212,106,1,1,13,12,27,TRUE,NA
202106,202301,195,1,1,13,12,27,TRUE,NA
202106,202302,196,1,1,13,12,27,TRUE,NA
202106,202303,197,1,1,13,12,27,TRUE,NA
202106,202304,198,1,1,13,12,27,TRUE,NA
202106,202305,199,1,1,13,12,27,TRUE,NA
202106,202306,200,1,1,13,12,27,TRUE,NA
202106,202307,201,1,1,13,12,27,TRUE,NA
202106,202308,202,1,1,13,12,27,TRUE,NA
202106,202309,203,1,1,13,12,27,TRUE,NA
202106,202310,204,1,1,13,12,27,TRUE,NA
202106,202311,205,1,1,13,12,27,TRUE,NA
202106,202312,206,1,1,13,12,27,TRUE,NA
202106,202401,295,1,1,13,11,26,TRUE,NA
202106,202402,296,1,1,13,11,26,TRUE,NA
202106,202403,297,1,1,13,11,26,TRUE,NA
202106,202404,298,1,1,13,11,26,TRUE,NA
202106,202405,299,1,1,13,11,26,TRUE,NA
202106,202406,300,1,1,13,11,26,TRUE,NA
202106,202407,301,1,1,13,11,26,TRUE,NA
202106,202408,302,1,1,13,11,26,TRUE,NA
202106,202409,303,1,1,13,11,26,TRUE,NA
202106,202410,304,1,1,13,11,26,TRUE,NA
202106,202411,305,1,1,13,11,26,TRUE,NA
202106,202412,306,1,1,13,11,26,TRUE,NA
202106,202501,395,1,1,13,11,26,TRUE,NA
202106,202502,396,1,1,13,11,26,TRUE,NA
202106,202503,397,1,1,13,11,26,TRUE,NA
202106,202504,398,1,1,13,11,26,TRUE,NA
202106,202505,399,1,1,13,11,26,TRUE,NA
202106,202506,400,1,1,13,10,25,TRUE,NA
202106,202507,401,1,0,13,10,24,FALSE,"n_treat_post=0"
202106,202508,402,1,0,13,10,24,FALSE,"n_treat_post=0"
202106,202509,403,1,0,13,10,24,FALSE,"n_treat_post=0"
202109,202109,0,1,1,13,13,28,TRUE,NA
202109,202110,1,1,1,13,13,28,TRUE,NA
202109,202111,2,1,1,13,13,28,TRUE,NA
202109,202112,3,1,1,13,13,28,TRUE,NA
202109,202201,92,1,1,13,13,28,TRUE,NA
202109,202202,93,1,1,13,13,28,TRUE,NA
202109,202203,94,1,1,13,13,28,TRUE,NA
202109,202204,95,1,1,13,13,28,TRUE,NA
202109,202205,96,1,1,13,13,28,TRUE,NA
202109,202206,97,1,1,13,13,28,TRUE,NA
202109,202207,98,1,1,13,13,28,TRUE,NA
202109,202208,99,1,1,13,13,28,TRUE,NA
202109,202209,100,1,1,13,13,28,TRUE,NA
202109,202210,101,1,1,13,12,27,TRUE,NA
202109,202211,102,1,1,13,12,27,TRUE,NA
202109,202212,103,1,1,13,12,27,TRUE,NA
202109,202301,192,1,1,13,12,27,TRUE,NA
202109,202302,193,1,1,13,12,27,TRUE,NA
202109,202303,194,1,1,13,12,27,TRUE,NA
202109,202304,195,1,1,13,12,27,TRUE,NA
202109,202305,196,1,1,13,12,27,TRUE,NA
202109,202306,197,1,1,13,12,27,TRUE,NA
202109,202307,198,1,1,13,12,27,TRUE,NA
202109,202308,199,1,1,13,12,27,TRUE,NA
202109,202309,200,1,1,13,12,27,TRUE,NA
202109,202310,201,1,1,13,12,27,TRUE,NA
202109,202311,202,1,1,13,12,27,TRUE,NA
202109,202312,203,1,1,13,12,27,TRUE,NA
202109,202401,292,1,1,13,11,26,TRUE,NA
202109,202402,293,1,1,13,11,26,TRUE,NA
202109,202403,294,1,1,13,11,26,TRUE,NA
202109,202404,295,1,1,13,11,26,TRUE,NA
202109,202405,296,1,1,13,11,26,TRUE,NA
202109,202406,297,1,1,13,11,26,TRUE,NA
202109,202407,298,1,1,13,11,26,TRUE,NA
202109,202408,299,1,1,13,11,26,TRUE,NA
202109,202409,300,1,1,13,11,26,TRUE,NA
202109,202410,301,1,1,13,11,26,TRUE,NA
202109,202411,302,1,1,13,11,26,TRUE,NA
202109,202412,303,1,1,13,11,26,TRUE,NA
202109,202501,392,1,1,13,11,26,TRUE,NA
202109,202502,393,1,1,13,11,26,TRUE,NA
202109,202503,394,1,1,13,11,26,TRUE,NA
202109,202504,395,1,1,13,11,26,TRUE,NA
202109,202505,396,1,1,13,11,26,TRUE,NA
202109,202506,397,1,1,13,10,25,TRUE,NA
202109,202507,398,1,1,13,10,25,TRUE,NA
202109,202508,399,1,1,13,10,25,TRUE,NA
202109,202509,400,1,1,13,10,25,TRUE,NA
202110,202110,0,1,1,13,13,28,TRUE,NA
202110,202111,1,1,1,13,13,28,TRUE,NA
202110,202112,2,1,1,13,13,28,TRUE,NA
202110,202201,91,1,1,13,13,28,TRUE,NA
202110,202202,92,1,1,13,13,28,TRUE,NA
202110,202203,93,1,1,13,13,28,TRUE,NA
202110,202204,94,1,1,13,13,28,TRUE,NA
202110,202205,95,1,1,13,13,28,TRUE,NA
202110,202206,96,1,1,13,13,28,TRUE,NA
202110,202207,97,1,1,13,13,28,TRUE,NA
202110,202208,98,1,1,13,13,28,TRUE,NA
202110,202209,99,1,1,13,13,28,TRUE,NA
202110,202210,100,1,1,13,12,27,TRUE,NA
202110,202211,101,1,1,13,12,27,TRUE,NA
202110,202212,102,1,1,13,12,27,TRUE,NA
202110,202301,191,1,1,13,12,27,TRUE,NA
202110,202302,192,1,1,13,12,27,TRUE,NA
202110,202303,193,1,1,13,12,27,TRUE,NA
202110,202304,194,1,1,13,12,27,TRUE,NA
202110,202305,195,1,1,13,12,27,TRUE,NA
202110,202306,196,1,1,13,12,27,TRUE,NA
202110,202307,197,1,1,13,12,27,TRUE,NA
202110,202308,198,1,1,13,12,27,TRUE,NA
202110,202309,199,1,1,13,12,27,TRUE,NA
202110,202310,200,1,1,13,12,27,TRUE,NA
202110,202311,201,1,1,13,12,27,TRUE,NA
202110,202312,202,1,1,13,12,27,TRUE,NA
202110,202401,291,1,1,13,11,26,TRUE,NA
202110,202402,292,1,1,13,11,26,TRUE,NA
202110,202403,293,1,1,13,11,26,TRUE,NA
202110,202404,294,1,1,13,11,26,TRUE,NA
202110,202405,295,1,1,13,11,26,TRUE,NA
202110,202406,296,1,1,13,11,26,TRUE,NA
202110,202407,297,1,1,13,11,26,TRUE,NA
202110,202408,298,1,1,13,11,26,TRUE,NA
202110,202409,299,1,1,13,11,26,TRUE,NA
202110,202410,300,1,1,13,11,26,TRUE,NA
202110,202411,301,1,1,13,11,26,TRUE,NA
202110,202412,302,1,1,13,11,26,TRUE,NA
202110,202501,391,1,1,13,11,26,TRUE,NA
202110,202502,392,1,1,13,11,26,TRUE,NA
202110,202503,393,1,1,13,11,26,TRUE,NA
202110,202504,394,1,1,13,11,26,TRUE,NA
202110,202505,395,1,1,13,11,26,TRUE,NA
202110,202506,396,1,1,13,10,25,TRUE,NA
202110,202507,397,1,1,13,10,25,TRUE,NA
202110,202508,398,1,0,13,10,24,FALSE,"n_treat_post=0"
202110,202509,399,1,0,13,10,24,FALSE,"n_treat_post=0"
202111,202111,0,1,1,13,13,28,TRUE,NA
202111,202112,1,1,1,13,13,28,TRUE,NA
202111,202201,90,1,1,13,13,28,TRUE,NA
202111,202202,91,1,1,13,13,28,TRUE,NA
202111,202203,92,1,1,13,13,28,TRUE,NA
202111,202204,93,1,1,13,13,28,TRUE,NA
202111,202205,94,1,1,13,13,28,TRUE,NA
202111,202206,95,1,1,13,13,28,TRUE,NA
202111,202207,96,1,1,13,13,28,TRUE,NA
202111,202208,97,1,1,13,13,28,TRUE,NA
202111,202209,98,1,1,13,13,28,TRUE,NA
202111,202210,99,1,1,13,12,27,TRUE,NA
202111,202211,100,1,1,13,12,27,TRUE,NA
202111,202212,101,1,1,13,12,27,TRUE,NA
202111,202301,190,1,1,13,12,27,TRUE,NA
202111,202302,191,1,1,13,12,27,TRUE,NA
202111,202303,192,1,1,13,12,27,TRUE,NA
202111,202304,193,1,1,13,12,27,TRUE,NA
202111,202305,194,1,1,13,12,27,TRUE,NA
202111,202306,195,1,1,13,12,27,TRUE,NA
202111,202307,196,1,1,13,12,27,TRUE,NA
202111,202308,197,1,1,13,12,27,TRUE,NA
202111,202309,198,1,1,13,12,27,TRUE,NA
202111,202310,199,1,1,13,12,27,TRUE,NA
202111,202311,200,1,1,13,12,27,TRUE,NA
202111,202312,201,1,1,13,12,27,TRUE,NA
202111,202401,290,1,1,13,11,26,TRUE,NA
202111,202402,291,1,0,13,11,25,FALSE,"n_treat_post=0"
202111,202403,292,1,0,13,11,25,FALSE,"n_treat_post=0"
202111,202404,293,1,0,13,11,25,FALSE,"n_treat_post=0"
202111,202405,294,1,0,13,11,25,FALSE,"n_treat_post=0"
202111,202406,295,1,0,13,11,25,FALSE,"n_treat_post=0"
202111,202407,296,1,0,13,11,25,FALSE,"n_treat_post=0"
202111,202408,297,1,0,13,11,25,FALSE,"n_treat_post=0"
202111,202409,298,1,0,13,11,25,FALSE,"n_treat_post=0"
202111,202410,299,1,0,13,11,25,FALSE,"n_treat_post=0"
202111,202411,300,1,0,13,11,25,FALSE,"n_treat_post=0"
202111,202412,301,1,0,13,11,25,FALSE,"n_treat_post=0"
202111,202501,390,1,0,13,11,25,FALSE,"n_treat_post=0"
202111,202502,391,1,0,13,11,25,FALSE,"n_treat_post=0"
202111,202503,392,1,0,13,11,25,FALSE,"n_treat_post=0"
202111,202504,393,1,0,13,11,25,FALSE,"n_treat_post=0"
202111,202505,394,1,0,13,11,25,FALSE,"n_treat_post=0"
202111,202506,395,1,0,13,10,24,FALSE,"n_treat_post=0"
202111,202507,396,1,0,13,10,24,FALSE,"n_treat_post=0"
202111,202508,397,1,0,13,10,24,FALSE,"n_treat_post=0"
202111,202509,398,1,0,13,10,24,FALSE,"n_treat_post=0"
202209,202209,0,1,1,13,13,28,TRUE,NA
202209,202210,1,1,1,13,12,27,TRUE,NA
202209,202211,2,1,1,13,12,27,TRUE,NA
202209,202212,3,1,1,13,12,27,TRUE,NA
202209,202301,92,1,1,13,12,27,TRUE,NA
202209,202302,93,1,1,13,12,27,TRUE,NA
202209,202303,94,1,1,13,12,27,TRUE,NA
202209,202304,95,1,1,13,12,27,TRUE,NA
202209,202305,96,1,1,13,12,27,TRUE,NA
202209,202306,97,1,1,13,12,27,TRUE,NA
202209,202307,98,1,1,13,12,27,TRUE,NA
202209,202308,99,1,1,13,12,27,TRUE,NA
202209,202309,100,1,1,13,12,27,TRUE,NA
202209,202310,101,1,1,13,12,27,TRUE,NA
202209,202311,102,1,1,13,12,27,TRUE,NA
202209,202312,103,1,1,13,12,27,TRUE,NA
202209,202401,192,1,1,13,11,26,TRUE,NA
202209,202402,193,1,1,13,11,26,TRUE,NA
202209,202403,194,1,1,13,11,26,TRUE,NA
202209,202404,195,1,1,13,11,26,TRUE,NA
202209,202405,196,1,1,13,11,26,TRUE,NA
202209,202406,197,1,1,13,11,26,TRUE,NA
202209,202407,198,1,1,13,11,26,TRUE,NA
202209,202408,199,1,1,13,11,26,TRUE,NA
202209,202409,200,1,1,13,11,26,TRUE,NA
202209,202410,201,1,1,13,11,26,TRUE,NA
202209,202411,202,1,1,13,11,26,TRUE,NA
202209,202412,203,1,1,13,11,26,TRUE,NA
202209,202501,292,1,1,13,11,26,TRUE,NA
202209,202502,293,1,1,13,11,26,TRUE,NA
202209,202503,294,1,0,13,11,25,FALSE,"n_treat_post=0"
202209,202504,295,1,0,13,11,25,FALSE,"n_treat_post=0"
202209,202505,296,1,0,13,11,25,FALSE,"n_treat_post=0"
202209,202506,297,1,0,13,10,24,FALSE,"n_treat_post=0"
202209,202507,298,1,0,13,10,24,FALSE,"n_treat_post=0"
202209,202508,299,1,0,13,10,24,FALSE,"n_treat_post=0"
202209,202509,300,1,0,13,10,24,FALSE,"n_treat_post=0"
202301,202301,0,0,1,0,12,13,FALSE,"n_treat_pre=0, n_control_pre=0"
202301,202302,1,0,1,0,12,13,FALSE,"n_treat_pre=0, n_control_pre=0"
202301,202303,2,0,1,0,12,13,FALSE,"n_treat_pre=0, n_control_pre=0"
202301,202304,3,0,1,0,12,13,FALSE,"n_treat_pre=0, n_control_pre=0"
202301,202305,4,0,1,0,12,13,FALSE,"n_treat_pre=0, n_control_pre=0"
202301,202306,5,0,1,0,12,13,FALSE,"n_treat_pre=0, n_control_pre=0"
202301,202307,6,0,1,0,12,13,FALSE,"n_treat_pre=0, n_control_pre=0"
202301,202308,7,0,1,0,12,13,FALSE,"n_treat_pre=0, n_control_pre=0"
202301,202309,8,0,1,0,12,13,FALSE,"n_treat_pre=0, n_control_pre=0"
202301,202310,9,0,1,0,12,13,FALSE,"n_treat_pre=0, n_control_pre=0"
202301,202311,10,0,1,0,12,13,FALSE,"n_treat_pre=0, n_control_pre=0"
202301,202312,11,0,1,0,12,13,FALSE,"n_treat_pre=0, n_control_pre=0"
202301,202401,100,0,1,0,11,12,FALSE,"n_treat_pre=0, n_control_pre=0"
202301,202402,101,0,1,0,11,12,FALSE,"n_treat_pre=0, n_control_pre=0"
202301,202403,102,0,1,0,11,12,FALSE,"n_treat_pre=0, n_control_pre=0"
202301,202404,103,0,1,0,11,12,FALSE,"n_treat_pre=0, n_control_pre=0"
202301,202405,104,0,1,0,11,12,FALSE,"n_treat_pre=0, n_control_pre=0"
202301,202406,105,0,1,0,11,12,FALSE,"n_treat_pre=0, n_control_pre=0"
202301,202407,106,0,1,0,11,12,FALSE,"n_treat_pre=0, n_control_pre=0"
202301,202408,107,0,1,0,11,12,FALSE,"n_treat_pre=0, n_control_pre=0"
202301,202409,108,0,1,0,11,12,FALSE,"n_treat_pre=0, n_control_pre=0"
202301,202410,109,0,1,0,11,12,FALSE,"n_treat_pre=0, n_control_pre=0"
202301,202411,110,0,1,0,11,12,FALSE,"n_treat_pre=0, n_control_pre=0"
202301,202412,111,0,1,0,11,12,FALSE,"n_treat_pre=0, n_control_pre=0"
202301,202501,200,0,1,0,11,12,FALSE,"n_treat_pre=0, n_control_pre=0"
202301,202502,201,0,1,0,11,12,FALSE,"n_treat_pre=0, n_control_pre=0"
202301,202503,202,0,1,0,11,12,FALSE,"n_treat_pre=0, n_control_pre=0"
202301,202504,203,0,1,0,11,12,FALSE,"n_treat_pre=0, n_control_pre=0"
202301,202505,204,0,1,0,11,12,FALSE,"n_treat_pre=0, n_control_pre=0"
202301,202506,205,0,1,0,10,11,FALSE,"n_treat_pre=0, n_control_pre=0"
202301,202507,206,0,1,0,10,11,FALSE,"n_treat_pre=0, n_control_pre=0"
202301,202508,207,0,1,0,10,11,FALSE,"n_treat_pre=0, n_control_pre=0"
202301,202509,208,0,1,0,10,11,FALSE,"n_treat_pre=0, n_control_pre=0"
