egt,att,se,crit_val,method,t_stat,p_value_ptwise,ci_lo,ci_hi
-79,-0.22243274356437312,0.04086359196693567,2.9095123004808077,bootstrap,-5.443298859883687,1.563889673442877e-5,-0.30252391209850726,-0.14234157503023898
-78,-0.10668048351410639,0.17841820156449167,2.9095123004808077,bootstrap,-0.5979237688680843,0.5557331919652981,-0.45637373276691784,0.2430127657387051
-77,0.10933451044085002,0.03289086943660042,2.9095123004808077,bootstrap,3.324159935984677,0.0029532106608117117,0.044869590924904,0.17379942995679604
-76,0.03783591823007709,0.02146457424429486,2.9095123004808077,bootstrap,1.762714591934365,0.09123367156688451,-0.004233874232226861,0.07990571069238105
-75,-0.15305994206732285,0.024957901076500213,2.9095123004808077,bootstrap,-6.1327249273954605,2.9544513895190427e-6,-0.20197652930697668,-0.10414335482766901
-74,0.04992973105547832,0.02455535706865489,2.9095123004808077,bootstrap,2.0333538997571337,0.053713123963383375,0.0018021155733937144,0.09805734653756293
-73,0.06937504035688806,0.015999112694943123,2.9095123004808077,bootstrap,4.336180491985383,2.4357621631629668e-4,0.03801735569020198,0.10073272502357414
-72,0.03916658005850251,0.026494718787066253,2.9095123004808077,bootstrap,1.4782787608835535,0.15289827808782955,-0.012762114544664076,0.09109527466166908
-71,-0.11480852167089733,0.031791931284292196,2.9095123004808077,bootstrap,-3.611247163446849,0.001468998934642549,-0.17711956198708223,-0.052497481354712425
-70,0.02940560181295749,0.026562779187009614,2.9095123004808077,bootstrap,1.107022785753463,0.2797281181182769,-0.022656488722871473,0.08146769234878645
-69,-0.018744990296132483,0.02043313221335052,2.9095123004808077,bootstrap,-0.9173821272435635,0.36846258948301513,-0.05879319352564469,0.021303212933379723
-68,0.1018133023766921,0.09878066097514901,2.9095123004808077,bootstrap,1.030700760367518,0.31339861723838564,-0.0917932355036611,0.2954198402570453
-67,0.43637212761241734,0.6518705749542494,2.9095123004808077,bootstrap,0.6694152863749733,0.5098953294920849,-0.8412707218793289,1.7140149771041635
-66,-0.02807202637790672,0.22511591770301168,2.9095123004808077,bootstrap,-0.12470031734913237,0.9018443003420544,-0.46929111742249224,0.4131470646666788
-65,-0.011297521921613214,0.07980719413355412,2.9095123004808077,bootstrap,-0.14156019446952697,0.8886600429945871,-0.16771674813057552,0.1451217042873491
-64,0.056744593836694,0.03071653457529118,2.9095123004808077,bootstrap,1.8473631424014922,0.07759834126815457,-0.0034587076607560177,0.11694789533414401
-63,-0.0554628413870725,0.06651738144273422,2.9095123004808077,bootstrap,-0.8338097529413611,0.41296437878850145,-0.18583451336074447,0.07490883058659947
-62,0.0507444254153535,0.03243084916746176,2.9095123004808077,bootstrap,1.5646961679395666,0.13131024621192586,-0.012818870940922322,0.11430772177162932
-61,-0.11670378488109155,0.05558754335663501,2.9095123004808077,bootstrap,-2.0994593003031428,0.04694953792554618,-0.22565336784915488,-0.007754201913028225
-60,0.08024121603987006,0.05978777301364879,2.9095123004808077,bootstrap,1.342100767351746,0.19266277790140787,-0.0369406657827373,0.19742309786247741
-59,-0.020959487512124418,0.04974885423989461,2.9095123004808077,bootstrap,-0.4213059342242415,0.6774429393046433,-0.11846545009445059,0.07654647507020176
-58,0.004532010479999881,0.05842918865845688,2.9095123004808077,bootstrap,0.07756415216530532,0.9388455832685236,-0.10998709493647177,0.11905111589647152
-57,0.16471756818016006,0.1259632128729316,2.9095123004808077,bootstrap,1.3076640744811967,0.20390812380674256,-0.08216579242773792,0.41160092878805804
-56,-0.05460603247248967,0.07911397754764708,2.9095123004808077,bootstrap,-0.6902197837240924,0.49696248063727766,-0.20966657913958836,0.10045451419460903
-55,-0.07156571668592052,0.06277379608478,2.9095123004808077,bootstrap,-1.1400571759156715,0.26599606397434167,-0.19460009618495072,0.05146866281310969
-54,0.006355685871396562,0.057756778225650035,2.9095123004808077,bootstrap,0.11004225073922103,0.9133304137710386,-0.10684551931394468,0.11955689105673781
-53,0.05468505745580289,0.06489373882051891,2.9095123004808077,bootstrap,0.8426861889873402,0.4080820354714516,-0.0725043334545629,0.18187444836616867
-52,0.0017397350701863663,0.038610977354333255,2.9095123004808077,bootstrap,0.04505804280012918,0.9644499709347745,-0.07393638995219841,0.07741586009257113
-51,0.010072620791787102,0.025624213080762497,2.9095123004808077,bootstrap,0.39308995597406937,0.6978729235396091,-0.040149913978687515,0.060295155562261726
-50,-0.035119731893708706,0.03369377451411634,2.9095123004808077,bootstrap,-1.0423210934410136,0.3080956609227153,-0.10115831644459028,0.03091885265717287
-49,0.043906617400769274,0.03973776041960197,2.9095123004808077,bootstrap,1.1049092081976235,0.28062390243800334,-0.03397796184793182,0.12179119664947037
-48,0.01852262229552816,0.047412707775713554,2.9095123004808077,bootstrap,0.3906678855624461,0.6996378487319821,-0.07440457735439254,0.11144982194544886
-47,-0.022154373084645608,0.028116952045060598,2.9095123004808077,bootstrap,-0.7879365106552345,0.438779499733026,-0.07726258644800418,0.03295384027871297
-46,-0.037400679334243604,0.039053340393130784,2.9095123004808077,bootstrap,-0.9576819539058464,0.3481824650280386,-0.11394381998076322,0.03914246131227602
-45,-0.017779861502037413,0.03187997279962596,2.9095123004808077,bootstrap,-0.5577125681313636,0.5824288717408385,-0.08026346001742084,0.04470373701334601
-44,0.016123899159822,0.047061833835648076,2.9095123004808077,bootstrap,0.34261094066437714,0.7350025460466011,-0.07611560020445671,0.10836339852410071
-43,-0.007501346799427901,0.052244839567715216,2.9095123004808077,bootstrap,-0.14358062655557222,0.8870822084524108,-0.10989935073022286,0.09489665713136705
-42,-0.05312064915141368,0.051018109316089744,2.9095123004808077,bootstrap,-1.0412116376617833,0.3085992139443152,-0.15311430597027695,0.04687300766744959
-41,0.04544555687613101,0.05827243340870277,2.9095123004808077,bootstrap,0.7798808839402936,0.44341296640910566,-0.06876631389643499,0.159657427648697
-40,0.016259750395348813,0.03696294355197886,2.9095123004808077,bootstrap,0.4398932777765294,0.6641203552052475,-0.05618628772911674,0.08870578851981437
-39,-0.033272690246140414,0.02849483840115735,2.9095123004808077,bootstrap,-1.1676742916636091,0.2549009296348446,-0.08912154725769769,0.022576166765416864
-38,-0.022601694966858966,0.027201205569875365,2.9095123004808077,bootstrap,-0.8309078400513895,0.4145685030355988,-0.07591507821988498,0.03071168828616705
-37,0.03464868845953498,0.02028347432687155,2.9095123004808077,bootstrap,1.7082225609461983,0.1010586703428955,-0.00510619070247606,0.07440356762154603
-36,-0.034549259978702763,0.017639820387698613,2.9095123004808077,bootstrap,-1.9585947713388394,0.06239503272919099,-0.0691226726323474,2.415267494187967e-5
-35,0.025008761933564713,0.03185734569503294,2.9095123004808077,bootstrap,0.7850234031727247,0.4404516392266541,-0.037430488271741974,0.08744801213887139
-34,-0.009480786578650884,0.05545745632369624,2.9095123004808077,bootstrap,-0.1709560302101319,0.8657534060956354,-0.11817540364729855,0.09921383048999678
-33,-0.0058740907401899686,0.03331360614493276,2.9095123004808077,bootstrap,-0.17632707532875302,0.8615803737902018,-0.07116755897941039,0.05941937749903046
-32,-0.036715989063998346,0.04217242979927683,2.9095123004808077,bootstrap,-0.8706159270108726,0.3929603395035426,-0.11937243261112465,0.04594045448312795
-31,0.028154462075203356,0.029816946746945853,2.9095123004808077,bootstrap,0.9442436314538883,0.3548594597214211,-0.03028567967775922,0.08659460382816593
-30,-0.05343762526067274,0.04718531084137208,2.9095123004808077,bootstrap,-1.1325055257200645,0.2690907990819532,-0.14591913510908933,0.03904388458774385
-29,0.009843261142341275,0.039811364426065934,2.9095123004808077,bootstrap,0.2472475205068967,0.806910388676655,-0.06818557930814706,0.0878721015928296
-28,0.019983032764484522,0.04014704849615457,2.9095123004808077,bootstrap,0.49774599909626155,0.6233887319384175,-0.05870373637356135,0.09866980190253039
-27,-0.02781815398241442,0.030757602408726787,2.9095123004808077,bootstrap,-0.9044318088500174,0.37514296659228896,-0.08810194695432132,0.03246563898949248
-26,0.019168077837042975,0.014253175161555253,2.9095123004808077,bootstrap,1.3448286167663588,0.1917931643913224,-0.008767632144946177,0.04710378781903213
-25,-0.05171064704989461,0.016877244671409594,2.9095123004808077,bootstrap,-3.0639270838736805,0.005497255195714077,-0.08478943876412795,-0.018631855335661272
-24,0.02682633838532132,0.051529809730127184,2.9095123004808077,bootstrap,0.5205984366295293,0.6076223991850321,-0.07417023281592956,0.12782290958657222
-23,-0.033388221266537656,0.022239297400787332,2.9095123004808077,bootstrap,-1.5013163709639326,0.14687868435692858,-0.07697644321355604,0.010200000680480735
-22,-0.006533504192949777,0.02616053704165888,2.9095123004808077,bootstrap,-0.24974656225694505,0.8050004426572174,-0.057807214610827176,0.04474020622492762
-21,-0.03204558885120023,0.05111615957366139,2.9095123004808077,bootstrap,-0.6269169890398486,0.5368875988625896,-0.1322314206435788,0.06814024294117835
-20,0.07603574939000535,0.03184484043651147,2.9095123004808077,bootstrap,2.3876944694257944,0.025557876739322555,0.013621009041018109,0.1384504897389926
-19,-0.009751956218464293,0.027765736665303267,2.9095123004808077,bootstrap,-0.35122267188576245,0.7286182780335204,-0.06417180008668194,0.04466788764975335
-18,-0.018858358578132124,0.02690744101213782,2.9095123004808077,bootstrap,-0.7008603519608277,0.49042058386622833,-0.07159597387805822,0.03387925672179396
-17,-0.018321026732219886,0.05130778909468277,2.9095123004808077,bootstrap,-0.35708080693967315,0.7242867863566064,-0.11888244548417502,0.08224039201973525
-16,0.02404697680137151,0.030429175943920327,2.9095123004808077,bootstrap,0.7902605330387211,0.43744829137700414,-0.035593112127944915,0.08368706573068793
-15,-0.04038452399239772,0.02768601312212504,2.9095123004808077,bootstrap,-1.4586615925615078,0.15818049950812116,-0.09464811258726612,0.013879064602470681
-14,-0.0019483304135284995,0.027454690746779288,2.9095123004808077,bootstrap,-0.07096530175839108,0.9440388290568956,-0.055758535483900966,0.05186187465684396
-13,-0.02988723467590288,0.0399008736514047,2.9095123004808077,bootstrap,-0.7490370997139987,0.46142733175428685,-0.10809150998433925,0.048317040632533496
-12,0.004759655172596942,0.03581302166648372,2.9095123004808077,bootstrap,0.1329029205332694,0.8954260937063533,-0.06543257747126376,0.07495188781645763
-11,-0.016294821907304545,0.021460504837223632,2.9095123004808077,bootstrap,-0.7592935036197695,0.45538913308652584,-0.05835663847831046,0.025766994663701373
-10,0.04526629146589194,0.05210981455927795,2.9095123004808077,bootstrap,0.868671129397302,0.39400142930267157,-0.05686706831135375,0.14739965124313764
-9,-0.03520770841886198,0.04410373911671591,2.9095123004808077,bootstrap,-0.7982930500674439,0.43286636079055474,-0.12164944867117551,0.05123403183345156
-8,0.024576548087416307,0.04946363235859713,2.9095123004808077,bootstrap,0.49686096462231866,0.6240031196358384,-0.07237038987996405,0.12152348605479665
-7,0.03268739586224656,0.027709770192404053,2.9095123004808077,bootstrap,1.1796343179781044,0.2502038714533592,-0.02162275573474689,0.08699754745924002
-6,0.02525534710114835,0.05335111626521836,2.9095123004808077,bootstrap,0.4733799190929634,0.640404334909509,-0.07931091931368868,0.12982161351598537
-5,0.005594592875127074,0.03620752964190428,2.9095123004808077,bootstrap,0.15451462528535084,0.8785518653973585,-0.06537086119217173,0.07656004694242588
-4,6.171349618789082e-5,0.03561961777863908,2.9095123004808077,bootstrap,0.0017325704214855475,0.9986325494749964,-0.06975145449302729,0.06987488148540306
-3,4.552522977858513e-4,0.02111109654570226,2.9095123004808077,bootstrap,0.02156459740498559,0.9829812685409858,-0.04092173660593851,0.04183224120151022
-2,-0.07271372532251073,0.07581340731734838,2.9095123004808077,bootstrap,-0.9591143294501637,0.3474758242151844,-0.22130527320977889,0.07587782256475743
-1,-0.03062616547635119,0.08098917637893342,2.9095123004808077,bootstrap,-0.37815133880429913,0.7087858662866446,-0.1893620343166227,0.12810970336392033
0,-0.08022118387013658,0.08379819983595295,2.9095123004808077,bootstrap,-0.9573139283084972,0.348364182065105,-0.24446263751789457,0.08402026977762142
1,0.018775488092593235,0.03425137940203809,2.9095123004808077,bootstrap,0.5481673561875882,0.5888584738131392,-0.04835598195621846,0.08590695814140492
2,0.0750037977278193,0.06714216164984962,2.9095123004808077,bootstrap,1.1170894097656339,0.2754900854861113,-0.05659242095005233,0.20660001640569092
3,0.04722576496112167,0.06190315916995495,2.9095123004808077,bootstrap,0.7628974933486588,0.45327868349731604,-0.07410219754124038,0.16855372746348374
4,-0.00444340745519731,0.04814100331176726,2.9095123004808077,bootstrap,-0.09229985146801446,0.9272590527035485,-0.09879804012588457,0.08991122521548996
5,0.06516537890865004,0.15390889963998283,2.9095123004808077,bootstrap,0.4234022792774305,0.6759348742692086,-0.23649052128590592,0.366821279103206
6,0.07431395980453567,0.16716833036272868,2.9095123004808077,bootstrap,0.4445456842410653,0.6608031341769633,-0.253329947062106,0.4019578666711774
7,0.003629660447933475,0.15458818616635425,2.9095123004808077,bootstrap,0.023479546127978708,0.9814702732913546,-0.2993576168734937,0.3066169377693607
8,-0.03957699957824112,0.2453594598173088,2.9095123004808077,bootstrap,-0.1613021140807434,0.8732639767595124,-0.5204727040863688,0.44131870492988656
9,-0.01724266539988016,0.22897322373399664,2.9095123004808077,bootstrap,-0.07530428719434616,0.9406237797367463,-0.4660219373425454,0.43153660654278503
10,-0.02119681264333602,0.20420607430876425,2.9095123004808077,bootstrap,-0.10380108777413719,0.9182270290102458,-0.4214333637128238,0.3790397384261518
11,-0.0619227756632942,0.17900074610552275,2.9095123004808077,bootstrap,-0.345935852282929,0.7325352933370229,-0.412757791235917,0.2889122399093286
12,-0.08144242540269975,0.17456129508003526,2.9095123004808077,bootstrap,-0.46655488758466707,0.6452073869100117,-0.42357627685423765,0.26069142604883816
13,-0.012833398476522123,0.13528073534946006,2.9095123004808077,bootstrap,-0.09486493729776539,0.9252437572550769,-0.2779787675635583,0.252311970610514
14,-0.024011828775192645,0.13208852768742962,2.9095123004808077,bootstrap,-0.1817858764541121,0.8573433779166911,-0.2829005858134764,0.2348769282630911
15,-0.13204229049435948,0.11195335388168766,2.9095123004808077,bootstrap,-1.1794402393152223,0.2502795742028218,-0.35146683205093465,0.08738225106221573
16,-0.16147123179072542,0.11652590921494169,2.9095123004808077,bootstrap,-1.3857109794601847,0.17912613567019403,-0.38985781711779505,0.0669153535363442
17,-0.030278147027672935,0.22496033457935607,2.9095123004808077,bootstrap,-0.1345932698948407,0.8941043549925267,-0.4711923007532912,0.4106360066979453
18,-0.06440113641563452,0.10610047095193173,2.9095123004808077,bootstrap,-0.6069825688597662,0.5498081335995075,-0.27235423822415883,0.14355196539288978
19,-0.02680145209873322,0.1579361507563093,2.9095123004808077,bootstrap,-0.1696980201834034,0.8667313986434448,-0.3363506194379877,0.28274771524052134
20,-0.06653359900050748,0.1315591829222491,2.9095123004808077,bootstrap,-0.5057313181994186,0.6178580264605753,-0.3243848593636326,0.19131766136261763
21,5.472256869562125e-4,0.1922682593045341,2.9095123004808077,bootstrap,0.0028461571813029247,0.9977536406991918,-0.37629163792013864,0.37738608929405104
22,-0.08147556997047684,0.16638221990401394,2.9095123004808077,bootstrap,-0.4896891628052575,0.6289920169489998,-0.40757872865016737,0.2446275887092137
23,-0.04560145270309514,0.15823145778722286,2.9095123004808077,bootstrap,-0.2881946064379711,0.7757789230255,-0.3557294111873217,0.26452650578113146
24,-0.0943588608581126,0.15814261753103698,2.9095123004808077,bootstrap,-0.596669400894378,0.5565562453970634,-0.4043126956398375,0.21559497392361235
25,-0.10046908753252151,0.2936745967953453,2.9095123004808077,bootstrap,-0.34211024252307387,0.7353743429491648,-0.6760607204257201,0.4751225453606771
26,-0.28152080972652915,0.42808323280350485,2.9095123004808077,bootstrap,-0.6576310122750135,0.5173034280108612,-1.1205485284068737,0.5575069089538155
27,-0.34684411448598584,0.4349785327489405,2.9095123004808077,bootstrap,-0.7973821427324925,0.4333844699563105,-1.1993863727219853,0.5056981437500137
28,-0.3398242584088431,0.4011171719129197,2.9095123004808077,bootstrap,-0.8471944912959675,0.4056164116822516,-1.1259994689387267,0.4463509521210405
29,-0.2576692985928883,0.4704677339359035,2.9095123004808077,bootstrap,-0.5476875033219454,0.589182620671056,-1.1797691129954315,0.6644305158096548
30,-0.37562976789715286,0.41080714318028655,2.9095123004808077,bootstrap,-0.9143700983122979,0.3700092502814333,-1.1807969731223036,0.42953743732799776
31,-0.24612397870207808,0.35595755819063085,2.9095123004808077,bootstrap,-0.691441923450514,0.4962085875783767,-0.943787972780535,0.4515400153763787
32,-0.12052117685386746,0.30171841899485774,2.9095123004808077,bootstrap,-0.3994491859508303,0.693247359599444,-0.7118784115561542,0.4708360578484193
33,-0.1883918800848421,0.2866157630824738,2.9095123004808077,bootstrap,-0.6572976938139731,0.5175138273447835,-0.7501484531279553,0.3733646929582711
34,-0.2648536725135233,0.4027540903760519,2.9095123004808077,bootstrap,-0.6576064125536979,0.5173189543844977,-1.0542371842767748,0.5245298392497282
35,-0.3068532887453982,0.35553565631917994,2.9095123004808077,bootstrap,-0.8630731778697396,0.39700805170876385,-1.003690370350801,0.38998379286000473
36,-0.40343609984098805,0.3355811492000089,2.9095123004808077,bootstrap,-1.2022013179308146,0.2415172383063245,-1.0611630661635676,0.2542908664815916
37,-0.3953369789467919,0.3595000364126492,2.9095123004808077,bootstrap,-1.0996855046017506,0.2828467372144271,-1.099944102756422,0.3092701448628383
38,-0.6869053563371853,0.17185330707387222,2.9095123004808077,bootstrap,-3.9970447356123016,5.666853122501199e-4,-1.0237316488260773,-0.35007906384829335
39,-0.739110987403299,0.19161014427525633,2.9095123004808077,bootstrap,-3.8573687744920946,8.01143957774042e-4,-1.114659969255325,-0.36356200555127305
40,-0.693034307146827,0.23874322726958358,2.9095123004808077,bootstrap,-2.902843842201513,0.008018567784400864,-1.1609624341480715,-0.22510618014558242
41,-0.7303626551515376,0.22788967913154864,2.9095123004808077,bootstrap,-3.2048957106562863,0.003932395457809391,-1.177018218697762,-0.2837070916053133
42,-0.5214326360384695,0.38177909691801637,2.9095123004808077,bootstrap,-1.3657967139841667,0.185211159148,-1.2697059160480082,0.22684064397106918
43,-0.6641860247796257,0.33814412834400065,2.9095123004808077,bootstrap,-1.964209841620956,0.06170233590072643,-1.3269363379175565,-0.0014357116416949811
44,-0.6042004669379849,0.3117396736964061,2.9095123004808077,bootstrap,-1.9381571160762734,0.06497451030890176,-1.215198999935209,0.006798066059239272
45,-0.5281985695640941,0.38166926198936263,2.9095123004808077,bootstrap,-1.383916972540522,0.17966773944581882,-1.2762565770692267,0.21985943794103868
46,-0.8249701476038649,0.20244904659130447,2.9095123004808077,bootstrap,-4.074952001474621,4.669383631814447e-4,-1.2217629876272929,-0.42817730758043687
47,-0.8843957016526856,0.19661445438553263,2.9095123004808077,bootstrap,-4.498121485608138,1.6263058805185984e-4,-1.2697529510883228,-0.49903845221704846
48,-0.9292692294017637,0.06558860047526271,2.9095123004808077,bootstrap,-14.16815151822374,7.513431139642456e-13,-1.0578205241296652,-0.8007179346738622
49,-1.1667445813478448,0.12794685483337007,2.9095123004808077,bootstrap,-9.118978210658945,4.228755394158911e-9,-1.4175158087564246,-0.9159733539392649
50,-1.163706819871857,0.363240979541454,2.9095123004808077,bootstrap,-3.2036771328523845,0.003943865737301826,-1.8756460574821572,-0.4517675822615568
51,-1.3742837431256563,0.045696353455452456,2.9095123004808077,bootstrap,-30.07425405323404,5.719269739644054e-20,-1.4638469501231555,-1.284720536128157
52,-1.3887455954449273,0.0010985332265745088,2.9095123004808077,bootstrap,-1264.1816941444463,3.42404694484494e-57,-1.3908986810048338,-1.3865925098850207
53,-1.3335043775242106,NA,2.9095123004808077,bootstrap,NA,NA,NA,NA
54,-1.270190805217756,NA,2.9095123004808077,bootstrap,NA,NA,NA,NA
