egt,att,se,method,t_stat,p_value,ci_lo,ci_hi
-86,0.3848484848500676,0.08571942356821538,TWFE_SunAb,4.489629874188384,7.313969285934802e-6,0.21684150188083165,0.5528554678193036
-85,0.41515151515310034,0.09153239615412416,TWFE_SunAb,4.5355691820200965,5.894976609229939e-6,0.23575131527236448,0.5945517150338362
-84,0.2166666666675101,0.0827868050625769,TWFE_SunAb,2.617164251038992,0.008896173802322249,0.054407510349721244,0.378925822985299
-83,0.28181818181902335,0.08162790303770097,TWFE_SunAb,3.4524736190866223,5.606126052104292e-4,0.12183043173160182,0.4418059319064449
-82,0.3818181818200507,0.07988767473185586,TWFE_SunAb,4.779437918322556,1.814165515651956e-6,0.22524121653696272,0.5383951471031386
-81,0.4161616161634815,0.07612509330840406,TWFE_SunAb,5.466812559132038,4.830982880177954e-8,0.2669591749592586,0.5653640573677045
-80,0.2583333333347456,0.07672054094919939,TWFE_SunAb,3.367199059581728,7.657604404100926e-4,0.10796383619988445,0.40870283046960676
-79,0.23030303030444552,0.07363558436445175,TWFE_SunAb,3.1276051150023383,0.0017736729242497455,0.08597993696955941,0.3746261236393316
-78,0.25378787878929193,0.06940318983089924,TWFE_SunAb,3.656717787866029,2.583985293830521e-4,0.11776012630853294,0.3898156312700509
-77,0.23560606060747188,0.0653333628828588,TWFE_SunAb,3.6062135823301804,3.1408289008407175e-4,0.1075550223681827,0.36365709884676106
-76,0.2477272727286872,0.06253546535774053,TWFE_SunAb,3.961388490699445,7.56735116267069e-5,0.1251600128710636,0.3702945325863108
-75,0.22575757575898792,0.061040545299565284,TWFE_SunAb,3.698485566455051,2.1948883711699874e-4,0.10612030537515432,0.3453948461428215
-74,0.10363636363714838,0.06446500734901502,TWFE_SunAb,1.6076375059737256,0.1079850762442722,-0.022712729030030923,0.2299854563043277
-73,0.12545454545532903,0.06556073716217194,TWFE_SunAb,1.913562154510297,0.0557398017111347,-0.0030421381824246307,0.25395122909308265
-72,0.2822510822513252,0.09130043084140024,TWFE_SunAb,3.0914540013686143,0.002004030277256756,0.10330552602919083,0.4611966384734596
-71,0.2982683982686443,0.10900844944822889,TWFE_SunAb,2.7361952195302086,0.006239918897231709,0.08461576333956064,0.511921033197728
-70,0.2844155844158314,0.09719316013639764,TWFE_SunAb,2.926292179580251,0.003447532763162689,0.09392049100485803,0.47491067782680485
-69,0.3090909090918162,0.08331084813800059,TWFE_SunAb,3.710091974814868,2.0969633092771982e-4,0.14580464721984926,0.4723771709637831
-68,0.14939393939456827,0.08823759217872831,TWFE_SunAb,1.6930872172029088,0.09050840706555678,-0.023548563358272323,0.32233644214740886
-67,0.1845454545460847,0.08340666085059929,TWFE_SunAb,2.2125985222768776,0.026975591172657815,0.021071403208163225,0.3480195058840062
-66,0.2021212121218406,0.07233657045721421,TWFE_SunAb,2.794177424286263,0.005225317101081662,0.060344139260556706,0.34389828498312447
-65,0.19121212121275197,0.07148421510167427,TWFE_SunAb,2.6748859302824393,0.007502637745613885,0.05110563415035621,0.3313186082751477
-64,0.19757575757639229,0.06696654144469823,TWFE_SunAb,2.950365261726301,0.003190426176139691,0.06632374817557493,0.3288277669772096
-63,0.19393939394002815,0.06764299545886453,TWFE_SunAb,2.867102389898859,0.004161826228295247,0.06136155903424731,0.326517228845809
-62,0.20575757575820733,0.060474171415016584,TWFE_SunAb,3.4024042156138554,6.738114679275653e-4,0.08723037778987322,0.3242847737265414
-61,0.2309090909097205,0.05663468695393704,TWFE_SunAb,4.077167250832107,4.637862882235409e-5,0.11990714420430348,0.3419110376151375
-60,0.21666666666729795,0.05455576294829111,TWFE_SunAb,3.9714716641880403,7.255116708628409e-5,0.10973933613954269,0.3235939971950532
-59,0.2009090909097212,0.051880451482868815,TWFE_SunAb,3.8725393701722584,1.0924328764822418e-4,0.09922527450162072,0.3025929073178217
-58,0.230606060606691,0.053456353074396536,TWFE_SunAb,4.313913077567241,1.638448841754583e-5,0.12583353383601684,0.33537858737736514
-57,0.1790909090915418,0.05039382007690587,TWFE_SunAb,3.5538268148402254,3.835849328506979e-4,0.08032083669741483,0.27786098148566873
-56,0.19272727272790335,0.0506635095893967,TWFE_SunAb,3.8040647852836273,1.442381342201344e-4,0.0934286186022862,0.2920259268535205
-55,0.1445454545460861,0.048773297731456736,TWFE_SunAb,2.96361864522563,0.0030564578424000437,0.04895154758518182,0.2401393615069904
-54,0.15666666666729928,0.04430290820999572,TWFE_SunAb,3.5362614554489182,4.099414067809528e-4,0.06983456216532383,0.24349877116927474
-53,0.15181818181881504,0.04352315665024236,TWFE_SunAb,3.488216239434224,4.909315494503533e-4,0.0665143622908451,0.23712200134678496
-52,0.14242424242487228,0.040988891101535065,TWFE_SunAb,3.474703476902267,5.162663610519931e-4,0.062087492099629285,0.2227609927501153
-51,0.12787878787941956,0.04178279145385974,TWFE_SunAb,3.0605611408379607,0.002222313201058367,0.045986021456306536,0.20977155430253258
-50,0.15363636363699434,0.04058661096082878,TWFE_SunAb,3.785395232562603,1.5547221386142963e-4,0.07408806789923136,0.23318465937475732
-49,0.13727272727335701,0.041269895115423526,TWFE_SunAb,3.326219436454419,8.874172343505362e-4,0.05638521920138144,0.21816023534533258
-48,0.1251515151521432,0.0391293663155434,TWFE_SunAb,3.198403831610969,0.001391533476273062,0.04845936643580341,0.20184366386848301
-47,0.1261707988986089,0.03942568317056808,TWFE_SunAb,3.200218455384877,0.0013828215831135325,0.04889787981840858,0.20344371797880922
-46,0.11074380165343063,0.03810973907154343,TWFE_SunAb,2.9059186536420847,0.0036797146596615118,0.036050085612986615,0.18543751769387465
-45,0.11724941724987806,0.03872597849327649,TWFE_SunAb,3.0276682943010624,0.0024785162838205964,0.04134789413698345,0.19315094036277267
-44,0.1593073593077573,0.04012064085388373,TWFE_SunAb,3.9707082418733637,7.278323559111007e-5,0.0806723481974789,0.2379423704180357
-43,0.0945454545456426,0.04093238057011988,TWFE_SunAb,2.309796137649018,0.020944697522345606,0.014319462826720586,0.17477144626456462
-42,0.07373737373756531,0.04013207549440675,TWFE_SunAb,1.8373675627078438,0.06622185955012991,-0.004920048856314377,0.15239479633144498
-41,0.09292929292948114,0.03676509916967217,TWFE_SunAb,2.5276497283635586,0.011516996232581532,0.020871022668880274,0.164987563190082
-40,0.11060606060627887,0.03730745399693561,TWFE_SunAb,2.964717469473096,0.0030455843651211972,0.03748479441740021,0.18372732679515752
-39,0.0878787878790065,0.037079170011631746,TWFE_SunAb,2.370031148254907,0.01782871384030216,0.015204950079570692,0.1605526256784423
-38,0.09147727272749416,0.037453892219710266,TWFE_SunAb,2.442396966138378,0.014628491960180245,0.018068992896017128,0.1648855525589712
-37,0.09431818181839773,0.03826356227350245,TWFE_SunAb,2.464960819492574,0.013740073137277,0.0193229778421274,0.16931338579466804
-36,0.05313131313143672,0.04077146433588675,TWFE_SunAb,1.3031494943062647,0.19259071471888728,-0.026779288563860554,0.133041914826734
-35,0.07111111111123593,0.03603400145353881,TWFE_SunAb,1.973444753365083,0.04850628846191491,4.85766043435934e-4,0.1417364561790359
-34,0.06082251082263837,0.033068519283330045,TWFE_SunAb,1.8392873990369205,0.0659390752341918,-0.0039905959947567765,0.1256356176400335
-33,0.05173160173172257,0.04026450638939525,TWFE_SunAb,1.2847941368367919,0.19893067072240037,-0.027185380646774983,0.13064858411022012
-32,0.05337995337979137,0.03734951545976527,TWFE_SunAb,1.4292006930396428,0.1530162964468703,-0.01982375176137048,0.1265836585209532
-31,0.10808080808067243,0.08101568160645362,TWFE_SunAb,1.3340726873803508,0.1822478612150184,-0.05070701005094071,0.2668686262122856
-30,0.12380952380938771,0.10941767859171,TWFE_SunAb,1.1315312607881274,0.2578921317982202,-0.09064518550234311,0.33826423312111853
-29,0.12099567099552017,0.09082532997439283,TWFE_SunAb,1.332179811839203,0.18286888565990173,-0.05701870463825595,0.2990100466292963
-28,0.08722943722928934,0.07398573815791232,TWFE_SunAb,1.179003405265893,0.23845944512856102,-0.05777994492982956,0.23223881938840824
-27,0.08982683982670013,0.07360239824542147,TWFE_SunAb,1.220433599557171,0.22236479479583765,-0.05443120991009999,0.23408488956350026
-26,0.07121212121198527,0.07290334486468852,TWFE_SunAb,0.9768018373389831,0.32872001943267626,-0.07167580907530728,0.2141000514992778
-25,0.12272727272712497,0.07354186874294734,TWFE_SunAb,1.6688081881097767,0.09522528986678322,-0.021412141364823695,0.26686668681907366
-24,0.10745920745918203,0.0771963233570252,TWFE_SunAb,1.3920249409054632,0.16398395878853606,-0.043842806059495476,0.25876122097785953
-23,0.09160839160836742,0.0643551467369844,TWFE_SunAb,1.4234819785706554,0.15466613488787914,-0.03452537821591234,0.21774216143264719
-22,0.09862258953185077,0.060425698064878824,TWFE_SunAb,1.6321299164133793,0.10272241721969332,-0.019809602416003325,0.21705478147970486
-21,0.09311294765857171,0.061982727080761274,TWFE_SunAb,1.5022402537605175,0.1331055674444335,-0.028370965083295827,0.21459686040043924
-20,0.06501377410485117,0.06216579415914614,TWFE_SunAb,1.0458126528298524,0.29570397320474046,-0.05682894351740568,0.186856491727108
-19,0.0344352617078019,0.06027625476725736,TWFE_SunAb,0.5712906656321897,0.5678312919334363,-0.08370402675898322,0.15257455017458704
-18,0.05117845117830042,0.08708852602031625,TWFE_SunAb,0.5876600915987644,0.5567900923421588,-0.11951192328819873,0.22186882564479957
-17,0.04575757575747081,0.07026626266992261,TWFE_SunAb,0.651202640055272,0.5149490937828046,-0.09196176840380874,0.18347691991875034
-16,-0.004848484848609687,0.07788630393312938,TWFE_SunAb,-0.06225080153723094,0.9503658847289407,-0.1575028354464836,0.14780586574926421
-15,-0.013498622589263445,0.06302995202172094,TWFE_SunAb,-0.21416203180055798,0.8304304520446385,-0.137035058499124,0.11003781332059713
-14,0.019559228650381705,0.047906453586645914,TWFE_SunAb,0.4082796196759993,0.6830879165382528,-0.07433569500648395,0.11345415230724736
-13,0.004545454545705765,0.03795419380153527,TWFE_SunAb,0.11976158865273799,0.9046773819326546,-0.06984339836755671,0.07893430745896823
-12,0.016666666666892788,0.02420457155239457,TWFE_SunAb,0.6885751574166553,0.4911263214324465,-0.0307734218370233,0.06410675517080888
-11,0.01590909090933935,0.025070672011968775,TWFE_SunAb,0.6345697834403612,0.5257414505950555,-0.033228523302335763,0.06504670512101447
-10,0.01742424242448201,0.01890792225258163,TWFE_SunAb,0.9215313132622469,0.3568227334319528,-0.019634604213061423,0.054483089062025446
-9,0.011616161616410249,0.024977470719804332,TWFE_SunAb,0.46506556835636426,0.6419071106541256,-0.03733878141930996,0.06057110465213046
-8,0.03232323232346859,0.018363463145283823,TWFE_SunAb,1.7601926209528713,0.07844339938901529,-0.0036684940727163134,0.0683149587196535
-7,0.0442890442891333,0.010282108972608757,TWFE_SunAb,4.30738911706908,1.6873051463226905e-5,0.024136481017704006,0.0644416075605626
-6,0.04265734265741198,0.008808640158840853,TWFE_SunAb,4.842670592531657,1.3242478388864406e-6,0.025392725193310733,0.059921960121513226
-5,0.03737373737366012,0.007270571606019219,TWFE_SunAb,5.140412528599382,2.858141193297959e-7,0.023123678878842917,0.051623795868477325
-4,0.026868686868589124,0.009346585257022779,TWFE_SunAb,2.874706230106947,0.004063095033344362,0.008549716386391439,0.04518765735078681
-3,0.0022222222221556535,0.006988340998862756,TWFE_SunAb,0.317989952481896,0.7505073827621171,-0.01147467444730001,0.01591911889161132
-2,-0.003977272726985455,0.006457576052112613,TWFE_SunAb,-0.6159079962649886,0.5379865403307744,-0.01663388921655452,0.00867934376258361
-1,0,0,TWFE_SunAb,NA,NA,0,0
0,0.0164983164984963,0.009898031450536552,TWFE_SunAb,1.6668280537340543,0.09561851634983212,-0.002901468662400087,0.03589810165939268
1,0.007912457912653012,0.01670198697473308,TWFE_SunAb,0.4737435087587513,0.6357059132226242,-0.024822835028080907,0.040647750853386934
2,0.015151515151724441,0.016446136999365896,TWFE_SunAb,0.9212810979446803,0.35695330551192406,-0.01708232105184434,0.047385351355293225
3,0.003208556149968681,0.013026931564570262,TWFE_SunAb,0.24630175832773143,0.8054599354039709,-0.022323760545657042,0.028740872845594404
4,0.012121212121449294,0.018630739623853695,TWFE_SunAb,0.6506028405834201,0.5153362676048344,-0.02439436654664725,0.04863679078954584
5,0.01757575757602113,0.019440269575855453,TWFE_SunAb,0.9040902188851321,0.3659961874736214,-0.020526470642405294,0.055677985794447556
6,0.019480519480832265,0.022493325834691904,TWFE_SunAb,0.8660577641562935,0.38650487308718817,-0.024605589047688205,0.06356662800935273
7,0.024009324009857065,0.017011877912496764,TWFE_SunAb,1.4113270817809034,0.158217650181667,-0.009333344008029015,0.057351992027743146
8,0.028671328671868453,0.012848589837971654,TWFE_SunAb,2.2314766860356605,0.025698863384935128,0.0034885553373166893,0.05385410200642021
9,-0.014452214451691023,0.016984287449865194,TWFE_SunAb,-0.8509167366809804,0.39486109417349713,-0.04774080615650243,0.018836377253120387
10,0.01540404040458144,0.02739526918556679,TWFE_SunAb,0.5622883389186432,0.5739477203668472,-0.03828970054590939,0.06909778135507227
11,0.016161616162159824,0.023493708320518832,TWFE_SunAb,0.68791252286233,0.49154349247668183,-0.02988520600934607,0.06220843833366572
12,0.01313131313184773,0.024805514767962545,TWFE_SunAb,0.529370716741078,0.5965745428943127,-0.03548660243133528,0.06174922869503073
13,0.008080808081321559,0.02367765959936561,TWFE_SunAb,0.34128407190793747,0.7329057464572166,-0.03832655197163411,0.05448816813427722
14,0.019444444444982462,0.024976469059286528,TWFE_SunAb,0.7785105412149042,0.4363092193741369,-0.02950853537219812,0.06839742426216304
15,0.003535353535894561,0.024219841418336066,TWFE_SunAb,0.1459693098245498,0.8839521847754133,-0.04393466335531561,0.051005370427104735
16,-0.0015151515146176174,0.02516231290048617,TWFE_SunAb,-0.06021511299894623,0.9519869955620042,-0.05083237856729808,0.047802075538062844
17,-0.012121212120681088,0.030673179556388916,TWFE_SunAb,-0.39517299138805323,0.6927340420460537,-0.07223953934253362,0.04799711510117144
18,0.001515151515689598,0.038690545193799296,TWFE_SunAb,0.03916076933266948,0.9687639564673446,-0.07431692360637629,0.07734722663775548
19,-0.0018181818175397359,0.018871212671471654,TWFE_SunAb,-0.09634684581178782,0.9232494169731453,-0.03880507899822007,0.03516871536314059
20,-0.0011019283741043676,0.019651859773271933,TWFE_SunAb,-0.05607247287623517,0.9552865739095101,-0.03961886575894882,0.03741500901074008
21,5.318159107536857e-13,0.027042278618029436,TWFE_SunAb,1.966609094838322e-11,0.9999999999843097,-0.053001892150703445,0.05300189215176708
22,0.007070707071084188,0.032509897389959415,TWFE_SunAb,0.21749398302524187,0.8278333024530946,-0.05664752095432894,0.07078893509649732
23,0.007692307692594139,0.035127461137924455,TWFE_SunAb,0.21898274009587723,0.8266734704693652,-0.06115625100606816,0.07654086639125644
24,0.009090909090996177,0.029975473403878204,TWFE_SunAb,0.30327824913750995,0.7616919061355373,-0.049659939200143347,0.0678417573821357
25,0.030303030303113605,0.03883111321340945,TWFE_SunAb,0.7803801589867667,0.4352083810072942,-0.045804553074766295,0.1064106136809935
26,-0.013383838384048757,0.041314519439645585,TWFE_SunAb,-0.3239499954392685,0.745991017963715,-0.09435880852433401,0.06759113175623649
27,0.0051282051280502105,0.035537647675791026,TWFE_SunAb,0.1443034489743014,0.8852673471333017,-0.06452430441177374,0.07478071466787416
28,-0.018181818181995605,0.032807870928116316,TWFE_SunAb,-0.554190737394477,0.5794759841500687,-0.08248406361054224,0.046120427246551035
29,-0.014141414141587616,0.04464784461335254,TWFE_SunAb,-0.3167322916492689,0.7514615050490608,-0.10164958157109923,0.07336675328792398
30,-0.00631313131330769,0.03911106588113956,TWFE_SunAb,-0.1614154759293343,0.8717734586957685,-0.0829694118373145,0.07034314921069913
31,0.010353535353360342,0.03936589333166036,TWFE_SunAb,0.26300775816596095,0.7925566965450276,-0.06680219779593942,0.0875092685026601
32,-0.001010101010280538,0.03972712714430641,TWFE_SunAb,-0.02542597672898437,0.9797163240433535,-0.07887383942236464,0.07685363740180357
33,0.002272727272551763,0.04073218900138587,TWFE_SunAb,0.05579683607169837,0.9555061441558508,-0.07756089618164304,0.08210635072674656
34,0.00853994490353589,0.043354883070815815,TWFE_SunAb,0.19697769429078504,0.8438539305622852,-0.07643406446920838,0.09351395427628016
35,0.004683195592251662,0.05766949249060696,TWFE_SunAb,0.08120750486948446,0.935280559528533,-0.10834693269604104,0.11771332388054437
36,-0.04765840220370669,0.04663720663685467,TWFE_SunAb,-1.021896585162222,0.3068850387278057,-0.1390656475514942,0.0437488431440808
37,-0.03553719008251989,0.05104526778532625,TWFE_SunAb,-0.6961897081620484,0.48634615597761366,-0.13558407652296195,0.06450969635792217
38,-0.01570247933869002,0.05167267405624496,TWFE_SunAb,-0.3038836217687921,0.7612306716776266,-0.11697905947380732,0.0855741007964273
39,-0.029090909091281786,0.06409313466305759,TWFE_SunAb,-0.45388494796228757,0.6499336289289751,-0.15471114468715036,0.09652932650458679
40,-0.037121212121564516,0.07002862060537407,TWFE_SunAb,-0.5300862961552579,0.5960783760125437,-0.17437478639511717,0.10013236215198812
41,-0.04469696969734218,0.0797799367170416,TWFE_SunAb,-0.5602532608652041,0.5753347226739506,-0.20106277235162834,0.11166883295694396
42,-0.06628787878822626,0.07243579930701223,TWFE_SunAb,-0.9151259380361277,0.36017478278743087,-0.20825943662134158,0.07568367904488907
43,-0.04886363636398816,0.08214593876430411,TWFE_SunAb,-0.5948393444524306,0.5519809130864888,-0.20986671781825686,0.11213944509028054
44,-0.029166666667016894,0.11124073955515415,TWFE_SunAb,-0.26219410967288476,0.7931838518428315,-0.24719450980871915,0.18886117647468537
45,-0.06969696969732804,0.05534084302944058,TWFE_SunAb,-1.259412865471713,0.20794686971697754,-0.17816302890911606,0.03876908951445997
46,-0.07689393939429193,0.07307308613529423,TWFE_SunAb,-1.0522881058003137,0.2927241529772557,-0.22011455645866174,0.06632667767007788
47,-0.0859848484851984,0.06139563491889575,TWFE_SunAb,-1.4005042638419694,0.16143163723641818,-0.20631808173420374,0.03434838476380696
48,-0.08901515151550571,0.05131954477660688,TWFE_SunAb,-1.7345273014986236,0.08289336229628569,-0.18959961098064582,0.011569307949634386
49,-0.07007575757610864,0.0700181699588556,TWFE_SunAb,-1.000822466758084,0.31696671056543535,-0.20730884895886992,0.06715733380665263
50,-0.05984848484886674,0.07215965334062266,TWFE_SunAb,-0.8293898609290397,0.4069280353763206,-0.20127880653338248,0.08158183683564901
51,-0.11780303030338195,0.05123208526569812,TWFE_SunAb,-2.2993994816419403,0.021528058915430734,-0.21821607227703538,-0.017389988329728504
52,-0.12575757575792662,0.05464993464027568,TWFE_SunAb,-2.3011477796946225,0.021428982325069592,-0.2328694794103348,-0.018645672105518415
53,-0.11174242424277782,0.05495500449127511,TWFE_SunAb,-2.0333439197610934,0.04207662828990743,-0.21945225381591393,-0.0040325946696417175
54,-0.08750000000036351,0.05558634268698408,TWFE_SunAb,-1.5741276682492054,0.11552856474475842,-0.19644722969915368,0.021447229698426662
55,-0.12196969697005022,0.05558274190848673,TWFE_SunAb,-2.194380715706058,0.02825922564724403,-0.23090986927266927,-0.013029524667431167
56,-0.11515151515186768,0.05628653719757395,TWFE_SunAb,-2.04580919141764,0.04083343335263335,-0.22547110087358663,-0.004831929430148721
57,-0.15416666666701995,0.05529844434765487,TWFE_SunAb,-2.7879024172505122,0.005327427666248504,-0.262549625989516,-0.045783707344523916
58,-0.13825757575792738,0.06832403957520544,TWFE_SunAb,-2.023556812763462,0.04307504054059778,-0.27217023260361933,-0.004344918912235429
59,-0.11856060606095675,0.06389670956311104,TWFE_SunAb,-1.8555040920198553,0.06358992459749904,-0.2437958555352704,0.006674643413356884
60,-0.13825757575792702,0.06462523542231771,TWFE_SunAb,-2.139374423233143,0.03245925774613004,-0.26492070967809184,-0.011594441837762204
61,-0.18398268398303164,0.07159555583926283,TWFE_SunAb,-2.5697500609686723,0.010209248764123673,-0.3243073948811131,-0.043657973084950175
62,-0.1645021645025127,0.06798127368415431,TWFE_SunAb,-2.419815863803922,0.015567923630537248,-0.29774301254661567,-0.03126131645840974
63,-0.22727272727322828,0.09010720619333935,TWFE_SunAb,-2.522248073983988,0.011695122336397397,-0.40387960615969787,-0.050665848386758694
64,-0.1878787878792953,0.13039475009350163,TWFE_SunAb,-1.44084625910609,0.14969802188494621,-0.44344780183565924,0.06769022607706865
65,-0.24848484848462773,0.1449090108117584,TWFE_SunAb,-1.7147646450186442,0.08645755957914326,-0.5325012907109994,0.03553159374174389
66,-0.2808080808078613,0.11728527130031774,TWFE_SunAb,-2.3942314128159463,0.016696111130905092,-0.5106829884734932,-0.050933173142229365
67,-0.3191919191916979,0.09106923769722183,TWFE_SunAb,-3.5049367630913553,4.6118787074001644e-4,-0.49768434517777005,-0.14069949320562578
68,-0.3712121212120829,0.13257984266601172,TWFE_SunAb,-2.79991372555194,0.0051335237526498045,-0.6310638379134526,-0.11136040451071322
69,-0.4454545454545147,0.17385710854644307,TWFE_SunAb,-2.5621877021814083,0.010433931482741384,-0.7862082166618138,-0.10470087424721558
70,-0.4106060606060251,0.13289648860472117,TWFE_SunAb,-3.089668244187441,0.0020160914039581094,-0.6710783919431162,-0.15013372926893404
71,-0.40606060606057115,0.17300773650175366,TWFE_SunAb,-2.347066173289049,0.018965212758218785,-0.7451495386508039,-0.06697167347033839
72,-0.47424242424239527,0.132207950026802,TWFE_SunAb,-3.5870946047212287,3.37954509764614e-4,-0.7333652447647984,-0.21511960371999217
73,-0.40151515151511497,0.13221703302441168,TWFE_SunAb,-3.0367883950397063,0.0024048975419522583,-0.6606557743857047,-0.1423745286445252
74,-0.4015151515151181,0.1331131819137792,TWFE_SunAb,-3.016344029513093,0.002572796277040411,-0.6624121939336537,-0.14061810909658246
75,-0.40454545454542057,0.13221400542784295,TWFE_SunAb,-3.059777617630721,0.002228122611906451,-0.6636801434357759,-0.14541076565506528
76,-0.3560606060605749,0.21572662167126008,TWFE_SunAb,-1.6505176936538037,0.09890720912955873,-0.7788770150427424,0.06675580292159267
