location,location_std,month_date,filings_count,filings_avg,is_state,source
arizona,arizona,2020-01-01,5850,7507.5,TRUE,cities_aggregated
arizona,arizona,2020-02-01,5615,6337.5,TRUE,cities_aggregated
arizona,arizona,2020-03-01,3859,5981,TRUE,cities_aggregated
arizona,arizona,2020-04-01,1764,6544.5,TRUE,cities_aggregated
arizona,arizona,2020-05-01,1458,6974.5,TRUE,cities_aggregated
arizona,arizona,2020-06-01,1603,7081,TRUE,cities_aggregated
arizona,arizona,2020-07-01,1754,7487.5,TRUE,cities_aggregated
arizona,arizona,2020-08-01,2164,7804.5,TRUE,cities_aggregated
arizona,arizona,2020-09-01,2857,7656,TRUE,cities_aggregated
arizona,arizona,2020-10-01,3374,7796.5,TRUE,cities_aggregated
arizona,arizona,2020-11-01,3164,6561.5,TRUE,cities_aggregated
arizona,arizona,2020-12-01,4206,7194.5,TRUE,cities_aggregated
arizona,arizona,2021-01-01,3237,7507.5,TRUE,cities_aggregated
arizona,arizona,2021-02-01,3141,6278.5,TRUE,cities_aggregated
arizona,arizona,2021-03-01,3242,5981,TRUE,cities_aggregated
arizona,arizona,2021-04-01,2469,6544.5,TRUE,cities_aggregated
arizona,arizona,2021-05-01,2610,6974.5,TRUE,cities_aggregated
arizona,arizona,2021-06-01,2972,7081,TRUE,cities_aggregated
arizona,arizona,2021-07-01,3616,7487.5,TRUE,cities_aggregated
arizona,arizona,2021-08-01,2980,7804.5,TRUE,cities_aggregated
arizona,arizona,2021-09-01,4251,7656,TRUE,cities_aggregated
arizona,arizona,2021-10-01,4654,7796.5,TRUE,cities_aggregated
arizona,arizona,2021-11-01,3801,6561.5,TRUE,cities_aggregated
arizona,arizona,2021-12-01,4393,7194.5,TRUE,cities_aggregated
arizona,arizona,2022-01-01,5200,7507.5,TRUE,cities_aggregated
arizona,arizona,2022-02-01,4496,6278.5,TRUE,cities_aggregated
arizona,arizona,2022-03-01,4674,5981,TRUE,cities_aggregated
arizona,arizona,2022-04-01,4191,6544.5,TRUE,cities_aggregated
arizona,arizona,2022-05-01,4820,6974.5,TRUE,cities_aggregated
arizona,arizona,2022-06-01,5771,7081,TRUE,cities_aggregated
arizona,arizona,2022-07-01,6383,7487.5,TRUE,cities_aggregated
arizona,arizona,2022-08-01,6552,7804.5,TRUE,cities_aggregated
arizona,arizona,2022-09-01,6044,7656,TRUE,cities_aggregated
arizona,arizona,2022-10-01,5108,7796.5,TRUE,cities_aggregated
arizona,arizona,2022-11-01,4836,6561.5,TRUE,cities_aggregated
arizona,arizona,2022-12-01,5127,7194.5,TRUE,cities_aggregated
arizona,arizona,2023-01-01,7019,7507.5,TRUE,cities_aggregated
arizona,arizona,2023-02-01,5803,6278.5,TRUE,cities_aggregated
arizona,arizona,2023-03-01,5776,5981,TRUE,cities_aggregated
arizona,arizona,2023-04-01,6318,6544.5,TRUE,cities_aggregated
arizona,arizona,2023-05-01,6878,6974.5,TRUE,cities_aggregated
arizona,arizona,2023-06-01,6949,7081,TRUE,cities_aggregated
arizona,arizona,2023-07-01,7086,7487.5,TRUE,cities_aggregated
arizona,arizona,2023-08-01,7674,7804.5,TRUE,cities_aggregated
arizona,arizona,2023-09-01,7791,7656,TRUE,cities_aggregated
arizona,arizona,2023-10-01,7924,7796.5,TRUE,cities_aggregated
arizona,arizona,2023-11-01,6628,6561.5,TRUE,cities_aggregated
arizona,arizona,2023-12-01,7061,7194.5,TRUE,cities_aggregated
arizona,arizona,2024-01-01,7996,7507.5,TRUE,cities_aggregated
arizona,arizona,2024-02-01,6872,6337.5,TRUE,cities_aggregated
arizona,arizona,2024-03-01,6186,5981,TRUE,cities_aggregated
arizona,arizona,2024-04-01,6771,6544.5,TRUE,cities_aggregated
arizona,arizona,2024-05-01,7071,6974.5,TRUE,cities_aggregated
arizona,arizona,2024-06-01,7213,7081,TRUE,cities_aggregated
arizona,arizona,2024-07-01,7889,7487.5,TRUE,cities_aggregated
arizona,arizona,2024-08-01,7935,7804.5,TRUE,cities_aggregated
arizona,arizona,2024-09-01,7521,7656,TRUE,cities_aggregated
arizona,arizona,2024-10-01,7669,7796.5,TRUE,cities_aggregated
arizona,arizona,2024-11-01,6495,6561.5,TRUE,cities_aggregated
arizona,arizona,2024-12-01,7328,7194.5,TRUE,cities_aggregated
arizona,arizona,2025-01-01,7594,7507.5,TRUE,cities_aggregated
arizona,arizona,2025-02-01,7053,6278.5,TRUE,cities_aggregated
arizona,arizona,2025-03-01,5963,5981,TRUE,cities_aggregated
arizona,arizona,2025-04-01,6314,6544.5,TRUE,cities_aggregated
arizona,arizona,2025-05-01,7069,6974.5,TRUE,cities_aggregated
arizona,arizona,2025-06-01,7010,7081,TRUE,cities_aggregated
arizona,arizona,2025-07-01,7222,7487.5,TRUE,cities_aggregated
arizona,arizona,2025-08-01,7550,7804.5,TRUE,cities_aggregated
arizona,arizona,2025-09-01,7285,7656,TRUE,cities_aggregated
arizona,arizona,2025-10-01,7559,7796.5,TRUE,cities_aggregated
arizona,arizona,2025-11-01,0,644,TRUE,cities_aggregated
CONNECTICUT,connecticut,2017-01-01,1762,NA,TRUE,state_level
CONNECTICUT,connecticut,2017-02-01,1568,NA,TRUE,state_level
CONNECTICUT,connecticut,2017-03-01,1651,NA,TRUE,state_level
CONNECTICUT,connecticut,2017-04-01,1277,NA,TRUE,state_level
CONNECTICUT,connecticut,2017-05-01,1743,NA,TRUE,state_level
CONNECTICUT,connecticut,2017-06-01,1770,NA,TRUE,state_level
CONNECTICUT,connecticut,2017-07-01,1820,NA,TRUE,state_level
CONNECTICUT,connecticut,2017-08-01,2002,NA,TRUE,state_level
CONNECTICUT,connecticut,2017-09-01,1706,NA,TRUE,state_level
CONNECTICUT,connecticut,2017-10-01,1874,NA,TRUE,state_level
CONNECTICUT,connecticut,2017-11-01,1627,NA,TRUE,state_level
CONNECTICUT,connecticut,2017-12-01,1585,NA,TRUE,state_level
CONNECTICUT,connecticut,2018-01-01,1686,NA,TRUE,state_level
CONNECTICUT,connecticut,2018-02-01,1666,NA,TRUE,state_level
CONNECTICUT,connecticut,2018-03-01,1345,NA,TRUE,state_level
CONNECTICUT,connecticut,2018-04-01,1426,NA,TRUE,state_level
CONNECTICUT,connecticut,2018-05-01,1447,NA,TRUE,state_level
CONNECTICUT,connecticut,2018-06-01,1756,NA,TRUE,state_level
CONNECTICUT,connecticut,2018-07-01,1824,NA,TRUE,state_level
CONNECTICUT,connecticut,2018-08-01,1876,NA,TRUE,state_level
CONNECTICUT,connecticut,2018-09-01,1696,NA,TRUE,state_level
CONNECTICUT,connecticut,2018-10-01,1992,NA,TRUE,state_level
CONNECTICUT,connecticut,2018-11-01,1534,NA,TRUE,state_level
CONNECTICUT,connecticut,2018-12-01,1470,NA,TRUE,state_level
CONNECTICUT,connecticut,2019-01-01,1715,NA,TRUE,state_level
CONNECTICUT,connecticut,2019-02-01,1404,NA,TRUE,state_level
CONNECTICUT,connecticut,2019-03-01,1410,NA,TRUE,state_level
CONNECTICUT,connecticut,2019-04-01,1275,NA,TRUE,state_level
CONNECTICUT,connecticut,2019-05-01,1585,NA,TRUE,state_level
CONNECTICUT,connecticut,2019-06-01,1525,NA,TRUE,state_level
CONNECTICUT,connecticut,2019-07-01,1848,NA,TRUE,state_level
CONNECTICUT,connecticut,2019-08-01,1813,NA,TRUE,state_level
CONNECTICUT,connecticut,2019-09-01,1735,NA,TRUE,state_level
CONNECTICUT,connecticut,2019-10-01,1708,NA,TRUE,state_level
CONNECTICUT,connecticut,2019-11-01,1452,NA,TRUE,state_level
CONNECTICUT,connecticut,2019-12-01,1481,NA,TRUE,state_level
connecticut,connecticut,2020-01-01,1641,2.063549160671464,TRUE,state_level
connecticut,connecticut,2020-02-01,1450,1.853717026378896,TRUE,state_level
connecticut,connecticut,2020-03-01,1238,1.7609912070343725,TRUE,state_level
connecticut,connecticut,2020-04-01,167,1.5899280575539565,TRUE,state_level
connecticut,connecticut,2020-05-01,23,1.9084732214228612,TRUE,state_level
connecticut,connecticut,2020-06-01,29,2.0187849720223823,TRUE,state_level
connecticut,connecticut,2020-07-01,154,2.195043964828137,TRUE,state_level
connecticut,connecticut,2020-08-01,135,2.2745803357314145,TRUE,state_level
connecticut,connecticut,2020-09-01,192,2.0531574740207827,TRUE,state_level
connecticut,connecticut,2020-10-01,302,2.2278177458033572,TRUE,state_level
connecticut,connecticut,2020-11-01,472,1.8437250199840125,TRUE,state_level
connecticut,connecticut,2020-12-01,543,1.8129496402877692,TRUE,state_level
connecticut,connecticut,2021-01-01,550,2.063549160671464,TRUE,state_level
connecticut,connecticut,2021-02-01,595,1.853717026378896,TRUE,state_level
connecticut,connecticut,2021-03-01,879,1.7609912070343725,TRUE,state_level
connecticut,connecticut,2021-04-01,724,1.5899280575539565,TRUE,state_level
connecticut,connecticut,2021-05-01,610,1.9084732214228612,TRUE,state_level
connecticut,connecticut,2021-06-01,694,2.0187849720223823,TRUE,state_level
connecticut,connecticut,2021-07-01,391,2.195043964828137,TRUE,state_level
connecticut,connecticut,2021-08-01,556,2.2745803357314145,TRUE,state_level
connecticut,connecticut,2021-09-01,1041,2.0531574740207827,TRUE,state_level
connecticut,connecticut,2021-10-01,914,2.2278177458033572,TRUE,state_level
connecticut,connecticut,2021-11-01,1121,1.8437250199840125,TRUE,state_level
connecticut,connecticut,2021-12-01,1225,1.8129496402877692,TRUE,state_level
connecticut,connecticut,2022-01-01,1243,2.063549160671464,TRUE,state_level
connecticut,connecticut,2022-02-01,1174,1.853717026378896,TRUE,state_level
connecticut,connecticut,2022-03-01,2490,1.7609912070343725,TRUE,state_level
connecticut,connecticut,2022-04-01,2139,1.5899280575539565,TRUE,state_level
connecticut,connecticut,2022-05-01,1995,1.9084732214228612,TRUE,state_level
connecticut,connecticut,2022-06-01,2056,2.0187849720223823,TRUE,state_level
connecticut,connecticut,2022-07-01,1976,2.195043964828137,TRUE,state_level
connecticut,connecticut,2022-08-01,2087,2.2745803357314145,TRUE,state_level
connecticut,connecticut,2022-09-01,1959,2.0531574740207827,TRUE,state_level
connecticut,connecticut,2022-10-01,1951,2.2278177458033572,TRUE,state_level
connecticut,connecticut,2022-11-01,1943,1.8437250199840125,TRUE,state_level
connecticut,connecticut,2022-12-01,1615,1.8129496402877692,TRUE,state_level
connecticut,connecticut,2023-01-01,280,0.4108713029576337,TRUE,state_level
DELAWARE,delaware,2016-01-01,1686,NA,TRUE,state_level
DELAWARE,delaware,2016-02-01,1203,NA,TRUE,state_level
DELAWARE,delaware,2016-03-01,1201,NA,TRUE,state_level
DELAWARE,delaware,2016-04-01,1398,NA,TRUE,state_level
DELAWARE,delaware,2016-05-01,1429,NA,TRUE,state_level
DELAWARE,delaware,2016-06-01,1579,NA,TRUE,state_level
DELAWARE,delaware,2016-07-01,1485,NA,TRUE,state_level
DELAWARE,delaware,2016-08-01,1646,NA,TRUE,state_level
DELAWARE,delaware,2016-09-01,1549,NA,TRUE,state_level
DELAWARE,delaware,2016-10-01,1591,NA,TRUE,state_level
DELAWARE,delaware,2016-11-01,1407,NA,TRUE,state_level
DELAWARE,delaware,2016-12-01,1461,NA,TRUE,state_level
DELAWARE,delaware,2017-01-01,1488,NA,TRUE,state_level
DELAWARE,delaware,2017-02-01,1359,NA,TRUE,state_level
DELAWARE,delaware,2017-03-01,1193,NA,TRUE,state_level
DELAWARE,delaware,2017-04-01,1263,NA,TRUE,state_level
DELAWARE,delaware,2017-05-01,1499,NA,TRUE,state_level
DELAWARE,delaware,2017-06-01,1631,NA,TRUE,state_level
DELAWARE,delaware,2017-07-01,1452,NA,TRUE,state_level
DELAWARE,delaware,2017-08-01,1629,NA,TRUE,state_level
DELAWARE,delaware,2017-09-01,1582,NA,TRUE,state_level
DELAWARE,delaware,2017-10-01,1560,NA,TRUE,state_level
DELAWARE,delaware,2017-11-01,1355,NA,TRUE,state_level
DELAWARE,delaware,2017-12-01,1299,NA,TRUE,state_level
DELAWARE,delaware,2018-01-01,1541,NA,TRUE,state_level
DELAWARE,delaware,2018-02-01,1461,NA,TRUE,state_level
DELAWARE,delaware,2018-03-01,1265,NA,TRUE,state_level
DELAWARE,delaware,2018-04-01,1304,NA,TRUE,state_level
DELAWARE,delaware,2018-05-01,1511,NA,TRUE,state_level
DELAWARE,delaware,2018-06-01,1526,NA,TRUE,state_level
DELAWARE,delaware,2018-07-01,1437,NA,TRUE,state_level
DELAWARE,delaware,2018-08-01,1708,NA,TRUE,state_level
DELAWARE,delaware,2018-09-01,1531,NA,TRUE,state_level
DELAWARE,delaware,2018-10-01,1668,NA,TRUE,state_level
DELAWARE,delaware,2018-11-01,1378,NA,TRUE,state_level
DELAWARE,delaware,2018-12-01,1368,NA,TRUE,state_level
DELAWARE,delaware,2019-01-01,1580,NA,TRUE,state_level
DELAWARE,delaware,2019-02-01,1536,NA,TRUE,state_level
DELAWARE,delaware,2019-03-01,1254,NA,TRUE,state_level
DELAWARE,delaware,2019-04-01,1317,NA,TRUE,state_level
DELAWARE,delaware,2019-05-01,1426,NA,TRUE,state_level
DELAWARE,delaware,2019-06-01,1316,NA,TRUE,state_level
DELAWARE,delaware,2019-07-01,1669,NA,TRUE,state_level
DELAWARE,delaware,2019-08-01,1651,NA,TRUE,state_level
DELAWARE,delaware,2019-09-01,1456,NA,TRUE,state_level
DELAWARE,delaware,2019-10-01,1612,NA,TRUE,state_level
DELAWARE,delaware,2019-11-01,1352,NA,TRUE,state_level
DELAWARE,delaware,2019-12-01,1444,NA,TRUE,state_level
delaware,delaware,2020-01-01,1490,7.18607305936073,TRUE,state_level
delaware,delaware,2020-02-01,1452,6.345890410958907,TRUE,state_level
delaware,delaware,2020-03-01,659,5.608447488584475,TRUE,state_level
delaware,delaware,2020-04-01,7,6.029680365296807,TRUE,state_level
delaware,delaware,2020-05-01,11,6.695205479452054,TRUE,state_level
delaware,delaware,2020-06-01,35,6.908675799086763,TRUE,state_level
delaware,delaware,2020-07-01,523,6.898401826484017,TRUE,state_level
delaware,delaware,2020-08-01,556,7.573059360730595,TRUE,state_level
delaware,delaware,2020-09-01,726,6.984018264840179,TRUE,state_level
delaware,delaware,2020-10-01,730,7.3413242009132365,TRUE,state_level
delaware,delaware,2020-11-01,648,6.269406392694062,TRUE,state_level
delaware,delaware,2020-12-01,576,6.360730593607307,TRUE,state_level
delaware,delaware,2021-01-01,558,7.18607305936073,TRUE,state_level
delaware,delaware,2021-02-01,606,6.277397260273974,TRUE,state_level
delaware,delaware,2021-03-01,667,5.608447488584475,TRUE,state_level
delaware,delaware,2021-04-01,557,6.029680365296807,TRUE,state_level
delaware,delaware,2021-05-01,532,6.695205479452054,TRUE,state_level
delaware,delaware,2021-06-01,559,6.908675799086763,TRUE,state_level
delaware,delaware,2021-07-01,623,6.898401826484017,TRUE,state_level
delaware,delaware,2021-08-01,831,7.573059360730595,TRUE,state_level
delaware,delaware,2021-09-01,828,6.984018264840179,TRUE,state_level
delaware,delaware,2021-10-01,892,7.3413242009132365,TRUE,state_level
delaware,delaware,2021-11-01,767,6.269406392694062,TRUE,state_level
delaware,delaware,2021-12-01,903,6.360730593607307,TRUE,state_level
delaware,delaware,2022-01-01,816,7.18607305936073,TRUE,state_level
delaware,delaware,2022-02-01,901,6.277397260273974,TRUE,state_level
delaware,delaware,2022-03-01,1017,5.608447488584475,TRUE,state_level
delaware,delaware,2022-04-01,944,6.029680365296807,TRUE,state_level
delaware,delaware,2022-05-01,862,6.695205479452054,TRUE,state_level
delaware,delaware,2022-06-01,906,6.908675799086763,TRUE,state_level
delaware,delaware,2022-07-01,871,6.898401826484017,TRUE,state_level
delaware,delaware,2022-08-01,1126,7.573059360730595,TRUE,state_level
delaware,delaware,2022-09-01,988,6.984018264840179,TRUE,state_level
delaware,delaware,2022-10-01,987,7.3413242009132365,TRUE,state_level
delaware,delaware,2022-11-01,913,6.269406392694062,TRUE,state_level
delaware,delaware,2022-12-01,1038,6.360730593607307,TRUE,state_level
delaware,delaware,2023-01-01,217,0.7648401826484016,TRUE,state_level
FLORIDA,florida,2012-01-01,3235,NA,TRUE,state_level
FLORIDA,florida,2012-02-01,2536,NA,TRUE,state_level
FLORIDA,florida,2012-03-01,2545,NA,TRUE,state_level
FLORIDA,florida,2012-04-01,2760,NA,TRUE,state_level
FLORIDA,florida,2012-05-01,3253,NA,TRUE,state_level
FLORIDA,florida,2012-06-01,3450,NA,TRUE,state_level
FLORIDA,florida,2012-07-01,3535,NA,TRUE,state_level
FLORIDA,florida,2012-08-01,3604,NA,TRUE,state_level
FLORIDA,florida,2012-09-01,3280,NA,TRUE,state_level
FLORIDA,florida,2012-10-01,3513,NA,TRUE,state_level
FLORIDA,florida,2012-11-01,2784,NA,TRUE,state_level
FLORIDA,florida,2012-12-01,2647,NA,TRUE,state_level
FLORIDA,florida,2013-01-01,3596,NA,TRUE,state_level
FLORIDA,florida,2013-02-01,2797,NA,TRUE,state_level
FLORIDA,florida,2013-03-01,2422,NA,TRUE,state_level
FLORIDA,florida,2013-04-01,2891,NA,TRUE,state_level
FLORIDA,florida,2013-05-01,3298,NA,TRUE,state_level
FLORIDA,florida,2013-06-01,3384,NA,TRUE,state_level
FLORIDA,florida,2013-07-01,3565,NA,TRUE,state_level
FLORIDA,florida,2013-08-01,3610,NA,TRUE,state_level
FLORIDA,florida,2013-09-01,3341,NA,TRUE,state_level
FLORIDA,florida,2013-10-01,3576,NA,TRUE,state_level
FLORIDA,florida,2013-11-01,2902,NA,TRUE,state_level
FLORIDA,florida,2013-12-01,3112,NA,TRUE,state_level
FLORIDA,florida,2014-01-01,3543,NA,TRUE,state_level
FLORIDA,florida,2014-02-01,2685,NA,TRUE,state_level
FLORIDA,florida,2014-03-01,2494,NA,TRUE,state_level
FLORIDA,florida,2014-04-01,2774,NA,TRUE,state_level
FLORIDA,florida,2014-05-01,3206,NA,TRUE,state_level
FLORIDA,florida,2014-06-01,3525,NA,TRUE,state_level
FLORIDA,florida,2014-07-01,3753,NA,TRUE,state_level
FLORIDA,florida,2014-08-01,3450,NA,TRUE,state_level
FLORIDA,florida,2014-09-01,3401,NA,TRUE,state_level
FLORIDA,florida,2014-10-01,3487,NA,TRUE,state_level
FLORIDA,florida,2014-11-01,2629,NA,TRUE,state_level
FLORIDA,florida,2014-12-01,3016,NA,TRUE,state_level
FLORIDA,florida,2015-01-01,3499,NA,TRUE,state_level
FLORIDA,florida,2015-02-01,2454,NA,TRUE,state_level
FLORIDA,florida,2015-03-01,2597,NA,TRUE,state_level
FLORIDA,florida,2015-04-01,2811,NA,TRUE,state_level
FLORIDA,florida,2015-05-01,3029,NA,TRUE,state_level
FLORIDA,florida,2015-06-01,3460,NA,TRUE,state_level
FLORIDA,florida,2015-07-01,3520,NA,TRUE,state_level
FLORIDA,florida,2015-08-01,3262,NA,TRUE,state_level
FLORIDA,florida,2015-09-01,3326,NA,TRUE,state_level
FLORIDA,florida,2015-10-01,3338,NA,TRUE,state_level
FLORIDA,florida,2015-11-01,2561,NA,TRUE,state_level
FLORIDA,florida,2015-12-01,2920,NA,TRUE,state_level
FLORIDA,florida,2016-01-01,3160,NA,TRUE,state_level
FLORIDA,florida,2016-02-01,2654,NA,TRUE,state_level
FLORIDA,florida,2016-03-01,2560,NA,TRUE,state_level
FLORIDA,florida,2016-04-01,2630,NA,TRUE,state_level
FLORIDA,florida,2016-05-01,2848,NA,TRUE,state_level
FLORIDA,florida,2016-06-01,3151,NA,TRUE,state_level
FLORIDA,florida,2016-07-01,3108,NA,TRUE,state_level
FLORIDA,florida,2016-08-01,3311,NA,TRUE,state_level
FLORIDA,florida,2016-09-01,3191,NA,TRUE,state_level
FLORIDA,florida,2016-10-01,3033,NA,TRUE,state_level
FLORIDA,florida,2016-11-01,2923,NA,TRUE,state_level
FLORIDA,florida,2016-12-01,2754,NA,TRUE,state_level
FLORIDA,florida,2017-01-01,3183,NA,TRUE,state_level
FLORIDA,florida,2017-02-01,2606,NA,TRUE,state_level
FLORIDA,florida,2017-03-01,2475,NA,TRUE,state_level
FLORIDA,florida,2017-04-01,2323,NA,TRUE,state_level
FLORIDA,florida,2017-05-01,2870,NA,TRUE,state_level
FLORIDA,florida,2017-06-01,3151,NA,TRUE,state_level
FLORIDA,florida,2017-07-01,3108,NA,TRUE,state_level
FLORIDA,florida,2017-08-01,3329,NA,TRUE,state_level
FLORIDA,florida,2017-09-01,2684,NA,TRUE,state_level
FLORIDA,florida,2017-10-01,3753,NA,TRUE,state_level
FLORIDA,florida,2017-11-01,2913,NA,TRUE,state_level
FLORIDA,florida,2017-12-01,2739,NA,TRUE,state_level
FLORIDA,florida,2018-01-01,3242,NA,TRUE,state_level
FLORIDA,florida,2018-02-01,2460,NA,TRUE,state_level
FLORIDA,florida,2018-03-01,2361,NA,TRUE,state_level
FLORIDA,florida,2018-04-01,2524,NA,TRUE,state_level
FLORIDA,florida,2018-05-01,2786,NA,TRUE,state_level
FLORIDA,florida,2018-06-01,2921,NA,TRUE,state_level
FLORIDA,florida,2018-07-01,2989,NA,TRUE,state_level
FLORIDA,florida,2018-08-01,3139,NA,TRUE,state_level
FLORIDA,florida,2018-09-01,2734,NA,TRUE,state_level
FLORIDA,florida,2018-10-01,3206,NA,TRUE,state_level
FLORIDA,florida,2018-11-01,2754,NA,TRUE,state_level
FLORIDA,florida,2018-12-01,2587,NA,TRUE,state_level
FLORIDA,florida,2019-01-01,3010,NA,TRUE,state_level
FLORIDA,florida,2019-02-01,2487,NA,TRUE,state_level
FLORIDA,florida,2019-03-01,2119,NA,TRUE,state_level
FLORIDA,florida,2019-04-01,2126,NA,TRUE,state_level
FLORIDA,florida,2019-05-01,2480,NA,TRUE,state_level
FLORIDA,florida,2019-06-01,2539,NA,TRUE,state_level
FLORIDA,florida,2019-07-01,2869,NA,TRUE,state_level
FLORIDA,florida,2019-08-01,2848,NA,TRUE,state_level
FLORIDA,florida,2019-09-01,2754,NA,TRUE,state_level
FLORIDA,florida,2019-10-01,2921,NA,TRUE,state_level
FLORIDA,florida,2019-11-01,2435,NA,TRUE,state_level
FLORIDA,florida,2019-12-01,2511,NA,TRUE,state_level
INDIANA,indiana,2016-01-01,6501,NA,TRUE,state_level
INDIANA,indiana,2016-02-01,4830,NA,TRUE,state_level
INDIANA,indiana,2016-03-01,4037,NA,TRUE,state_level
INDIANA,indiana,2016-04-01,5548,NA,TRUE,state_level
INDIANA,indiana,2016-05-01,6127,NA,TRUE,state_level
INDIANA,indiana,2016-06-01,6782,NA,TRUE,state_level
INDIANA,indiana,2016-07-01,6352,NA,TRUE,state_level
INDIANA,indiana,2016-08-01,7148,NA,TRUE,state_level
INDIANA,indiana,2016-09-01,6536,NA,TRUE,state_level
INDIANA,indiana,2016-10-01,5828,NA,TRUE,state_level
INDIANA,indiana,2016-11-01,5828,NA,TRUE,state_level
INDIANA,indiana,2016-12-01,5218,NA,TRUE,state_level
INDIANA,indiana,2017-01-01,6826,NA,TRUE,state_level
INDIANA,indiana,2017-02-01,5444,NA,TRUE,state_level
INDIANA,indiana,2017-03-01,4859,NA,TRUE,state_level
INDIANA,indiana,2017-04-01,5366,NA,TRUE,state_level
INDIANA,indiana,2017-05-01,6349,NA,TRUE,state_level
INDIANA,indiana,2017-06-01,6677,NA,TRUE,state_level
INDIANA,indiana,2017-07-01,6582,NA,TRUE,state_level
INDIANA,indiana,2017-08-01,6764,NA,TRUE,state_level
INDIANA,indiana,2017-09-01,6208,NA,TRUE,state_level
INDIANA,indiana,2017-10-01,6210,NA,TRUE,state_level
INDIANA,indiana,2017-11-01,5607,NA,TRUE,state_level
INDIANA,indiana,2017-12-01,4971,NA,TRUE,state_level
INDIANA,indiana,2018-01-01,7174,NA,TRUE,state_level
INDIANA,indiana,2018-02-01,5646,NA,TRUE,state_level
INDIANA,indiana,2018-03-01,4736,NA,TRUE,state_level
INDIANA,indiana,2018-04-01,5780,NA,TRUE,state_level
INDIANA,indiana,2018-05-01,6204,NA,TRUE,state_level
INDIANA,indiana,2018-06-01,6850,NA,TRUE,state_level
INDIANA,indiana,2018-07-01,7345,NA,TRUE,state_level
INDIANA,indiana,2018-08-01,7290,NA,TRUE,state_level
INDIANA,indiana,2018-09-01,6235,NA,TRUE,state_level
INDIANA,indiana,2018-10-01,6928,NA,TRUE,state_level
INDIANA,indiana,2018-11-01,5711,NA,TRUE,state_level
INDIANA,indiana,2018-12-01,4974,NA,TRUE,state_level
INDIANA,indiana,2019-01-01,6640,NA,TRUE,state_level
INDIANA,indiana,2019-02-01,5799,NA,TRUE,state_level
INDIANA,indiana,2019-03-01,4849,NA,TRUE,state_level
INDIANA,indiana,2019-04-01,5779,NA,TRUE,state_level
INDIANA,indiana,2019-05-01,6491,NA,TRUE,state_level
INDIANA,indiana,2019-06-01,6368,NA,TRUE,state_level
INDIANA,indiana,2019-07-01,7154,NA,TRUE,state_level
INDIANA,indiana,2019-08-01,7043,NA,TRUE,state_level
INDIANA,indiana,2019-09-01,6618,NA,TRUE,state_level
INDIANA,indiana,2019-10-01,6481,NA,TRUE,state_level
INDIANA,indiana,2019-11-01,5518,NA,TRUE,state_level
INDIANA,indiana,2019-12-01,5453,NA,TRUE,state_level
indiana,indiana,2020-01-01,6995,4.487764550264577,TRUE,state_level
indiana,indiana,2020-02-01,5879,3.5912698412698303,TRUE,state_level
indiana,indiana,2020-03-01,2725,3.055224867724872,TRUE,state_level
indiana,indiana,2020-04-01,171,3.715939153439147,TRUE,state_level
indiana,indiana,2020-05-01,401,4.161375661375655,TRUE,state_level
indiana,indiana,2020-06-01,868,4.410879629629625,TRUE,state_level
indiana,indiana,2020-07-01,853,4.5355489417989325,TRUE,state_level
indiana,indiana,2020-08-01,5515,4.670304232804221,TRUE,state_level
indiana,indiana,2020-09-01,5168,4.232969576719566,TRUE,state_level
indiana,indiana,2020-10-01,4401,4.207506613756603,TRUE,state_level
indiana,indiana,2020-11-01,3943,3.747519841269839,TRUE,state_level
indiana,indiana,2020-12-01,3996,3.408399470899469,TRUE,state_level
indiana,indiana,2021-01-01,4542,4.487764550264577,TRUE,state_level
indiana,indiana,2021-02-01,3770,3.5474537037037104,TRUE,state_level
indiana,indiana,2021-03-01,4181,3.055224867724872,TRUE,state_level
indiana,indiana,2021-04-01,3235,3.715939153439147,TRUE,state_level
indiana,indiana,2021-05-01,3521,4.161375661375655,TRUE,state_level
indiana,indiana,2021-06-01,4527,4.410879629629625,TRUE,state_level
indiana,indiana,2021-07-01,4426,4.5355489417989325,TRUE,state_level
indiana,indiana,2021-08-01,4404,4.670304232804221,TRUE,state_level
indiana,indiana,2021-09-01,5282,4.232969576719566,TRUE,state_level
indiana,indiana,2021-10-01,5457,4.207506613756603,TRUE,state_level
indiana,indiana,2021-11-01,4802,3.747519841269839,TRUE,state_level
indiana,indiana,2021-12-01,4735,3.408399470899469,TRUE,state_level
indiana,indiana,2022-01-01,5692,4.487764550264577,TRUE,state_level
indiana,indiana,2022-02-01,5154,3.5474537037037104,TRUE,state_level
indiana,indiana,2022-03-01,5403,3.055224867724872,TRUE,state_level
indiana,indiana,2022-04-01,4801,3.715939153439147,TRUE,state_level
indiana,indiana,2022-05-01,5472,4.161375661375655,TRUE,state_level
indiana,indiana,2022-06-01,6340,4.410879629629625,TRUE,state_level
indiana,indiana,2022-07-01,6253,4.5355489417989325,TRUE,state_level
indiana,indiana,2022-08-01,7005,4.670304232804221,TRUE,state_level
indiana,indiana,2022-09-01,6296,4.232969576719566,TRUE,state_level
indiana,indiana,2022-10-01,6352,4.207506613756603,TRUE,state_level
indiana,indiana,2022-11-01,5981,3.747519841269839,TRUE,state_level
indiana,indiana,2022-12-01,5531,3.408399470899469,TRUE,state_level
indiana,indiana,2023-01-01,612,0.5858134920634909,TRUE,state_level
louisiana,louisiana,2020-01-01,520,555,TRUE,cities_aggregated
louisiana,louisiana,2020-02-01,451,376,TRUE,cities_aggregated
louisiana,louisiana,2020-03-01,143,437.5,TRUE,cities_aggregated
louisiana,louisiana,2020-04-01,0,437,TRUE,cities_aggregated
louisiana,louisiana,2020-05-01,0,466,TRUE,cities_aggregated
louisiana,louisiana,2020-06-01,282,549.5,TRUE,cities_aggregated
louisiana,louisiana,2020-07-01,214,518.5,TRUE,cities_aggregated
louisiana,louisiana,2020-08-01,259,554,TRUE,cities_aggregated
louisiana,louisiana,2020-09-01,194,504,TRUE,cities_aggregated
louisiana,louisiana,2020-10-01,301,513,TRUE,cities_aggregated
louisiana,louisiana,2020-11-01,285,462.5,TRUE,cities_aggregated
louisiana,louisiana,2020-12-01,306,433,TRUE,cities_aggregated
louisiana,louisiana,2021-01-01,168,555,TRUE,cities_aggregated
louisiana,louisiana,2021-02-01,149,369.5,TRUE,cities_aggregated
louisiana,louisiana,2021-03-01,172,437.5,TRUE,cities_aggregated
louisiana,louisiana,2021-04-01,146,437,TRUE,cities_aggregated
louisiana,louisiana,2021-05-01,169,466,TRUE,cities_aggregated
louisiana,louisiana,2021-06-01,206,549.5,TRUE,cities_aggregated
louisiana,louisiana,2021-07-01,221,518.5,TRUE,cities_aggregated
louisiana,louisiana,2021-08-01,246,554,TRUE,cities_aggregated
louisiana,louisiana,2021-09-01,135,504,TRUE,cities_aggregated
louisiana,louisiana,2021-10-01,575,513,TRUE,cities_aggregated
louisiana,louisiana,2021-11-01,476,462.5,TRUE,cities_aggregated
louisiana,louisiana,2021-12-01,420,433,TRUE,cities_aggregated
louisiana,louisiana,2022-01-01,461,555,TRUE,cities_aggregated
louisiana,louisiana,2022-02-01,521,369.5,TRUE,cities_aggregated
louisiana,louisiana,2022-03-01,400,437.5,TRUE,cities_aggregated
louisiana,louisiana,2022-04-01,405,437,TRUE,cities_aggregated
louisiana,louisiana,2022-05-01,475,466,TRUE,cities_aggregated
louisiana,louisiana,2022-06-01,440,549.5,TRUE,cities_aggregated
louisiana,louisiana,2022-07-01,490,518.5,TRUE,cities_aggregated
louisiana,louisiana,2022-08-01,498,554,TRUE,cities_aggregated
louisiana,louisiana,2022-09-01,513,504,TRUE,cities_aggregated
louisiana,louisiana,2022-10-01,518,513,TRUE,cities_aggregated
louisiana,louisiana,2022-11-01,414,462.5,TRUE,cities_aggregated
louisiana,louisiana,2022-12-01,377,433,TRUE,cities_aggregated
louisiana,louisiana,2023-01-01,580,555,TRUE,cities_aggregated
louisiana,louisiana,2023-02-01,267,369.5,TRUE,cities_aggregated
louisiana,louisiana,2023-03-01,465,437.5,TRUE,cities_aggregated
louisiana,louisiana,2023-04-01,433,437,TRUE,cities_aggregated
louisiana,louisiana,2023-05-01,473,466,TRUE,cities_aggregated
louisiana,louisiana,2023-06-01,551,549.5,TRUE,cities_aggregated
louisiana,louisiana,2023-07-01,466,518.5,TRUE,cities_aggregated
louisiana,louisiana,2023-08-01,572,554,TRUE,cities_aggregated
louisiana,louisiana,2023-09-01,536,504,TRUE,cities_aggregated
louisiana,louisiana,2023-10-01,520,513,TRUE,cities_aggregated
louisiana,louisiana,2023-11-01,454,462.5,TRUE,cities_aggregated
louisiana,louisiana,2023-12-01,464,433,TRUE,cities_aggregated
louisiana,louisiana,2024-01-01,530,555,TRUE,cities_aggregated
louisiana,louisiana,2024-02-01,485,376,TRUE,cities_aggregated
louisiana,louisiana,2024-03-01,410,437.5,TRUE,cities_aggregated
louisiana,louisiana,2024-04-01,441,437,TRUE,cities_aggregated
louisiana,louisiana,2024-05-01,459,466,TRUE,cities_aggregated
louisiana,louisiana,2024-06-01,548,549.5,TRUE,cities_aggregated
louisiana,louisiana,2024-07-01,571,518.5,TRUE,cities_aggregated
louisiana,louisiana,2024-08-01,536,554,TRUE,cities_aggregated
louisiana,louisiana,2024-09-01,472,504,TRUE,cities_aggregated
louisiana,louisiana,2024-10-01,506,513,TRUE,cities_aggregated
louisiana,louisiana,2024-11-01,471,462.5,TRUE,cities_aggregated
louisiana,louisiana,2024-12-01,402,433,TRUE,cities_aggregated
louisiana,louisiana,2025-01-01,542,555,TRUE,cities_aggregated
louisiana,louisiana,2025-02-01,390,369.5,TRUE,cities_aggregated
louisiana,louisiana,2025-03-01,416,437.5,TRUE,cities_aggregated
louisiana,louisiana,2025-04-01,404,437,TRUE,cities_aggregated
louisiana,louisiana,2025-05-01,444,466,TRUE,cities_aggregated
louisiana,louisiana,2025-06-01,465,549.5,TRUE,cities_aggregated
louisiana,louisiana,2025-07-01,440,518.5,TRUE,cities_aggregated
louisiana,louisiana,2025-08-01,0,70,TRUE,cities_aggregated
massachusetts,massachusetts,2020-01-01,650,530,TRUE,cities_aggregated
massachusetts,massachusetts,2020-02-01,610,552.5,TRUE,cities_aggregated
massachusetts,massachusetts,2020-03-01,480,403,TRUE,cities_aggregated
massachusetts,massachusetts,2020-04-01,96,536,TRUE,cities_aggregated
massachusetts,massachusetts,2020-05-01,4,648,TRUE,cities_aggregated
massachusetts,massachusetts,2020-06-01,8,433,TRUE,cities_aggregated
massachusetts,massachusetts,2020-07-01,13,642,TRUE,cities_aggregated
massachusetts,massachusetts,2020-08-01,11,686.5,TRUE,cities_aggregated
massachusetts,massachusetts,2020-09-01,16,702.5,TRUE,cities_aggregated
massachusetts,massachusetts,2020-10-01,38,695,TRUE,cities_aggregated
massachusetts,massachusetts,2020-11-01,322,511,TRUE,cities_aggregated
massachusetts,massachusetts,2020-12-01,462,540.5,TRUE,cities_aggregated
massachusetts,massachusetts,2021-01-01,310,530,TRUE,cities_aggregated
massachusetts,massachusetts,2021-02-01,303,549,TRUE,cities_aggregated
massachusetts,massachusetts,2021-03-01,455,403,TRUE,cities_aggregated
massachusetts,massachusetts,2021-04-01,253,536,TRUE,cities_aggregated
massachusetts,massachusetts,2021-05-01,237,648,TRUE,cities_aggregated
massachusetts,massachusetts,2021-06-01,245,433,TRUE,cities_aggregated
massachusetts,massachusetts,2021-07-01,253,642,TRUE,cities_aggregated
massachusetts,massachusetts,2021-08-01,269,686.5,TRUE,cities_aggregated
massachusetts,massachusetts,2021-09-01,233,702.5,TRUE,cities_aggregated
massachusetts,massachusetts,2021-10-01,230,695,TRUE,cities_aggregated
massachusetts,massachusetts,2021-11-01,281,511,TRUE,cities_aggregated
massachusetts,massachusetts,2021-12-01,301,540.5,TRUE,cities_aggregated
massachusetts,massachusetts,2022-01-01,298,530,TRUE,cities_aggregated
massachusetts,massachusetts,2022-02-01,252,549,TRUE,cities_aggregated
massachusetts,massachusetts,2022-03-01,336,403,TRUE,cities_aggregated
massachusetts,massachusetts,2022-04-01,388,536,TRUE,cities_aggregated
massachusetts,massachusetts,2022-05-01,441,648,TRUE,cities_aggregated
massachusetts,massachusetts,2022-06-01,383,433,TRUE,cities_aggregated
massachusetts,massachusetts,2022-07-01,406,642,TRUE,cities_aggregated
massachusetts,massachusetts,2022-08-01,476,686.5,TRUE,cities_aggregated
massachusetts,massachusetts,2022-09-01,465,702.5,TRUE,cities_aggregated
massachusetts,massachusetts,2022-10-01,670,695,TRUE,cities_aggregated
massachusetts,massachusetts,2022-11-01,627,511,TRUE,cities_aggregated
massachusetts,massachusetts,2022-12-01,592,540.5,TRUE,cities_aggregated
massachusetts,massachusetts,2023-01-01,681,530,TRUE,cities_aggregated
massachusetts,massachusetts,2023-02-01,586,549,TRUE,cities_aggregated
massachusetts,massachusetts,2023-03-01,515,403,TRUE,cities_aggregated
massachusetts,massachusetts,2023-04-01,670,536,TRUE,cities_aggregated
massachusetts,massachusetts,2023-05-01,736,648,TRUE,cities_aggregated
massachusetts,massachusetts,2023-06-01,426,433,TRUE,cities_aggregated
massachusetts,massachusetts,2023-07-01,571,642,TRUE,cities_aggregated
massachusetts,massachusetts,2023-08-01,683,686.5,TRUE,cities_aggregated
massachusetts,massachusetts,2023-09-01,603,702.5,TRUE,cities_aggregated
massachusetts,massachusetts,2023-10-01,690,695,TRUE,cities_aggregated
massachusetts,massachusetts,2023-11-01,11,71.5,TRUE,cities_aggregated
MINNESOTA,minnesota,2012-01-01,1739,NA,TRUE,state_level
MINNESOTA,minnesota,2012-02-01,1380,NA,TRUE,state_level
MINNESOTA,minnesota,2012-03-01,1450,NA,TRUE,state_level
MINNESOTA,minnesota,2012-04-01,1617,NA,TRUE,state_level
MINNESOTA,minnesota,2012-05-01,1643,NA,TRUE,state_level
MINNESOTA,minnesota,2012-06-01,1810,NA,TRUE,state_level
MINNESOTA,minnesota,2012-07-01,1947,NA,TRUE,state_level
MINNESOTA,minnesota,2012-08-01,2018,NA,TRUE,state_level
MINNESOTA,minnesota,2012-09-01,1727,NA,TRUE,state_level
MINNESOTA,minnesota,2012-10-01,1693,NA,TRUE,state_level
MINNESOTA,minnesota,2012-11-01,1576,NA,TRUE,state_level
MINNESOTA,minnesota,2012-12-01,1486,NA,TRUE,state_level
MINNESOTA,minnesota,2013-01-01,1717,NA,TRUE,state_level
MINNESOTA,minnesota,2013-02-01,1410,NA,TRUE,state_level
MINNESOTA,minnesota,2013-03-01,1384,NA,TRUE,state_level
MINNESOTA,minnesota,2013-04-01,1597,NA,TRUE,state_level
MINNESOTA,minnesota,2013-05-01,1720,NA,TRUE,state_level
MINNESOTA,minnesota,2013-06-01,1751,NA,TRUE,state_level
MINNESOTA,minnesota,2013-07-01,1794,NA,TRUE,state_level
MINNESOTA,minnesota,2013-08-01,1802,NA,TRUE,state_level
MINNESOTA,minnesota,2013-09-01,1665,NA,TRUE,state_level
MINNESOTA,minnesota,2013-10-01,1582,NA,TRUE,state_level
MINNESOTA,minnesota,2013-11-01,1382,NA,TRUE,state_level
MINNESOTA,minnesota,2013-12-01,1382,NA,TRUE,state_level
MINNESOTA,minnesota,2014-01-01,1727,NA,TRUE,state_level
MINNESOTA,minnesota,2014-02-01,1327,NA,TRUE,state_level
MINNESOTA,minnesota,2014-03-01,1251,NA,TRUE,state_level
MINNESOTA,minnesota,2014-04-01,1439,NA,TRUE,state_level
MINNESOTA,minnesota,2014-05-01,1492,NA,TRUE,state_level
MINNESOTA,minnesota,2014-06-01,1538,NA,TRUE,state_level
MINNESOTA,minnesota,2014-07-01,1675,NA,TRUE,state_level
MINNESOTA,minnesota,2014-08-01,1506,NA,TRUE,state_level
MINNESOTA,minnesota,2014-09-01,1554,NA,TRUE,state_level
MINNESOTA,minnesota,2014-10-01,1509,NA,TRUE,state_level
MINNESOTA,minnesota,2014-11-01,1108,NA,TRUE,state_level
MINNESOTA,minnesota,2014-12-01,1397,NA,TRUE,state_level
MINNESOTA,minnesota,2015-01-01,1464,NA,TRUE,state_level
MINNESOTA,minnesota,2015-02-01,1242,NA,TRUE,state_level
MINNESOTA,minnesota,2015-03-01,1198,NA,TRUE,state_level
MINNESOTA,minnesota,2015-04-01,1291,NA,TRUE,state_level
MINNESOTA,minnesota,2015-05-01,1303,NA,TRUE,state_level
MINNESOTA,minnesota,2015-06-01,1475,NA,TRUE,state_level
MINNESOTA,minnesota,2015-07-01,1511,NA,TRUE,state_level
MINNESOTA,minnesota,2015-08-01,1491,NA,TRUE,state_level
MINNESOTA,minnesota,2015-09-01,1378,NA,TRUE,state_level
MINNESOTA,minnesota,2015-10-01,1472,NA,TRUE,state_level
MINNESOTA,minnesota,2015-11-01,1156,NA,TRUE,state_level
MINNESOTA,minnesota,2015-12-01,1304,NA,TRUE,state_level
MINNESOTA,minnesota,2016-01-01,1409,NA,TRUE,state_level
MINNESOTA,minnesota,2016-02-01,1097,NA,TRUE,state_level
MINNESOTA,minnesota,2016-03-01,1211,NA,TRUE,state_level
MINNESOTA,minnesota,2016-04-01,1243,NA,TRUE,state_level
MINNESOTA,minnesota,2016-05-01,1305,NA,TRUE,state_level
MINNESOTA,minnesota,2016-06-01,1395,NA,TRUE,state_level
MINNESOTA,minnesota,2016-07-01,1401,NA,TRUE,state_level
MINNESOTA,minnesota,2016-08-01,1512,NA,TRUE,state_level
MINNESOTA,minnesota,2016-09-01,1389,NA,TRUE,state_level
MINNESOTA,minnesota,2016-10-01,1290,NA,TRUE,state_level
MINNESOTA,minnesota,2016-11-01,1153,NA,TRUE,state_level
MINNESOTA,minnesota,2016-12-01,1263,NA,TRUE,state_level
MINNESOTA,minnesota,2017-01-01,1464,NA,TRUE,state_level
MINNESOTA,minnesota,2017-02-01,1237,NA,TRUE,state_level
MINNESOTA,minnesota,2017-03-01,1215,NA,TRUE,state_level
MINNESOTA,minnesota,2017-04-01,1090,NA,TRUE,state_level
MINNESOTA,minnesota,2017-05-01,1334,NA,TRUE,state_level
MINNESOTA,minnesota,2017-06-01,1353,NA,TRUE,state_level
MINNESOTA,minnesota,2017-07-01,1389,NA,TRUE,state_level
MINNESOTA,minnesota,2017-08-01,1462,NA,TRUE,state_level
MINNESOTA,minnesota,2017-09-01,1259,NA,TRUE,state_level
MINNESOTA,minnesota,2017-10-01,1296,NA,TRUE,state_level
MINNESOTA,minnesota,2017-11-01,1201,NA,TRUE,state_level
MINNESOTA,minnesota,2017-12-01,1224,NA,TRUE,state_level
MINNESOTA,minnesota,2018-01-01,1419,NA,TRUE,state_level
MINNESOTA,minnesota,2018-02-01,1184,NA,TRUE,state_level
MINNESOTA,minnesota,2018-03-01,1156,NA,TRUE,state_level
MINNESOTA,minnesota,2018-04-01,1089,NA,TRUE,state_level
MINNESOTA,minnesota,2018-05-01,1317,NA,TRUE,state_level
MINNESOTA,minnesota,2018-06-01,1272,NA,TRUE,state_level
MINNESOTA,minnesota,2018-07-01,1356,NA,TRUE,state_level
MINNESOTA,minnesota,2018-08-01,1387,NA,TRUE,state_level
MINNESOTA,minnesota,2018-09-01,1232,NA,TRUE,state_level
MINNESOTA,minnesota,2018-10-01,1397,NA,TRUE,state_level
MINNESOTA,minnesota,2018-11-01,1197,NA,TRUE,state_level
MINNESOTA,minnesota,2018-12-01,1090,NA,TRUE,state_level
MINNESOTA,minnesota,2019-01-01,1441,NA,TRUE,state_level
MINNESOTA,minnesota,2019-02-01,1147,NA,TRUE,state_level
MINNESOTA,minnesota,2019-03-01,1151,NA,TRUE,state_level
MINNESOTA,minnesota,2019-04-01,1240,NA,TRUE,state_level
MINNESOTA,minnesota,2019-05-01,1312,NA,TRUE,state_level
MINNESOTA,minnesota,2019-06-01,1332,NA,TRUE,state_level
MINNESOTA,minnesota,2019-07-01,1437,NA,TRUE,state_level
MINNESOTA,minnesota,2019-08-01,1351,NA,TRUE,state_level
MINNESOTA,minnesota,2019-09-01,1349,NA,TRUE,state_level
MINNESOTA,minnesota,2019-10-01,1359,NA,TRUE,state_level
MINNESOTA,minnesota,2019-11-01,1146,NA,TRUE,state_level
MINNESOTA,minnesota,2019-12-01,1262,NA,TRUE,state_level
minnesota,minnesota,2020-01-01,1491,1.1541262135922326,TRUE,state_level
minnesota,minnesota,2020-02-01,1236,0.9349327856609408,TRUE,state_level
minnesota,minnesota,2020-03-01,688,0.9340926064227042,TRUE,state_level
minnesota,minnesota,2020-04-01,58,0.9894510828976846,TRUE,state_level
minnesota,minnesota,2020-05-01,46,1.065253920836445,TRUE,state_level
minnesota,minnesota,2020-06-01,90,1.1123973114264387,TRUE,state_level
minnesota,minnesota,2020-07-01,101,1.1668222554144891,TRUE,state_level
minnesota,minnesota,2020-08-01,105,1.1677557879014189,TRUE,state_level
minnesota,minnesota,2020-09-01,127,1.0773898431665416,TRUE,state_level
minnesota,minnesota,2020-10-01,158,1.0814973861090376,TRUE,state_level
minnesota,minnesota,2020-11-01,147,0.9250373412994768,TRUE,state_level
minnesota,minnesota,2020-12-01,157,0.968726661687827,TRUE,state_level
minnesota,minnesota,2021-01-01,169,1.1541262135922326,TRUE,state_level
minnesota,minnesota,2021-02-01,171,0.9297050037341302,TRUE,state_level
minnesota,minnesota,2021-03-01,185,0.9340926064227042,TRUE,state_level
minnesota,minnesota,2021-04-01,175,0.9894510828976846,TRUE,state_level
minnesota,minnesota,2021-05-01,165,1.065253920836445,TRUE,state_level
minnesota,minnesota,2021-06-01,178,1.1123973114264387,TRUE,state_level
minnesota,minnesota,2021-07-01,384,1.1668222554144891,TRUE,state_level
minnesota,minnesota,2021-08-01,605,1.1677557879014189,TRUE,state_level
minnesota,minnesota,2021-09-01,787,1.0773898431665416,TRUE,state_level
minnesota,minnesota,2021-10-01,1008,1.0814973861090376,TRUE,state_level
minnesota,minnesota,2021-11-01,866,0.9250373412994768,TRUE,state_level
minnesota,minnesota,2021-12-01,869,0.968726661687827,TRUE,state_level
minnesota,minnesota,2022-01-01,1003,1.1541262135922326,TRUE,state_level
minnesota,minnesota,2022-02-01,1193,0.9297050037341302,TRUE,state_level
minnesota,minnesota,2022-03-01,1627,0.9340926064227042,TRUE,state_level
minnesota,minnesota,2022-04-01,1924,0.9894510828976846,TRUE,state_level
minnesota,minnesota,2022-05-01,1876,1.065253920836445,TRUE,state_level
minnesota,minnesota,2022-06-01,2580,1.1123973114264387,TRUE,state_level
minnesota,minnesota,2022-07-01,2420,1.1668222554144891,TRUE,state_level
minnesota,minnesota,2022-08-01,2180,1.1677557879014189,TRUE,state_level
minnesota,minnesota,2022-09-01,1975,1.0773898431665416,TRUE,state_level
minnesota,minnesota,2022-10-01,2059,1.0814973861090376,TRUE,state_level
minnesota,minnesota,2022-11-01,1628,0.9250373412994768,TRUE,state_level
minnesota,minnesota,2022-12-01,1994,0.968726661687827,TRUE,state_level
minnesota,minnesota,2023-01-01,261,0.181292008961912,TRUE,state_level
MISSOURI,missouri,2012-01-01,5825,NA,TRUE,state_level
MISSOURI,missouri,2012-02-01,5107,NA,TRUE,state_level
MISSOURI,missouri,2012-03-01,5190,NA,TRUE,state_level
MISSOURI,missouri,2012-04-01,5241,NA,TRUE,state_level
MISSOURI,missouri,2012-05-01,6550,NA,TRUE,state_level
MISSOURI,missouri,2012-06-01,6770,NA,TRUE,state_level
MISSOURI,missouri,2012-07-01,6780,NA,TRUE,state_level
MISSOURI,missouri,2012-08-01,6934,NA,TRUE,state_level
MISSOURI,missouri,2012-09-01,6031,NA,TRUE,state_level
MISSOURI,missouri,2012-10-01,6243,NA,TRUE,state_level
MISSOURI,missouri,2012-11-01,5081,NA,TRUE,state_level
MISSOURI,missouri,2012-12-01,4847,NA,TRUE,state_level
MISSOURI,missouri,2013-01-01,5638,NA,TRUE,state_level
MISSOURI,missouri,2013-02-01,4286,NA,TRUE,state_level
MISSOURI,missouri,2013-03-01,4677,NA,TRUE,state_level
MISSOURI,missouri,2013-04-01,5279,NA,TRUE,state_level
MISSOURI,missouri,2013-05-01,5578,NA,TRUE,state_level
MISSOURI,missouri,2013-06-01,5841,NA,TRUE,state_level
MISSOURI,missouri,2013-07-01,6337,NA,TRUE,state_level
MISSOURI,missouri,2013-08-01,5908,NA,TRUE,state_level
MISSOURI,missouri,2013-09-01,5621,NA,TRUE,state_level
MISSOURI,missouri,2013-10-01,6061,NA,TRUE,state_level
MISSOURI,missouri,2013-11-01,4670,NA,TRUE,state_level
MISSOURI,missouri,2013-12-01,4472,NA,TRUE,state_level
MISSOURI,missouri,2014-01-01,4792,NA,TRUE,state_level
MISSOURI,missouri,2014-02-01,3596,NA,TRUE,state_level
MISSOURI,missouri,2014-03-01,3801,NA,TRUE,state_level
MISSOURI,missouri,2014-04-01,3777,NA,TRUE,state_level
MISSOURI,missouri,2014-05-01,4158,NA,TRUE,state_level
MISSOURI,missouri,2014-06-01,4447,NA,TRUE,state_level
MISSOURI,missouri,2014-07-01,4997,NA,TRUE,state_level
MISSOURI,missouri,2014-08-01,4590,NA,TRUE,state_level
MISSOURI,missouri,2014-09-01,4591,NA,TRUE,state_level
MISSOURI,missouri,2014-10-01,4486,NA,TRUE,state_level
MISSOURI,missouri,2014-11-01,3606,NA,TRUE,state_level
MISSOURI,missouri,2014-12-01,3688,NA,TRUE,state_level
MISSOURI,missouri,2015-01-01,5058,NA,TRUE,state_level
MISSOURI,missouri,2015-02-01,3921,NA,TRUE,state_level
MISSOURI,missouri,2015-03-01,3442,NA,TRUE,state_level
MISSOURI,missouri,2015-04-01,4313,NA,TRUE,state_level
MISSOURI,missouri,2015-05-01,4386,NA,TRUE,state_level
MISSOURI,missouri,2015-06-01,4778,NA,TRUE,state_level
MISSOURI,missouri,2015-07-01,5309,NA,TRUE,state_level
MISSOURI,missouri,2015-08-01,5083,NA,TRUE,state_level
MISSOURI,missouri,2015-09-01,5337,NA,TRUE,state_level
MISSOURI,missouri,2015-10-01,4870,NA,TRUE,state_level
MISSOURI,missouri,2015-11-01,4567,NA,TRUE,state_level
MISSOURI,missouri,2015-12-01,5121,NA,TRUE,state_level
MISSOURI,missouri,2016-01-01,556,NA,TRUE,state_level
MISSOURI,missouri,2016-02-01,271,NA,TRUE,state_level
MISSOURI,missouri,2016-03-01,397,NA,TRUE,state_level
MISSOURI,missouri,2016-04-01,503,NA,TRUE,state_level
MISSOURI,missouri,2016-05-01,514,NA,TRUE,state_level
MISSOURI,missouri,2016-06-01,526,NA,TRUE,state_level
MISSOURI,missouri,2016-07-01,449,NA,TRUE,state_level
MISSOURI,missouri,2016-08-01,601,NA,TRUE,state_level
MISSOURI,missouri,2016-09-01,492,NA,TRUE,state_level
MISSOURI,missouri,2016-10-01,229,NA,TRUE,state_level
MISSOURI,missouri,2016-11-01,418,NA,TRUE,state_level
MISSOURI,missouri,2016-12-01,334,NA,TRUE,state_level
missouri,missouri,2020-01-01,3469,2.709289813486371,TRUE,state_level
missouri,missouri,2020-02-01,2919,2.071556671449071,TRUE,state_level
missouri,missouri,2020-03-01,2075,2.2146700143472016,TRUE,state_level
missouri,missouri,2020-04-01,635,2.3152797704447656,TRUE,state_level
missouri,missouri,2020-05-01,934,2.6158536585365817,TRUE,state_level
missouri,missouri,2020-06-01,1278,2.696018651362988,TRUE,state_level
missouri,missouri,2020-07-01,1829,2.9840387374461983,TRUE,state_level
missouri,missouri,2020-08-01,2145,2.8748206599713058,TRUE,state_level
missouri,missouri,2020-09-01,2111,2.66696556671449,TRUE,state_level
missouri,missouri,2020-10-01,1851,2.6965566714490716,TRUE,state_level
missouri,missouri,2020-11-01,1759,2.26201578192253,TRUE,state_level
missouri,missouri,2020-12-01,2343,2.228479196556673,TRUE,state_level
missouri,missouri,2021-01-01,1913,2.709289813486371,TRUE,state_level
missouri,missouri,2021-02-01,1558,2.055774748923955,TRUE,state_level
missouri,missouri,2021-03-01,2117,2.2146700143472016,TRUE,state_level
missouri,missouri,2021-04-01,1540,2.3152797704447656,TRUE,state_level
missouri,missouri,2021-05-01,1896,2.6158536585365817,TRUE,state_level
missouri,missouri,2021-06-01,2450,2.696018651362988,TRUE,state_level
missouri,missouri,2021-07-01,2355,2.9840387374461983,TRUE,state_level
missouri,missouri,2021-08-01,2361,2.8748206599713058,TRUE,state_level
missouri,missouri,2021-09-01,2898,2.66696556671449,TRUE,state_level
missouri,missouri,2021-10-01,2953,2.6965566714490716,TRUE,state_level
missouri,missouri,2021-11-01,2207,2.26201578192253,TRUE,state_level
missouri,missouri,2021-12-01,1822,2.228479196556673,TRUE,state_level
missouri,missouri,2022-01-01,2841,2.709289813486371,TRUE,state_level
missouri,missouri,2022-02-01,2403,2.055774748923955,TRUE,state_level
missouri,missouri,2022-03-01,2768,2.2146700143472016,TRUE,state_level
missouri,missouri,2022-04-01,2622,2.3152797704447656,TRUE,state_level
missouri,missouri,2022-05-01,2584,2.6158536585365817,TRUE,state_level
missouri,missouri,2022-06-01,2909,2.696018651362988,TRUE,state_level
missouri,missouri,2022-07-01,3158,2.9840387374461983,TRUE,state_level
missouri,missouri,2022-08-01,3270,2.8748206599713058,TRUE,state_level
missouri,missouri,2022-09-01,2969,2.66696556671449,TRUE,state_level
missouri,missouri,2022-10-01,3652,2.6965566714490716,TRUE,state_level
missouri,missouri,2022-11-01,2857,2.26201578192253,TRUE,state_level
missouri,missouri,2022-12-01,2717,2.228479196556673,TRUE,state_level
missouri,missouri,2023-01-01,332,0.41445480631276926,TRUE,state_level
nevada,nevada,2020-01-01,3036,5111,TRUE,cities_aggregated
nevada,nevada,2020-02-01,2993,4249.5,TRUE,cities_aggregated
nevada,nevada,2020-03-01,1159,3875,TRUE,cities_aggregated
nevada,nevada,2020-04-01,66,3996.5,TRUE,cities_aggregated
nevada,nevada,2020-05-01,115,4775.5,TRUE,cities_aggregated
nevada,nevada,2020-06-01,157,4672,TRUE,cities_aggregated
nevada,nevada,2020-07-01,255,4961.5,TRUE,cities_aggregated
nevada,nevada,2020-08-01,565,4906,TRUE,cities_aggregated
nevada,nevada,2020-09-01,825,4528,TRUE,cities_aggregated
nevada,nevada,2020-10-01,3309,3985,TRUE,cities_aggregated
nevada,nevada,2020-11-01,5016,3916.5,TRUE,cities_aggregated
nevada,nevada,2020-12-01,2751,4057,TRUE,cities_aggregated
nevada,nevada,2021-01-01,1832,5111,TRUE,cities_aggregated
nevada,nevada,2021-02-01,2107,4186,TRUE,cities_aggregated
nevada,nevada,2021-03-01,2759,3875,TRUE,cities_aggregated
nevada,nevada,2021-04-01,2087,3996.5,TRUE,cities_aggregated
nevada,nevada,2021-05-01,1996,4775.5,TRUE,cities_aggregated
nevada,nevada,2021-06-01,4278,4672,TRUE,cities_aggregated
nevada,nevada,2021-07-01,3489,4961.5,TRUE,cities_aggregated
nevada,nevada,2021-08-01,3587,4906,TRUE,cities_aggregated
nevada,nevada,2021-09-01,3807,4528,TRUE,cities_aggregated
nevada,nevada,2021-10-01,4255,3985,TRUE,cities_aggregated
nevada,nevada,2021-11-01,3852,3916.5,TRUE,cities_aggregated
nevada,nevada,2021-12-01,4018,4057,TRUE,cities_aggregated
nevada,nevada,2022-01-01,4257,5111,TRUE,cities_aggregated
nevada,nevada,2022-02-01,4490,4186,TRUE,cities_aggregated
nevada,nevada,2022-03-01,4508,3875,TRUE,cities_aggregated
nevada,nevada,2022-04-01,4017,3996.5,TRUE,cities_aggregated
nevada,nevada,2022-05-01,3845,4775.5,TRUE,cities_aggregated
nevada,nevada,2022-06-01,5072,4672,TRUE,cities_aggregated
nevada,nevada,2022-07-01,5115,4961.5,TRUE,cities_aggregated
nevada,nevada,2022-08-01,5549,4906,TRUE,cities_aggregated
nevada,nevada,2022-09-01,5276,4528,TRUE,cities_aggregated
nevada,nevada,2022-10-01,4927,3985,TRUE,cities_aggregated
nevada,nevada,2022-11-01,4833,3916.5,TRUE,cities_aggregated
nevada,nevada,2022-12-01,5456,4057,TRUE,cities_aggregated
nevada,nevada,2023-01-01,5476,5111,TRUE,cities_aggregated
nevada,nevada,2023-02-01,4413,4186,TRUE,cities_aggregated
nevada,nevada,2023-03-01,4441,3875,TRUE,cities_aggregated
nevada,nevada,2023-04-01,4133,3996.5,TRUE,cities_aggregated
nevada,nevada,2023-05-01,5574,4775.5,TRUE,cities_aggregated
nevada,nevada,2023-06-01,5303,4672,TRUE,cities_aggregated
nevada,nevada,2023-07-01,4940,4961.5,TRUE,cities_aggregated
nevada,nevada,2023-08-01,5223,4906,TRUE,cities_aggregated
nevada,nevada,2023-09-01,4627,4528,TRUE,cities_aggregated
nevada,nevada,2023-10-01,4739,3985,TRUE,cities_aggregated
nevada,nevada,2023-11-01,4223,3916.5,TRUE,cities_aggregated
nevada,nevada,2023-12-01,4014,4057,TRUE,cities_aggregated
nevada,nevada,2024-01-01,4746,5111,TRUE,cities_aggregated
nevada,nevada,2024-02-01,4086,4249.5,TRUE,cities_aggregated
nevada,nevada,2024-03-01,3309,3875,TRUE,cities_aggregated
nevada,nevada,2024-04-01,3860,3996.5,TRUE,cities_aggregated
nevada,nevada,2024-05-01,3977,4775.5,TRUE,cities_aggregated
nevada,nevada,2024-06-01,4041,4672,TRUE,cities_aggregated
nevada,nevada,2024-07-01,4983,4961.5,TRUE,cities_aggregated
nevada,nevada,2024-08-01,4589,4906,TRUE,cities_aggregated
nevada,nevada,2024-09-01,4429,4528,TRUE,cities_aggregated
nevada,nevada,2024-10-01,3231,3985,TRUE,cities_aggregated
nevada,nevada,2024-11-01,3610,3916.5,TRUE,cities_aggregated
nevada,nevada,2024-12-01,4100,4057,TRUE,cities_aggregated
nevada,nevada,2025-01-01,3911,5111,TRUE,cities_aggregated
nevada,nevada,2025-02-01,3377,4186,TRUE,cities_aggregated
nevada,nevada,2025-03-01,3394,3875,TRUE,cities_aggregated
nevada,nevada,2025-04-01,3428,3996.5,TRUE,cities_aggregated
nevada,nevada,2025-05-01,3779,4775.5,TRUE,cities_aggregated
nevada,nevada,2025-06-01,3871,4672,TRUE,cities_aggregated
nevada,nevada,2025-07-01,4244,4961.5,TRUE,cities_aggregated
nevada,nevada,2025-08-01,3973,4906,TRUE,cities_aggregated
nevada,nevada,2025-09-01,3363,4528,TRUE,cities_aggregated
nevada,nevada,2025-10-01,3710,3985,TRUE,cities_aggregated
nevada,nevada,2025-11-01,0,674.5,TRUE,cities_aggregated
NEWMEXICO,newmexico,2017-01-01,1461,NA,TRUE,state_level
NEWMEXICO,newmexico,2017-02-01,1313,NA,TRUE,state_level
NEWMEXICO,newmexico,2017-03-01,1124,NA,TRUE,state_level
NEWMEXICO,newmexico,2017-04-01,1276,NA,TRUE,state_level
NEWMEXICO,newmexico,2017-05-01,1408,NA,TRUE,state_level
NEWMEXICO,newmexico,2017-06-01,1515,NA,TRUE,state_level
NEWMEXICO,newmexico,2017-07-01,1457,NA,TRUE,state_level
NEWMEXICO,newmexico,2017-08-01,1639,NA,TRUE,state_level
NEWMEXICO,newmexico,2017-09-01,1451,NA,TRUE,state_level
NEWMEXICO,newmexico,2017-10-01,1519,NA,TRUE,state_level
NEWMEXICO,newmexico,2017-11-01,1269,NA,TRUE,state_level
NEWMEXICO,newmexico,2017-12-01,1265,NA,TRUE,state_level
NEWMEXICO,newmexico,2018-01-01,1568,NA,TRUE,state_level
NEWMEXICO,newmexico,2018-02-01,1310,NA,TRUE,state_level
NEWMEXICO,newmexico,2018-03-01,1103,NA,TRUE,state_level
NEWMEXICO,newmexico,2018-04-01,1265,NA,TRUE,state_level
NEWMEXICO,newmexico,2018-05-01,1397,NA,TRUE,state_level
NEWMEXICO,newmexico,2018-06-01,1467,NA,TRUE,state_level
NEWMEXICO,newmexico,2018-07-01,1565,NA,TRUE,state_level
NEWMEXICO,newmexico,2018-08-01,1530,NA,TRUE,state_level
NEWMEXICO,newmexico,2018-09-01,1434,NA,TRUE,state_level
NEWMEXICO,newmexico,2018-10-01,1559,NA,TRUE,state_level
NEWMEXICO,newmexico,2018-11-01,1367,NA,TRUE,state_level
NEWMEXICO,newmexico,2018-12-01,1226,NA,TRUE,state_level
NEWMEXICO,newmexico,2019-01-01,1637,NA,TRUE,state_level
NEWMEXICO,newmexico,2019-02-01,1329,NA,TRUE,state_level
NEWMEXICO,newmexico,2019-03-01,1181,NA,TRUE,state_level
NEWMEXICO,newmexico,2019-04-01,1276,NA,TRUE,state_level
NEWMEXICO,newmexico,2019-05-01,1465,NA,TRUE,state_level
NEWMEXICO,newmexico,2019-06-01,1454,NA,TRUE,state_level
NEWMEXICO,newmexico,2019-07-01,1571,NA,TRUE,state_level
NEWMEXICO,newmexico,2019-08-01,1581,NA,TRUE,state_level
NEWMEXICO,newmexico,2019-09-01,1561,NA,TRUE,state_level
NEWMEXICO,newmexico,2019-10-01,1487,NA,TRUE,state_level
NEWMEXICO,newmexico,2019-11-01,1393,NA,TRUE,state_level
NEWMEXICO,newmexico,2019-12-01,1389,NA,TRUE,state_level
newmexico,newmexico,2020-01-01,1545,3.1106666666666696,TRUE,state_level
newmexico,newmexico,2020-02-01,1266,2.634666666666665,TRUE,state_level
newmexico,newmexico,2020-03-01,1021,2.2720000000000025,TRUE,state_level
newmexico,newmexico,2020-04-01,436,2.544666666666662,TRUE,state_level
newmexico,newmexico,2020-05-01,448,2.8466666666666716,TRUE,state_level
newmexico,newmexico,2020-06-01,537,2.9573333333333287,TRUE,state_level
newmexico,newmexico,2020-07-01,576,3.0619999999999976,TRUE,state_level
newmexico,newmexico,2020-08-01,758,3.166666666666662,TRUE,state_level
newmexico,newmexico,2020-09-01,662,2.964000000000001,TRUE,state_level
newmexico,newmexico,2020-10-01,706,3.043333333333331,TRUE,state_level
newmexico,newmexico,2020-11-01,661,2.686000000000001,TRUE,state_level
newmexico,newmexico,2020-12-01,417,2.586666666666669,TRUE,state_level
newmexico,newmexico,2021-01-01,910,3.1106666666666696,TRUE,state_level
newmexico,newmexico,2021-02-01,675,2.634666666666665,TRUE,state_level
newmexico,newmexico,2021-03-01,699,2.2720000000000025,TRUE,state_level
newmexico,newmexico,2021-04-01,575,2.544666666666662,TRUE,state_level
newmexico,newmexico,2021-05-01,739,2.8466666666666716,TRUE,state_level
newmexico,newmexico,2021-06-01,878,2.9573333333333287,TRUE,state_level
newmexico,newmexico,2021-07-01,824,3.0619999999999976,TRUE,state_level
newmexico,newmexico,2021-08-01,791,3.166666666666662,TRUE,state_level
newmexico,newmexico,2021-09-01,778,2.964000000000001,TRUE,state_level
newmexico,newmexico,2021-10-01,823,3.043333333333331,TRUE,state_level
newmexico,newmexico,2021-11-01,791,2.686000000000001,TRUE,state_level
newmexico,newmexico,2021-12-01,704,2.586666666666669,TRUE,state_level
newmexico,newmexico,2022-01-01,876,3.1106666666666696,TRUE,state_level
newmexico,newmexico,2022-02-01,941,2.634666666666665,TRUE,state_level
newmexico,newmexico,2022-03-01,938,2.2720000000000025,TRUE,state_level
newmexico,newmexico,2022-04-01,897,2.544666666666662,TRUE,state_level
newmexico,newmexico,2022-05-01,1068,2.8466666666666716,TRUE,state_level
newmexico,newmexico,2022-06-01,1045,2.9573333333333287,TRUE,state_level
newmexico,newmexico,2022-07-01,1086,3.0619999999999976,TRUE,state_level
newmexico,newmexico,2022-08-01,1239,3.166666666666662,TRUE,state_level
newmexico,newmexico,2022-09-01,1026,2.964000000000001,TRUE,state_level
newmexico,newmexico,2022-10-01,1073,3.043333333333331,TRUE,state_level
newmexico,newmexico,2022-11-01,1058,2.686000000000001,TRUE,state_level
newmexico,newmexico,2022-12-01,973,2.586666666666669,TRUE,state_level
newmexico,newmexico,2023-01-01,124,0.22999999999999937,TRUE,state_level
NEWYORK,newyork,2016-01-01,19871,NA,TRUE,state_level
NEWYORK,newyork,2016-02-01,21793,NA,TRUE,state_level
NEWYORK,newyork,2016-03-01,19590,NA,TRUE,state_level
NEWYORK,newyork,2016-04-01,16482,NA,TRUE,state_level
NEWYORK,newyork,2016-05-01,17458,NA,TRUE,state_level
NEWYORK,newyork,2016-06-01,18773,NA,TRUE,state_level
NEWYORK,newyork,2016-07-01,18326,NA,TRUE,state_level
NEWYORK,newyork,2016-08-01,22170,NA,TRUE,state_level
NEWYORK,newyork,2016-09-01,19984,NA,TRUE,state_level
NEWYORK,newyork,2016-10-01,18563,NA,TRUE,state_level
NEWYORK,newyork,2016-11-01,20724,NA,TRUE,state_level
NEWYORK,newyork,2016-12-01,20115,NA,TRUE,state_level
NEWYORK,newyork,2017-01-01,19166,NA,TRUE,state_level
NEWYORK,newyork,2017-02-01,19262,NA,TRUE,state_level
NEWYORK,newyork,2017-03-01,20193,NA,TRUE,state_level
NEWYORK,newyork,2017-04-01,15750,NA,TRUE,state_level
NEWYORK,newyork,2017-05-01,18361,NA,TRUE,state_level
NEWYORK,newyork,2017-06-01,17584,NA,TRUE,state_level
NEWYORK,newyork,2017-07-01,18556,NA,TRUE,state_level
NEWYORK,newyork,2017-08-01,20787,NA,TRUE,state_level
NEWYORK,newyork,2017-09-01,18411,NA,TRUE,state_level
NEWYORK,newyork,2017-10-01,19837,NA,TRUE,state_level
NEWYORK,newyork,2017-11-01,19183,NA,TRUE,state_level
NEWYORK,newyork,2017-12-01,18687,NA,TRUE,state_level
NEWYORK,newyork,2018-01-01,20796,NA,TRUE,state_level
NEWYORK,newyork,2018-02-01,17940,NA,TRUE,state_level
NEWYORK,newyork,2018-03-01,18433,NA,TRUE,state_level
NEWYORK,newyork,2018-04-01,15919,NA,TRUE,state_level
NEWYORK,newyork,2018-05-01,16216,NA,TRUE,state_level
NEWYORK,newyork,2018-06-01,17616,NA,TRUE,state_level
NEWYORK,newyork,2018-07-01,18108,NA,TRUE,state_level
NEWYORK,newyork,2018-08-01,20323,NA,TRUE,state_level
NEWYORK,newyork,2018-09-01,15705,NA,TRUE,state_level
NEWYORK,newyork,2018-10-01,20847,NA,TRUE,state_level
NEWYORK,newyork,2018-11-01,18744,NA,TRUE,state_level
NEWYORK,newyork,2018-12-01,17028,NA,TRUE,state_level
ohio,ohio,2020-01-01,3379,1318.5,TRUE,cities_aggregated
ohio,ohio,2020-02-01,2860,1282.8333333333333,TRUE,cities_aggregated
ohio,ohio,2020-03-01,1573,1023.6666666666666,TRUE,cities_aggregated
ohio,ohio,2020-04-01,537,1042.6666666666667,TRUE,cities_aggregated
ohio,ohio,2020-05-01,724,1301.3333333333333,TRUE,cities_aggregated
ohio,ohio,2020-06-01,1570,1267.6666666666667,TRUE,cities_aggregated
ohio,ohio,2020-07-01,1717,1313.6666666666667,TRUE,cities_aggregated
ohio,ohio,2020-08-01,2153,1385.1666666666667,TRUE,cities_aggregated
ohio,ohio,2020-09-01,2499,1227,TRUE,cities_aggregated
ohio,ohio,2020-10-01,2401,1331,TRUE,cities_aggregated
ohio,ohio,2020-11-01,1881,1042.1666666666667,TRUE,cities_aggregated
ohio,ohio,2020-12-01,2967,1190.6666666666667,TRUE,cities_aggregated
ohio,ohio,2021-01-01,2083,1318.5,TRUE,cities_aggregated
ohio,ohio,2021-02-01,1809,1251.5,TRUE,cities_aggregated
ohio,ohio,2021-03-01,2766,1023.6666666666666,TRUE,cities_aggregated
ohio,ohio,2021-04-01,1976,1042.6666666666667,TRUE,cities_aggregated
ohio,ohio,2021-05-01,1864,1301.3333333333333,TRUE,cities_aggregated
ohio,ohio,2021-06-01,2410,1267.6666666666667,TRUE,cities_aggregated
ohio,ohio,2021-07-01,2787,1313.6666666666667,TRUE,cities_aggregated
ohio,ohio,2021-08-01,2719,1385.1666666666667,TRUE,cities_aggregated
ohio,ohio,2021-09-01,2841,1227,TRUE,cities_aggregated
ohio,ohio,2021-10-01,2836,1331,TRUE,cities_aggregated
ohio,ohio,2021-11-01,2554,1042.1666666666667,TRUE,cities_aggregated
ohio,ohio,2021-12-01,2955,1190.6666666666667,TRUE,cities_aggregated
ohio,ohio,2022-01-01,3116,1318.5,TRUE,cities_aggregated
ohio,ohio,2022-02-01,2747,1251.5,TRUE,cities_aggregated
ohio,ohio,2022-03-01,3076,1023.6666666666666,TRUE,cities_aggregated
ohio,ohio,2022-04-01,2602,1042.6666666666667,TRUE,cities_aggregated
ohio,ohio,2022-05-01,3046,1301.3333333333333,TRUE,cities_aggregated
ohio,ohio,2022-06-01,3264,1267.6666666666667,TRUE,cities_aggregated
ohio,ohio,2022-07-01,3443,1313.6666666666667,TRUE,cities_aggregated
ohio,ohio,2022-08-01,3677,1385.1666666666667,TRUE,cities_aggregated
ohio,ohio,2022-09-01,3964,1227,TRUE,cities_aggregated
ohio,ohio,2022-10-01,3832,1331,TRUE,cities_aggregated
ohio,ohio,2022-11-01,3347,1042.1666666666667,TRUE,cities_aggregated
ohio,ohio,2022-12-01,3470,1190.6666666666667,TRUE,cities_aggregated
ohio,ohio,2023-01-01,3503,1318.5,TRUE,cities_aggregated
ohio,ohio,2023-02-01,3751,1251.5,TRUE,cities_aggregated
ohio,ohio,2023-03-01,3224,1023.6666666666666,TRUE,cities_aggregated
ohio,ohio,2023-04-01,2924,1042.6666666666667,TRUE,cities_aggregated
ohio,ohio,2023-05-01,3445,1301.3333333333333,TRUE,cities_aggregated
ohio,ohio,2023-06-01,3918,1267.6666666666667,TRUE,cities_aggregated
ohio,ohio,2023-07-01,3649,1313.6666666666667,TRUE,cities_aggregated
ohio,ohio,2023-08-01,4444,1385.1666666666667,TRUE,cities_aggregated
ohio,ohio,2023-09-01,3658,1227,TRUE,cities_aggregated
ohio,ohio,2023-10-01,3892,1331,TRUE,cities_aggregated
ohio,ohio,2023-11-01,3326,1042.1666666666667,TRUE,cities_aggregated
ohio,ohio,2023-12-01,3363,1190.6666666666667,TRUE,cities_aggregated
ohio,ohio,2024-01-01,4413,1318.5,TRUE,cities_aggregated
ohio,ohio,2024-02-01,3956,1282.8333333333333,TRUE,cities_aggregated
ohio,ohio,2024-03-01,2923,1023.6666666666666,TRUE,cities_aggregated
ohio,ohio,2024-04-01,3332,1042.6666666666667,TRUE,cities_aggregated
ohio,ohio,2024-05-01,4361,1301.3333333333333,TRUE,cities_aggregated
ohio,ohio,2024-06-01,3690,1267.6666666666667,TRUE,cities_aggregated
ohio,ohio,2024-07-01,4236,1313.6666666666667,TRUE,cities_aggregated
ohio,ohio,2024-08-01,3870,1385.1666666666667,TRUE,cities_aggregated
ohio,ohio,2024-09-01,3707,1227,TRUE,cities_aggregated
ohio,ohio,2024-10-01,4098,1331,TRUE,cities_aggregated
ohio,ohio,2024-11-01,2929,1042.1666666666667,TRUE,cities_aggregated
ohio,ohio,2024-12-01,3781,1190.6666666666667,TRUE,cities_aggregated
ohio,ohio,2025-01-01,4055,1318.5,TRUE,cities_aggregated
ohio,ohio,2025-02-01,3390,1251.5,TRUE,cities_aggregated
ohio,ohio,2025-03-01,3325,1023.6666666666666,TRUE,cities_aggregated
ohio,ohio,2025-04-01,3385,1042.6666666666667,TRUE,cities_aggregated
ohio,ohio,2025-05-01,3550,1301.3333333333333,TRUE,cities_aggregated
ohio,ohio,2025-06-01,3457,1267.6666666666667,TRUE,cities_aggregated
ohio,ohio,2025-07-01,4359,1313.6666666666667,TRUE,cities_aggregated
ohio,ohio,2025-08-01,3773,1385.1666666666667,TRUE,cities_aggregated
ohio,ohio,2025-09-01,3796,1227,TRUE,cities_aggregated
ohio,ohio,2025-10-01,3721,1331,TRUE,cities_aggregated
ohio,ohio,2025-11-01,464,464.3333333333333,TRUE,cities_aggregated
PENNSYLVANIA,pennsylvania,2016-01-01,11175,NA,TRUE,state_level
PENNSYLVANIA,pennsylvania,2016-02-01,10617,NA,TRUE,state_level
PENNSYLVANIA,pennsylvania,2016-03-01,10020,NA,TRUE,state_level
PENNSYLVANIA,pennsylvania,2016-04-01,9646,NA,TRUE,state_level
PENNSYLVANIA,pennsylvania,2016-05-01,11138,NA,TRUE,state_level
PENNSYLVANIA,pennsylvania,2016-06-01,12135,NA,TRUE,state_level
PENNSYLVANIA,pennsylvania,2016-07-01,11952,NA,TRUE,state_level
PENNSYLVANIA,pennsylvania,2016-08-01,13049,NA,TRUE,state_level
PENNSYLVANIA,pennsylvania,2016-09-01,12767,NA,TRUE,state_level
PENNSYLVANIA,pennsylvania,2016-10-01,11535,NA,TRUE,state_level
PENNSYLVANIA,pennsylvania,2016-11-01,10870,NA,TRUE,state_level
PENNSYLVANIA,pennsylvania,2016-12-01,9693,NA,TRUE,state_level
PENNSYLVANIA,pennsylvania,2017-01-01,12113,NA,TRUE,state_level
PENNSYLVANIA,pennsylvania,2017-02-01,10981,NA,TRUE,state_level
PENNSYLVANIA,pennsylvania,2017-03-01,10545,NA,TRUE,state_level
PENNSYLVANIA,pennsylvania,2017-04-01,9767,NA,TRUE,state_level
PENNSYLVANIA,pennsylvania,2017-05-01,11972,NA,TRUE,state_level
PENNSYLVANIA,pennsylvania,2017-06-01,12777,NA,TRUE,state_level
PENNSYLVANIA,pennsylvania,2017-07-01,12421,NA,TRUE,state_level
PENNSYLVANIA,pennsylvania,2017-08-01,13127,NA,TRUE,state_level
PENNSYLVANIA,pennsylvania,2017-09-01,12138,NA,TRUE,state_level
PENNSYLVANIA,pennsylvania,2017-10-01,12614,NA,TRUE,state_level
PENNSYLVANIA,pennsylvania,2017-11-01,10391,NA,TRUE,state_level
PENNSYLVANIA,pennsylvania,2017-12-01,7733,NA,TRUE,state_level
PENNSYLVANIA,pennsylvania,2018-01-01,12060,NA,TRUE,state_level
PENNSYLVANIA,pennsylvania,2018-02-01,10538,NA,TRUE,state_level
PENNSYLVANIA,pennsylvania,2018-03-01,9511,NA,TRUE,state_level
PENNSYLVANIA,pennsylvania,2018-04-01,10033,NA,TRUE,state_level
PENNSYLVANIA,pennsylvania,2018-05-01,11504,NA,TRUE,state_level
PENNSYLVANIA,pennsylvania,2018-06-01,11319,NA,TRUE,state_level
PENNSYLVANIA,pennsylvania,2018-07-01,12221,NA,TRUE,state_level
PENNSYLVANIA,pennsylvania,2018-08-01,12786,NA,TRUE,state_level
PENNSYLVANIA,pennsylvania,2018-09-01,11222,NA,TRUE,state_level
PENNSYLVANIA,pennsylvania,2018-10-01,12878,NA,TRUE,state_level
PENNSYLVANIA,pennsylvania,2018-11-01,10774,NA,TRUE,state_level
PENNSYLVANIA,pennsylvania,2018-12-01,9642,NA,TRUE,state_level
PENNSYLVANIA,pennsylvania,2019-01-01,12231,NA,TRUE,state_level
PENNSYLVANIA,pennsylvania,2019-02-01,10666,NA,TRUE,state_level
PENNSYLVANIA,pennsylvania,2019-03-01,9763,NA,TRUE,state_level
PENNSYLVANIA,pennsylvania,2019-04-01,9937,NA,TRUE,state_level
PENNSYLVANIA,pennsylvania,2019-05-01,9897,NA,TRUE,state_level
PENNSYLVANIA,pennsylvania,2019-06-01,11540,NA,TRUE,state_level
PENNSYLVANIA,pennsylvania,2019-07-01,13440,NA,TRUE,state_level
PENNSYLVANIA,pennsylvania,2019-08-01,12641,NA,TRUE,state_level
PENNSYLVANIA,pennsylvania,2019-09-01,11845,NA,TRUE,state_level
PENNSYLVANIA,pennsylvania,2019-10-01,12449,NA,TRUE,state_level
PENNSYLVANIA,pennsylvania,2019-11-01,10341,NA,TRUE,state_level
PENNSYLVANIA,pennsylvania,2019-12-01,10845,NA,TRUE,state_level
pennsylvania,pennsylvania,2020-01-01,10903,3.1429791860825,TRUE,state_level
pennsylvania,pennsylvania,2020-02-01,9569,2.8139950295121094,TRUE,state_level
pennsylvania,pennsylvania,2020-03-01,4579,2.5837993165580166,TRUE,state_level
pennsylvania,pennsylvania,2020-04-01,168,2.623174899037057,TRUE,state_level
pennsylvania,pennsylvania,2020-05-01,204,2.960624417520872,TRUE,state_level
pennsylvania,pennsylvania,2020-06-01,1001,3.1475613544578085,TRUE,state_level
pennsylvania,pennsylvania,2020-07-01,1206,3.3016464740602265,TRUE,state_level
pennsylvania,pennsylvania,2020-08-01,1440,3.393833488661307,TRUE,state_level
pennsylvania,pennsylvania,2020-09-01,9608,3.163793103448206,TRUE,state_level
pennsylvania,pennsylvania,2020-10-01,6355,3.2440975458214556,TRUE,state_level
pennsylvania,pennsylvania,2020-11-01,5265,2.7767940354145058,TRUE,state_level
pennsylvania,pennsylvania,2020-12-01,5024,2.4300248524386032,TRUE,state_level
pennsylvania,pennsylvania,2021-01-01,5105,3.1429791860825,TRUE,state_level
pennsylvania,pennsylvania,2021-02-01,4743,2.7848710779745844,TRUE,state_level
pennsylvania,pennsylvania,2021-03-01,5599,2.5837993165580166,TRUE,state_level
pennsylvania,pennsylvania,2021-04-01,3801,2.623174899037057,TRUE,state_level
pennsylvania,pennsylvania,2021-05-01,3945,2.960624417520872,TRUE,state_level
pennsylvania,pennsylvania,2021-06-01,5056,3.1475613544578085,TRUE,state_level
pennsylvania,pennsylvania,2021-07-01,5388,3.3016464740602265,TRUE,state_level
pennsylvania,pennsylvania,2021-08-01,5740,3.393833488661307,TRUE,state_level
pennsylvania,pennsylvania,2021-09-01,6190,3.163793103448206,TRUE,state_level
pennsylvania,pennsylvania,2021-10-01,6688,3.2440975458214556,TRUE,state_level
pennsylvania,pennsylvania,2021-11-01,6993,2.7767940354145058,TRUE,state_level
pennsylvania,pennsylvania,2021-12-01,7059,2.4300248524386032,TRUE,state_level
pennsylvania,pennsylvania,2022-01-01,7955,3.1429791860825,TRUE,state_level
pennsylvania,pennsylvania,2022-02-01,7338,2.7848710779745844,TRUE,state_level
pennsylvania,pennsylvania,2022-03-01,7924,2.5837993165580166,TRUE,state_level
pennsylvania,pennsylvania,2022-04-01,7463,2.623174899037057,TRUE,state_level
pennsylvania,pennsylvania,2022-05-01,8675,2.960624417520872,TRUE,state_level
pennsylvania,pennsylvania,2022-06-01,9344,3.1475613544578085,TRUE,state_level
pennsylvania,pennsylvania,2022-07-01,9318,3.3016464740602265,TRUE,state_level
pennsylvania,pennsylvania,2022-08-01,11151,3.393833488661307,TRUE,state_level
pennsylvania,pennsylvania,2022-09-01,10441,3.163793103448206,TRUE,state_level
pennsylvania,pennsylvania,2022-10-01,9360,3.2440975458214556,TRUE,state_level
pennsylvania,pennsylvania,2022-11-01,8918,2.7767940354145058,TRUE,state_level
pennsylvania,pennsylvania,2022-12-01,9304,2.4300248524386032,TRUE,state_level
pennsylvania,pennsylvania,2023-01-01,1524,0.5009319664492318,TRUE,state_level
RHODE ISLAND,rhode island,2016-01-01,1236,NA,TRUE,state_level
RHODE ISLAND,rhode island,2016-02-01,1164,NA,TRUE,state_level
RHODE ISLAND,rhode island,2016-03-01,1188,NA,TRUE,state_level
RHODE ISLAND,rhode island,2016-04-01,1018,NA,TRUE,state_level
RHODE ISLAND,rhode island,2016-05-01,1234,NA,TRUE,state_level
RHODE ISLAND,rhode island,2016-06-01,1289,NA,TRUE,state_level
RHODE ISLAND,rhode island,2016-07-01,1398,NA,TRUE,state_level
RHODE ISLAND,rhode island,2016-08-01,1486,NA,TRUE,state_level
RHODE ISLAND,rhode island,2016-09-01,1343,NA,TRUE,state_level
RHODE ISLAND,rhode island,2016-10-01,1160,NA,TRUE,state_level
RHODE ISLAND,rhode island,2016-11-01,1136,NA,TRUE,state_level
RHODE ISLAND,rhode island,2016-12-01,1086,NA,TRUE,state_level
RHODE ISLAND,rhode island,2017-01-01,1430,NA,TRUE,state_level
RHODE ISLAND,rhode island,2017-02-01,1104,NA,TRUE,state_level
RHODE ISLAND,rhode island,2017-03-01,1055,NA,TRUE,state_level
RHODE ISLAND,rhode island,2017-04-01,903,NA,TRUE,state_level
RHODE ISLAND,rhode island,2017-05-01,1306,NA,TRUE,state_level
RHODE ISLAND,rhode island,2017-06-01,1214,NA,TRUE,state_level
RHODE ISLAND,rhode island,2017-07-01,1229,NA,TRUE,state_level
RHODE ISLAND,rhode island,2017-08-01,1518,NA,TRUE,state_level
RHODE ISLAND,rhode island,2017-09-01,1275,NA,TRUE,state_level
RHODE ISLAND,rhode island,2017-10-01,1527,NA,TRUE,state_level
RHODE ISLAND,rhode island,2017-11-01,1249,NA,TRUE,state_level
RHODE ISLAND,rhode island,2017-12-01,1049,NA,TRUE,state_level
RHODE ISLAND,rhode island,2018-01-01,1450,NA,TRUE,state_level
RHODE ISLAND,rhode island,2018-02-01,1255,NA,TRUE,state_level
RHODE ISLAND,rhode island,2018-03-01,1055,NA,TRUE,state_level
RHODE ISLAND,rhode island,2018-04-01,1044,NA,TRUE,state_level
RHODE ISLAND,rhode island,2018-05-01,1177,NA,TRUE,state_level
RHODE ISLAND,rhode island,2018-06-01,1223,NA,TRUE,state_level
RHODE ISLAND,rhode island,2018-07-01,1393,NA,TRUE,state_level
RHODE ISLAND,rhode island,2018-08-01,1407,NA,TRUE,state_level
RHODE ISLAND,rhode island,2018-09-01,1162,NA,TRUE,state_level
RHODE ISLAND,rhode island,2018-10-01,1424,NA,TRUE,state_level
RHODE ISLAND,rhode island,2018-11-01,1166,NA,TRUE,state_level
RHODE ISLAND,rhode island,2018-12-01,933,NA,TRUE,state_level
RHODE ISLAND,rhode island,2019-01-01,1456,NA,TRUE,state_level
RHODE ISLAND,rhode island,2019-02-01,968,NA,TRUE,state_level
RHODE ISLAND,rhode island,2019-03-01,1126,NA,TRUE,state_level
RHODE ISLAND,rhode island,2019-04-01,1077,NA,TRUE,state_level
RHODE ISLAND,rhode island,2019-05-01,1180,NA,TRUE,state_level
RHODE ISLAND,rhode island,2019-06-01,1103,NA,TRUE,state_level
RHODE ISLAND,rhode island,2019-07-01,1566,NA,TRUE,state_level
RHODE ISLAND,rhode island,2019-08-01,1194,NA,TRUE,state_level
RHODE ISLAND,rhode island,2019-09-01,1321,NA,TRUE,state_level
RHODE ISLAND,rhode island,2019-10-01,1273,NA,TRUE,state_level
RHODE ISLAND,rhode island,2019-11-01,948,NA,TRUE,state_level
RHODE ISLAND,rhode island,2019-12-01,992,NA,TRUE,state_level
southcarolina,southcarolina,2020-01-01,3004,1195,TRUE,cities_aggregated
southcarolina,southcarolina,2020-02-01,2695,1009.5,TRUE,cities_aggregated
southcarolina,southcarolina,2020-03-01,1510,894.75,TRUE,cities_aggregated
southcarolina,southcarolina,2020-04-01,7,965.5,TRUE,cities_aggregated
southcarolina,southcarolina,2020-05-01,849,1068.75,TRUE,cities_aggregated
southcarolina,southcarolina,2020-06-01,978,1071.25,TRUE,cities_aggregated
southcarolina,southcarolina,2020-07-01,951,1154.25,TRUE,cities_aggregated
southcarolina,southcarolina,2020-08-01,1274,1110,TRUE,cities_aggregated
southcarolina,southcarolina,2020-09-01,1545,1053,TRUE,cities_aggregated
southcarolina,southcarolina,2020-10-01,1259,1060,TRUE,cities_aggregated
southcarolina,southcarolina,2020-11-01,1331,999.25,TRUE,cities_aggregated
southcarolina,southcarolina,2020-12-01,1279,992.5,TRUE,cities_aggregated
southcarolina,southcarolina,2021-01-01,1388,1195,TRUE,cities_aggregated
southcarolina,southcarolina,2021-02-01,1178,1005.75,TRUE,cities_aggregated
southcarolina,southcarolina,2021-03-01,1148,894.75,TRUE,cities_aggregated
southcarolina,southcarolina,2021-04-01,872,965.5,TRUE,cities_aggregated
southcarolina,southcarolina,2021-05-01,979,1068.75,TRUE,cities_aggregated
southcarolina,southcarolina,2021-06-01,1258,1071.25,TRUE,cities_aggregated
southcarolina,southcarolina,2021-07-01,1116,1154.25,TRUE,cities_aggregated
southcarolina,southcarolina,2021-08-01,1154,1110,TRUE,cities_aggregated
southcarolina,southcarolina,2021-09-01,1596,1053,TRUE,cities_aggregated
southcarolina,southcarolina,2021-10-01,1634,1060,TRUE,cities_aggregated
southcarolina,southcarolina,2021-11-01,1555,999.25,TRUE,cities_aggregated
southcarolina,southcarolina,2021-12-01,1569,992.5,TRUE,cities_aggregated
southcarolina,southcarolina,2022-01-01,1954,1195,TRUE,cities_aggregated
southcarolina,southcarolina,2022-02-01,1901,1005.75,TRUE,cities_aggregated
southcarolina,southcarolina,2022-03-01,1906,894.75,TRUE,cities_aggregated
southcarolina,southcarolina,2022-04-01,1647,965.5,TRUE,cities_aggregated
southcarolina,southcarolina,2022-05-01,1781,1068.75,TRUE,cities_aggregated
southcarolina,southcarolina,2022-06-01,1952,1071.25,TRUE,cities_aggregated
southcarolina,southcarolina,2022-07-01,2065,1154.25,TRUE,cities_aggregated
southcarolina,southcarolina,2022-08-01,1993,1110,TRUE,cities_aggregated
southcarolina,southcarolina,2022-09-01,2094,1053,TRUE,cities_aggregated
southcarolina,southcarolina,2022-10-01,2079,1060,TRUE,cities_aggregated
southcarolina,southcarolina,2022-11-01,1879,999.25,TRUE,cities_aggregated
southcarolina,southcarolina,2022-12-01,1931,992.5,TRUE,cities_aggregated
southcarolina,southcarolina,2023-01-01,2410,1195,TRUE,cities_aggregated
southcarolina,southcarolina,2023-02-01,1858,1005.75,TRUE,cities_aggregated
southcarolina,southcarolina,2023-03-01,1896,894.75,TRUE,cities_aggregated
southcarolina,southcarolina,2023-04-01,1869,965.5,TRUE,cities_aggregated
southcarolina,southcarolina,2023-05-01,2121,1068.75,TRUE,cities_aggregated
southcarolina,southcarolina,2023-06-01,2149,1071.25,TRUE,cities_aggregated
southcarolina,southcarolina,2023-07-01,2305,1154.25,TRUE,cities_aggregated
southcarolina,southcarolina,2023-08-01,2274,1110,TRUE,cities_aggregated
southcarolina,southcarolina,2023-09-01,2115,1053,TRUE,cities_aggregated
southcarolina,southcarolina,2023-10-01,2306,1060,TRUE,cities_aggregated
southcarolina,southcarolina,2023-11-01,1997,999.25,TRUE,cities_aggregated
southcarolina,southcarolina,2023-12-01,2014,992.5,TRUE,cities_aggregated
southcarolina,southcarolina,2024-01-01,2370,1195,TRUE,cities_aggregated
southcarolina,southcarolina,2024-02-01,2183,1009.5,TRUE,cities_aggregated
southcarolina,southcarolina,2024-03-01,1683,894.75,TRUE,cities_aggregated
southcarolina,southcarolina,2024-04-01,1993,965.5,TRUE,cities_aggregated
southcarolina,southcarolina,2024-05-01,2154,1068.75,TRUE,cities_aggregated
southcarolina,southcarolina,2024-06-01,2136,1071.25,TRUE,cities_aggregated
southcarolina,southcarolina,2024-07-01,2312,1154.25,TRUE,cities_aggregated
southcarolina,southcarolina,2024-08-01,2166,1110,TRUE,cities_aggregated
southcarolina,southcarolina,2024-09-01,2097,1053,TRUE,cities_aggregated
southcarolina,southcarolina,2024-10-01,1934,1060,TRUE,cities_aggregated
southcarolina,southcarolina,2024-11-01,2000,999.25,TRUE,cities_aggregated
southcarolina,southcarolina,2024-12-01,1956,992.5,TRUE,cities_aggregated
southcarolina,southcarolina,2025-01-01,2248,1195,TRUE,cities_aggregated
southcarolina,southcarolina,2025-02-01,2145,1005.75,TRUE,cities_aggregated
southcarolina,southcarolina,2025-03-01,2115,894.75,TRUE,cities_aggregated
southcarolina,southcarolina,2025-04-01,1893,965.5,TRUE,cities_aggregated
southcarolina,southcarolina,2025-05-01,2251,1068.75,TRUE,cities_aggregated
southcarolina,southcarolina,2025-06-01,2140,1071.25,TRUE,cities_aggregated
southcarolina,southcarolina,2025-07-01,2461,1154.25,TRUE,cities_aggregated
southcarolina,southcarolina,2025-08-01,2437,1110,TRUE,cities_aggregated
southcarolina,southcarolina,2025-09-01,2294,1053,TRUE,cities_aggregated
southcarolina,southcarolina,2025-10-01,1818,1060,TRUE,cities_aggregated
southcarolina,southcarolina,2025-11-01,106,568,TRUE,cities_aggregated
tennessee,tennessee,2020-01-01,3648,1950.5,TRUE,cities_aggregated
tennessee,tennessee,2020-02-01,3077,1937.75,TRUE,cities_aggregated
tennessee,tennessee,2020-03-01,1841,1528.75,TRUE,cities_aggregated
tennessee,tennessee,2020-04-01,461,1611.5,TRUE,cities_aggregated
tennessee,tennessee,2020-05-01,799,1885.25,TRUE,cities_aggregated
tennessee,tennessee,2020-06-01,1399,1876.75,TRUE,cities_aggregated
tennessee,tennessee,2020-07-01,1423,1957.5,TRUE,cities_aggregated
tennessee,tennessee,2020-08-01,1524,1993.25,TRUE,cities_aggregated
tennessee,tennessee,2020-09-01,2095,1944.25,TRUE,cities_aggregated
tennessee,tennessee,2020-10-01,2195,1995.5,TRUE,cities_aggregated
tennessee,tennessee,2020-11-01,1788,1759.5,TRUE,cities_aggregated
tennessee,tennessee,2020-12-01,2115,1530.75,TRUE,cities_aggregated
tennessee,tennessee,2021-01-01,1438,1950.5,TRUE,cities_aggregated
tennessee,tennessee,2021-02-01,1093,1907.25,TRUE,cities_aggregated
tennessee,tennessee,2021-03-01,1986,1528.75,TRUE,cities_aggregated
tennessee,tennessee,2021-04-01,1723,1611.5,TRUE,cities_aggregated
tennessee,tennessee,2021-05-01,1566,1885.25,TRUE,cities_aggregated
tennessee,tennessee,2021-06-01,1948,1876.75,TRUE,cities_aggregated
tennessee,tennessee,2021-07-01,1881,1957.5,TRUE,cities_aggregated
tennessee,tennessee,2021-08-01,2163,1993.25,TRUE,cities_aggregated
tennessee,tennessee,2021-09-01,2518,1944.25,TRUE,cities_aggregated
tennessee,tennessee,2021-10-01,2422,1995.5,TRUE,cities_aggregated
tennessee,tennessee,2021-11-01,2163,1759.5,TRUE,cities_aggregated
tennessee,tennessee,2021-12-01,2341,1530.75,TRUE,cities_aggregated
tennessee,tennessee,2022-01-01,2742,1950.5,TRUE,cities_aggregated
tennessee,tennessee,2022-02-01,2867,1907.25,TRUE,cities_aggregated
tennessee,tennessee,2022-03-01,2912,1528.75,TRUE,cities_aggregated
tennessee,tennessee,2022-04-01,2494,1611.5,TRUE,cities_aggregated
tennessee,tennessee,2022-05-01,3045,1885.25,TRUE,cities_aggregated
tennessee,tennessee,2022-06-01,3247,1876.75,TRUE,cities_aggregated
tennessee,tennessee,2022-07-01,3649,1957.5,TRUE,cities_aggregated
tennessee,tennessee,2022-08-01,3770,1993.25,TRUE,cities_aggregated
tennessee,tennessee,2022-09-01,3683,1944.25,TRUE,cities_aggregated
tennessee,tennessee,2022-10-01,3760,1995.5,TRUE,cities_aggregated
tennessee,tennessee,2022-11-01,3288,1759.5,TRUE,cities_aggregated
tennessee,tennessee,2022-12-01,3455,1530.75,TRUE,cities_aggregated
tennessee,tennessee,2023-01-01,4023,1950.5,TRUE,cities_aggregated
tennessee,tennessee,2023-02-01,3639,1907.25,TRUE,cities_aggregated
tennessee,tennessee,2023-03-01,3337,1528.75,TRUE,cities_aggregated
tennessee,tennessee,2023-04-01,3094,1611.5,TRUE,cities_aggregated
tennessee,tennessee,2023-05-01,3794,1885.25,TRUE,cities_aggregated
tennessee,tennessee,2023-06-01,3827,1876.75,TRUE,cities_aggregated
tennessee,tennessee,2023-07-01,3653,1957.5,TRUE,cities_aggregated
tennessee,tennessee,2023-08-01,4026,1993.25,TRUE,cities_aggregated
tennessee,tennessee,2023-09-01,3909,1944.25,TRUE,cities_aggregated
tennessee,tennessee,2023-10-01,4212,1995.5,TRUE,cities_aggregated
tennessee,tennessee,2023-11-01,3655,1759.5,TRUE,cities_aggregated
tennessee,tennessee,2023-12-01,3120,1530.75,TRUE,cities_aggregated
tennessee,tennessee,2024-01-01,3779,1950.5,TRUE,cities_aggregated
tennessee,tennessee,2024-02-01,4112,1937.75,TRUE,cities_aggregated
tennessee,tennessee,2024-03-01,2778,1528.75,TRUE,cities_aggregated
tennessee,tennessee,2024-04-01,3450,1611.5,TRUE,cities_aggregated
tennessee,tennessee,2024-05-01,3748,1885.25,TRUE,cities_aggregated
tennessee,tennessee,2024-06-01,3681,1876.75,TRUE,cities_aggregated
tennessee,tennessee,2024-07-01,4178,1957.5,TRUE,cities_aggregated
tennessee,tennessee,2024-08-01,3948,1993.25,TRUE,cities_aggregated
tennessee,tennessee,2024-09-01,3869,1944.25,TRUE,cities_aggregated
tennessee,tennessee,2024-10-01,3930,1995.5,TRUE,cities_aggregated
tennessee,tennessee,2024-11-01,3385,1759.5,TRUE,cities_aggregated
tennessee,tennessee,2024-12-01,3085,1530.75,TRUE,cities_aggregated
tennessee,tennessee,2025-01-01,3067,1950.5,TRUE,cities_aggregated
tennessee,tennessee,2025-02-01,3312,1907.25,TRUE,cities_aggregated
tennessee,tennessee,2025-03-01,3071,1528.75,TRUE,cities_aggregated
tennessee,tennessee,2025-04-01,2574,1611.5,TRUE,cities_aggregated
tennessee,tennessee,2025-05-01,3062,1885.25,TRUE,cities_aggregated
tennessee,tennessee,2025-06-01,3290,1876.75,TRUE,cities_aggregated
tennessee,tennessee,2025-07-01,3970,1957.5,TRUE,cities_aggregated
tennessee,tennessee,2025-08-01,3143,1993.25,TRUE,cities_aggregated
tennessee,tennessee,2025-09-01,2896,1944.25,TRUE,cities_aggregated
tennessee,tennessee,2025-10-01,1964,1377,TRUE,cities_aggregated
tennessee,tennessee,2025-11-01,106,531.5,TRUE,cities_aggregated
texas,texas,2020-01-01,16001,4281.5,TRUE,cities_aggregated
texas,texas,2020-02-01,14565,3931.75,TRUE,cities_aggregated
texas,texas,2020-03-01,7494,3535.25,TRUE,cities_aggregated
texas,texas,2020-04-01,801,3515.625,TRUE,cities_aggregated
texas,texas,2020-05-01,1858,3834.375,TRUE,cities_aggregated
texas,texas,2020-06-01,4773,4030.125,TRUE,cities_aggregated
texas,texas,2020-07-01,4234,4103,TRUE,cities_aggregated
texas,texas,2020-08-01,5409,4263.75,TRUE,cities_aggregated
texas,texas,2020-09-01,5349,4099.375,TRUE,cities_aggregated
texas,texas,2020-10-01,5195,4001.5,TRUE,cities_aggregated
texas,texas,2020-11-01,5927,3693.25,TRUE,cities_aggregated
texas,texas,2020-12-01,7132,3724.5,TRUE,cities_aggregated
texas,texas,2021-01-01,6678,4281.5,TRUE,cities_aggregated
texas,texas,2021-02-01,4248,3869.5,TRUE,cities_aggregated
texas,texas,2021-03-01,6477,3535.25,TRUE,cities_aggregated
texas,texas,2021-04-01,5483,3515.625,TRUE,cities_aggregated
texas,texas,2021-05-01,5473,3834.375,TRUE,cities_aggregated
texas,texas,2021-06-01,5936,4030.125,TRUE,cities_aggregated
texas,texas,2021-07-01,6502,4103,TRUE,cities_aggregated
texas,texas,2021-08-01,7247,4263.75,TRUE,cities_aggregated
texas,texas,2021-09-01,9218,4099.375,TRUE,cities_aggregated
texas,texas,2021-10-01,10370,4001.5,TRUE,cities_aggregated
texas,texas,2021-11-01,9557,3693.25,TRUE,cities_aggregated
texas,texas,2021-12-01,9365,3724.5,TRUE,cities_aggregated
texas,texas,2022-01-01,13295,4281.5,TRUE,cities_aggregated
texas,texas,2022-02-01,14261,3869.5,TRUE,cities_aggregated
texas,texas,2022-03-01,15136,3535.25,TRUE,cities_aggregated
texas,texas,2022-04-01,12988,3515.625,TRUE,cities_aggregated
texas,texas,2022-05-01,14087,3834.375,TRUE,cities_aggregated
texas,texas,2022-06-01,15357,4030.125,TRUE,cities_aggregated
texas,texas,2022-07-01,16006,4103,TRUE,cities_aggregated
texas,texas,2022-08-01,17038,4263.75,TRUE,cities_aggregated
texas,texas,2022-09-01,16164,4099.375,TRUE,cities_aggregated
texas,texas,2022-10-01,15327,4001.5,TRUE,cities_aggregated
texas,texas,2022-11-01,14021,3693.25,TRUE,cities_aggregated
texas,texas,2022-12-01,14434,3724.5,TRUE,cities_aggregated
texas,texas,2023-01-01,16226,4281.5,TRUE,cities_aggregated
texas,texas,2023-02-01,14876,3869.5,TRUE,cities_aggregated
texas,texas,2023-03-01,14838,3535.25,TRUE,cities_aggregated
texas,texas,2023-04-01,13825,3515.625,TRUE,cities_aggregated
texas,texas,2023-05-01,15449,3834.375,TRUE,cities_aggregated
texas,texas,2023-06-01,16101,4030.125,TRUE,cities_aggregated
texas,texas,2023-07-01,16227,4103,TRUE,cities_aggregated
texas,texas,2023-08-01,17349,4263.75,TRUE,cities_aggregated
texas,texas,2023-09-01,16026,4099.375,TRUE,cities_aggregated
texas,texas,2023-10-01,17199,4001.5,TRUE,cities_aggregated
texas,texas,2023-11-01,15274,3693.25,TRUE,cities_aggregated
texas,texas,2023-12-01,14358,3724.5,TRUE,cities_aggregated
texas,texas,2024-01-01,18026,4281.5,TRUE,cities_aggregated
texas,texas,2024-02-01,16578,3931.75,TRUE,cities_aggregated
texas,texas,2024-03-01,13443,3535.25,TRUE,cities_aggregated
texas,texas,2024-04-01,14300,3515.625,TRUE,cities_aggregated
texas,texas,2024-05-01,15226,3834.375,TRUE,cities_aggregated
texas,texas,2024-06-01,16142,4030.125,TRUE,cities_aggregated
texas,texas,2024-07-01,16597,4103,TRUE,cities_aggregated
texas,texas,2024-08-01,16761,4263.75,TRUE,cities_aggregated
texas,texas,2024-09-01,16769,4099.375,TRUE,cities_aggregated
texas,texas,2024-10-01,14813,4001.5,TRUE,cities_aggregated
texas,texas,2024-11-01,14272,3693.25,TRUE,cities_aggregated
texas,texas,2024-12-01,15438,3724.5,TRUE,cities_aggregated
texas,texas,2025-01-01,17274,4281.5,TRUE,cities_aggregated
texas,texas,2025-02-01,15529,3869.5,TRUE,cities_aggregated
texas,texas,2025-03-01,13606,3535.25,TRUE,cities_aggregated
texas,texas,2025-04-01,13400,3515.625,TRUE,cities_aggregated
texas,texas,2025-05-01,15342,3834.375,TRUE,cities_aggregated
texas,texas,2025-06-01,15769,4030.125,TRUE,cities_aggregated
texas,texas,2025-07-01,16767,4103,TRUE,cities_aggregated
texas,texas,2025-08-01,16473,4263.75,TRUE,cities_aggregated
texas,texas,2025-09-01,12328,3146.25,TRUE,cities_aggregated
texas,texas,2025-10-01,12121,3851.8333333333335,TRUE,cities_aggregated
texas,texas,2025-11-01,1037,1983,TRUE,cities_aggregated
VIRGINIA,virginia,2016-01-01,17948,NA,TRUE,state_level
VIRGINIA,virginia,2016-02-01,14538,NA,TRUE,state_level
VIRGINIA,virginia,2016-03-01,12891,NA,TRUE,state_level
VIRGINIA,virginia,2016-04-01,14297,NA,TRUE,state_level
VIRGINIA,virginia,2016-05-01,15287,NA,TRUE,state_level
VIRGINIA,virginia,2016-06-01,16932,NA,TRUE,state_level
VIRGINIA,virginia,2016-07-01,16838,NA,TRUE,state_level
VIRGINIA,virginia,2016-08-01,16116,NA,TRUE,state_level
VIRGINIA,virginia,2016-09-01,17594,NA,TRUE,state_level
VIRGINIA,virginia,2016-10-01,16444,NA,TRUE,state_level
VIRGINIA,virginia,2016-11-01,14991,NA,TRUE,state_level
VIRGINIA,virginia,2016-12-01,16420,NA,TRUE,state_level
VIRGINIA,virginia,2017-01-01,18194,NA,TRUE,state_level
VIRGINIA,virginia,2017-02-01,15930,NA,TRUE,state_level
VIRGINIA,virginia,2017-03-01,13149,NA,TRUE,state_level
VIRGINIA,virginia,2017-04-01,13078,NA,TRUE,state_level
VIRGINIA,virginia,2017-05-01,15137,NA,TRUE,state_level
VIRGINIA,virginia,2017-06-01,17238,NA,TRUE,state_level
VIRGINIA,virginia,2017-07-01,16549,NA,TRUE,state_level
VIRGINIA,virginia,2017-08-01,16712,NA,TRUE,state_level
VIRGINIA,virginia,2017-09-01,17366,NA,TRUE,state_level
VIRGINIA,virginia,2017-10-01,17368,NA,TRUE,state_level
VIRGINIA,virginia,2017-11-01,15239,NA,TRUE,state_level
VIRGINIA,virginia,2017-12-01,15437,NA,TRUE,state_level
VIRGINIA,virginia,2018-01-01,17481,NA,TRUE,state_level
VIRGINIA,virginia,2018-02-01,16228,NA,TRUE,state_level
VIRGINIA,virginia,2018-03-01,13727,NA,TRUE,state_level
VIRGINIA,virginia,2018-04-01,13857,NA,TRUE,state_level
VIRGINIA,virginia,2018-05-01,15125,NA,TRUE,state_level
VIRGINIA,virginia,2018-06-01,16825,NA,TRUE,state_level
VIRGINIA,virginia,2018-07-01,16952,NA,TRUE,state_level
VIRGINIA,virginia,2018-08-01,16554,NA,TRUE,state_level
VIRGINIA,virginia,2018-09-01,16109,NA,TRUE,state_level
VIRGINIA,virginia,2018-10-01,16511,NA,TRUE,state_level
VIRGINIA,virginia,2018-11-01,15846,NA,TRUE,state_level
VIRGINIA,virginia,2018-12-01,13941,NA,TRUE,state_level
VIRGINIA,virginia,2019-01-01,18364,NA,TRUE,state_level
VIRGINIA,virginia,2019-02-01,15219,NA,TRUE,state_level
VIRGINIA,virginia,2019-03-01,13034,NA,TRUE,state_level
VIRGINIA,virginia,2019-04-01,11878,NA,TRUE,state_level
VIRGINIA,virginia,2019-05-01,15139,NA,TRUE,state_level
VIRGINIA,virginia,2019-06-01,15278,NA,TRUE,state_level
VIRGINIA,virginia,2019-07-01,15009,NA,TRUE,state_level
VIRGINIA,virginia,2019-08-01,16234,NA,TRUE,state_level
VIRGINIA,virginia,2019-09-01,14863,NA,TRUE,state_level
VIRGINIA,virginia,2019-10-01,14819,NA,TRUE,state_level
VIRGINIA,virginia,2019-11-01,14307,NA,TRUE,state_level
VIRGINIA,virginia,2019-12-01,12782,NA,TRUE,state_level
virginia,virginia,2020-01-01,15846,8.099711740041826,TRUE,state_level
virginia,virginia,2020-02-01,12683,7.017950733752719,TRUE,state_level
virginia,virginia,2020-03-01,5829,5.965146750524128,TRUE,state_level
virginia,virginia,2020-04-01,848,5.998558700209588,TRUE,state_level
virginia,virginia,2020-05-01,1561,6.884302935010768,TRUE,state_level
virginia,virginia,2020-06-01,1838,7.49947589098543,TRUE,state_level
virginia,virginia,2020-07-01,4923,7.398977987421686,TRUE,state_level
virginia,virginia,2020-08-01,4783,7.480738993710877,TRUE,state_level
virginia,virginia,2020-09-01,7778,7.467767295597692,TRUE,state_level
virginia,virginia,2020-10-01,9125,7.409329140461397,TRUE,state_level
virginia,virginia,2020-11-01,3949,6.872117400419466,TRUE,state_level
virginia,virginia,2020-12-01,1486,6.7104297693921815,TRUE,state_level
virginia,virginia,2021-01-01,2403,8.099711740041826,TRUE,state_level
virginia,virginia,2021-02-01,2566,6.981001048218154,TRUE,state_level
virginia,virginia,2021-03-01,3666,5.965146750524128,TRUE,state_level
virginia,virginia,2021-04-01,1235,5.998558700209588,TRUE,state_level
virginia,virginia,2021-05-01,2544,6.884302935010768,TRUE,state_level
virginia,virginia,2021-06-01,3765,7.49947589098543,TRUE,state_level
virginia,virginia,2021-07-01,4137,7.398977987421686,TRUE,state_level
virginia,virginia,2021-08-01,4478,7.480738993710877,TRUE,state_level
virginia,virginia,2021-09-01,3172,7.467767295597692,TRUE,state_level
virginia,virginia,2021-10-01,3572,7.409329140461397,TRUE,state_level
virginia,virginia,2021-11-01,3694,6.872117400419466,TRUE,state_level
virginia,virginia,2021-12-01,3239,6.7104297693921815,TRUE,state_level
virginia,virginia,2022-01-01,3998,8.099711740041826,TRUE,state_level
virginia,virginia,2022-02-01,4196,6.981001048218154,TRUE,state_level
virginia,virginia,2022-03-01,6398,5.965146750524128,TRUE,state_level
virginia,virginia,2022-04-01,5425,5.998558700209588,TRUE,state_level
virginia,virginia,2022-05-01,5900,6.884302935010768,TRUE,state_level
virginia,virginia,2022-06-01,7594,7.49947589098543,TRUE,state_level
virginia,virginia,2022-07-01,10758,7.398977987421686,TRUE,state_level
virginia,virginia,2022-08-01,12664,7.480738993710877,TRUE,state_level
virginia,virginia,2022-09-01,12049,7.467767295597692,TRUE,state_level
virginia,virginia,2022-10-01,12132,7.409329140461397,TRUE,state_level
virginia,virginia,2022-11-01,10541,6.872117400419466,TRUE,state_level
virginia,virginia,2022-12-01,10817,6.7104297693921815,TRUE,state_level
virginia,virginia,2023-01-01,838,0.7151467505240952,TRUE,state_level
WISCONSIN,wisconsin,2012-01-01,1082,NA,TRUE,state_level
WISCONSIN,wisconsin,2012-02-01,812,NA,TRUE,state_level
WISCONSIN,wisconsin,2012-03-01,859,NA,TRUE,state_level
WISCONSIN,wisconsin,2012-04-01,1008,NA,TRUE,state_level
WISCONSIN,wisconsin,2012-05-01,1208,NA,TRUE,state_level
WISCONSIN,wisconsin,2012-06-01,1190,NA,TRUE,state_level
WISCONSIN,wisconsin,2012-07-01,1299,NA,TRUE,state_level
WISCONSIN,wisconsin,2012-08-01,1395,NA,TRUE,state_level
WISCONSIN,wisconsin,2012-09-01,1052,NA,TRUE,state_level
WISCONSIN,wisconsin,2012-10-01,1038,NA,TRUE,state_level
WISCONSIN,wisconsin,2012-11-01,964,NA,TRUE,state_level
WISCONSIN,wisconsin,2012-12-01,845,NA,TRUE,state_level
WISCONSIN,wisconsin,2013-01-01,1199,NA,TRUE,state_level
WISCONSIN,wisconsin,2013-02-01,803,NA,TRUE,state_level
WISCONSIN,wisconsin,2013-03-01,802,NA,TRUE,state_level
WISCONSIN,wisconsin,2013-04-01,1057,NA,TRUE,state_level
WISCONSIN,wisconsin,2013-05-01,1174,NA,TRUE,state_level
WISCONSIN,wisconsin,2013-06-01,1203,NA,TRUE,state_level
WISCONSIN,wisconsin,2013-07-01,1193,NA,TRUE,state_level
WISCONSIN,wisconsin,2013-08-01,1357,NA,TRUE,state_level
WISCONSIN,wisconsin,2013-09-01,1144,NA,TRUE,state_level
WISCONSIN,wisconsin,2013-10-01,1185,NA,TRUE,state_level
WISCONSIN,wisconsin,2013-11-01,910,NA,TRUE,state_level
WISCONSIN,wisconsin,2013-12-01,961,NA,TRUE,state_level
WISCONSIN,wisconsin,2014-01-01,1203,NA,TRUE,state_level
WISCONSIN,wisconsin,2014-02-01,906,NA,TRUE,state_level
WISCONSIN,wisconsin,2014-03-01,862,NA,TRUE,state_level
WISCONSIN,wisconsin,2014-04-01,1034,NA,TRUE,state_level
WISCONSIN,wisconsin,2014-05-01,1204,NA,TRUE,state_level
WISCONSIN,wisconsin,2014-06-01,1272,NA,TRUE,state_level
WISCONSIN,wisconsin,2014-07-01,1452,NA,TRUE,state_level
WISCONSIN,wisconsin,2014-08-01,1154,NA,TRUE,state_level
WISCONSIN,wisconsin,2014-09-01,1298,NA,TRUE,state_level
WISCONSIN,wisconsin,2014-10-01,1312,NA,TRUE,state_level
WISCONSIN,wisconsin,2014-11-01,963,NA,TRUE,state_level
WISCONSIN,wisconsin,2014-12-01,1003,NA,TRUE,state_level
WISCONSIN,wisconsin,2015-01-01,1070,NA,TRUE,state_level
WISCONSIN,wisconsin,2015-02-01,838,NA,TRUE,state_level
WISCONSIN,wisconsin,2015-03-01,912,NA,TRUE,state_level
WISCONSIN,wisconsin,2015-04-01,1086,NA,TRUE,state_level
WISCONSIN,wisconsin,2015-05-01,1139,NA,TRUE,state_level
WISCONSIN,wisconsin,2015-06-01,1240,NA,TRUE,state_level
WISCONSIN,wisconsin,2015-07-01,1251,NA,TRUE,state_level
WISCONSIN,wisconsin,2015-08-01,1089,NA,TRUE,state_level
WISCONSIN,wisconsin,2015-09-01,1233,NA,TRUE,state_level
WISCONSIN,wisconsin,2015-10-01,1180,NA,TRUE,state_level
WISCONSIN,wisconsin,2015-11-01,1041,NA,TRUE,state_level
WISCONSIN,wisconsin,2015-12-01,1061,NA,TRUE,state_level
WISCONSIN,wisconsin,2016-01-01,2603,NA,TRUE,state_level
WISCONSIN,wisconsin,2016-02-01,2618,NA,TRUE,state_level
WISCONSIN,wisconsin,2016-03-01,2662,NA,TRUE,state_level
WISCONSIN,wisconsin,2016-04-01,3295,NA,TRUE,state_level
WISCONSIN,wisconsin,2016-05-01,3674,NA,TRUE,state_level
WISCONSIN,wisconsin,2016-06-01,4425,NA,TRUE,state_level
WISCONSIN,wisconsin,2016-07-01,2923,NA,TRUE,state_level
WISCONSIN,wisconsin,2016-08-01,4406,NA,TRUE,state_level
WISCONSIN,wisconsin,2016-09-01,4178,NA,TRUE,state_level
WISCONSIN,wisconsin,2016-10-01,3132,NA,TRUE,state_level
WISCONSIN,wisconsin,2016-11-01,2815,NA,TRUE,state_level
WISCONSIN,wisconsin,2016-12-01,2635,NA,TRUE,state_level
WISCONSIN,wisconsin,2017-01-01,2270,NA,TRUE,state_level
WISCONSIN,wisconsin,2017-02-01,2008,NA,TRUE,state_level
WISCONSIN,wisconsin,2017-03-01,2184,NA,TRUE,state_level
WISCONSIN,wisconsin,2017-04-01,1888,NA,TRUE,state_level
WISCONSIN,wisconsin,2017-05-01,2703,NA,TRUE,state_level
WISCONSIN,wisconsin,2017-06-01,2728,NA,TRUE,state_level
WISCONSIN,wisconsin,2017-07-01,2939,NA,TRUE,state_level
WISCONSIN,wisconsin,2017-08-01,2973,NA,TRUE,state_level
WISCONSIN,wisconsin,2017-09-01,2669,NA,TRUE,state_level
WISCONSIN,wisconsin,2017-10-01,2364,NA,TRUE,state_level
WISCONSIN,wisconsin,2017-11-01,2247,NA,TRUE,state_level
WISCONSIN,wisconsin,2017-12-01,2027,NA,TRUE,state_level
WISCONSIN,wisconsin,2018-01-01,2335,NA,TRUE,state_level
WISCONSIN,wisconsin,2018-02-01,2057,NA,TRUE,state_level
WISCONSIN,wisconsin,2018-03-01,1725,NA,TRUE,state_level
WISCONSIN,wisconsin,2018-04-01,2121,NA,TRUE,state_level
WISCONSIN,wisconsin,2018-05-01,2411,NA,TRUE,state_level
WISCONSIN,wisconsin,2018-06-01,2615,NA,TRUE,state_level
WISCONSIN,wisconsin,2018-07-01,2627,NA,TRUE,state_level
WISCONSIN,wisconsin,2018-08-01,2661,NA,TRUE,state_level
WISCONSIN,wisconsin,2018-09-01,2382,NA,TRUE,state_level
WISCONSIN,wisconsin,2018-10-01,2391,NA,TRUE,state_level
WISCONSIN,wisconsin,2018-11-01,2103,NA,TRUE,state_level
WISCONSIN,wisconsin,2018-12-01,2025,NA,TRUE,state_level
wisconsin,wisconsin,2020-01-01,2733,1.508274231678485,TRUE,state_level
wisconsin,wisconsin,2020-02-01,2134,1.3874704491725758,TRUE,state_level
wisconsin,wisconsin,2020-03-01,1073,1.3598108747044924,TRUE,state_level
wisconsin,wisconsin,2020-04-01,54,1.465248226950356,TRUE,state_level
wisconsin,wisconsin,2020-05-01,359,1.7938534278959777,TRUE,state_level
wisconsin,wisconsin,2020-06-01,3003,2.0014184397163137,TRUE,state_level
wisconsin,wisconsin,2020-07-01,2416,1.778250591016546,TRUE,state_level
wisconsin,wisconsin,2020-08-01,1930,2.019621749408981,TRUE,state_level
wisconsin,wisconsin,2020-09-01,1289,1.8607565011820324,TRUE,state_level
wisconsin,wisconsin,2020-10-01,1353,1.6356973995271875,TRUE,state_level
wisconsin,wisconsin,2020-11-01,1002,1.4879432624113484,TRUE,state_level
wisconsin,wisconsin,2020-12-01,1504,1.3799054373522444,TRUE,state_level
wisconsin,wisconsin,2021-01-01,1291,1.508274231678485,TRUE,state_level
wisconsin,wisconsin,2021-02-01,1144,1.364066193853427,TRUE,state_level
wisconsin,wisconsin,2021-03-01,1269,1.3598108747044924,TRUE,state_level
wisconsin,wisconsin,2021-04-01,1067,1.465248226950356,TRUE,state_level
wisconsin,wisconsin,2021-05-01,1058,1.7938534278959777,TRUE,state_level
wisconsin,wisconsin,2021-06-01,1377,2.0014184397163137,TRUE,state_level
wisconsin,wisconsin,2021-07-01,1422,1.778250591016546,TRUE,state_level
wisconsin,wisconsin,2021-08-01,1422,2.019621749408981,TRUE,state_level
wisconsin,wisconsin,2021-09-01,1989,1.8607565011820324,TRUE,state_level
wisconsin,wisconsin,2021-10-01,1982,1.6356973995271875,TRUE,state_level
wisconsin,wisconsin,2021-11-01,1691,1.4879432624113484,TRUE,state_level
wisconsin,wisconsin,2021-12-01,1804,1.3799054373522444,TRUE,state_level
wisconsin,wisconsin,2022-01-01,2279,1.508274231678485,TRUE,state_level
wisconsin,wisconsin,2022-02-01,2378,1.364066193853427,TRUE,state_level
wisconsin,wisconsin,2022-03-01,2093,1.3598108747044924,TRUE,state_level
wisconsin,wisconsin,2022-04-01,1842,1.465248226950356,TRUE,state_level
wisconsin,wisconsin,2022-05-01,1989,1.7938534278959777,TRUE,state_level
wisconsin,wisconsin,2022-06-01,1965,2.0014184397163137,TRUE,state_level
wisconsin,wisconsin,2022-07-01,2082,1.778250591016546,TRUE,state_level
wisconsin,wisconsin,2022-08-01,2370,2.019621749408981,TRUE,state_level
wisconsin,wisconsin,2022-09-01,2226,1.8607565011820324,TRUE,state_level
wisconsin,wisconsin,2022-10-01,2166,1.6356973995271875,TRUE,state_level
wisconsin,wisconsin,2022-11-01,2089,1.4879432624113484,TRUE,state_level
wisconsin,wisconsin,2022-12-01,1711,1.3799054373522444,TRUE,state_level
wisconsin,wisconsin,2023-01-01,658,0.2858156028368795,TRUE,state_level
