location,location_std,month_date,filings_count,filings_avg,is_state
CONNECTICUT,connecticut,2017-01-01,1762,NA,TRUE
CONNECTICUT,connecticut,2017-02-01,1568,NA,TRUE
CONNECTICUT,connecticut,2017-03-01,1651,NA,TRUE
CONNECTICUT,connecticut,2017-04-01,1277,NA,TRUE
CONNECTICUT,connecticut,2017-05-01,1743,NA,TRUE
CONNECTICUT,connecticut,2017-06-01,1770,NA,TRUE
CONNECTICUT,connecticut,2017-07-01,1820,NA,TRUE
CONNECTICUT,connecticut,2017-08-01,2002,NA,TRUE
CONNECTICUT,connecticut,2017-09-01,1706,NA,TRUE
CONNECTICUT,connecticut,2017-10-01,1874,NA,TRUE
CONNECTICUT,connecticut,2017-11-01,1627,NA,TRUE
CONNECTICUT,connecticut,2017-12-01,1585,NA,TRUE
CONNECTICUT,connecticut,2018-01-01,1686,NA,TRUE
CONNECTICUT,connecticut,2018-02-01,1666,NA,TRUE
CONNECTICUT,connecticut,2018-03-01,1345,NA,TRUE
CONNECTICUT,connecticut,2018-04-01,1426,NA,TRUE
CONNECTICUT,connecticut,2018-05-01,1447,NA,TRUE
CONNECTICUT,connecticut,2018-06-01,1756,NA,TRUE
CONNECTICUT,connecticut,2018-07-01,1824,NA,TRUE
CONNECTICUT,connecticut,2018-08-01,1876,NA,TRUE
CONNECTICUT,connecticut,2018-09-01,1696,NA,TRUE
CONNECTICUT,connecticut,2018-10-01,1992,NA,TRUE
CONNECTICUT,connecticut,2018-11-01,1534,NA,TRUE
CONNECTICUT,connecticut,2018-12-01,1470,NA,TRUE
CONNECTICUT,connecticut,2019-01-01,1715,NA,TRUE
CONNECTICUT,connecticut,2019-02-01,1404,NA,TRUE
CONNECTICUT,connecticut,2019-03-01,1410,NA,TRUE
CONNECTICUT,connecticut,2019-04-01,1275,NA,TRUE
CONNECTICUT,connecticut,2019-05-01,1585,NA,TRUE
CONNECTICUT,connecticut,2019-06-01,1525,NA,TRUE
CONNECTICUT,connecticut,2019-07-01,1848,NA,TRUE
CONNECTICUT,connecticut,2019-08-01,1813,NA,TRUE
CONNECTICUT,connecticut,2019-09-01,1735,NA,TRUE
CONNECTICUT,connecticut,2019-10-01,1708,NA,TRUE
CONNECTICUT,connecticut,2019-11-01,1452,NA,TRUE
CONNECTICUT,connecticut,2019-12-01,1481,NA,TRUE
connecticut,connecticut,2020-01-01,1641,2.0635491606714638,TRUE
connecticut,connecticut,2020-02-01,1450,1.8537170263788962,TRUE
connecticut,connecticut,2020-03-01,1238,1.7609912070343725,TRUE
connecticut,connecticut,2020-04-01,167,1.5899280575539565,TRUE
connecticut,connecticut,2020-05-01,23,1.9084732214228612,TRUE
connecticut,connecticut,2020-06-01,29,2.0187849720223823,TRUE
connecticut,connecticut,2020-07-01,154,2.195043964828137,TRUE
connecticut,connecticut,2020-08-01,135,2.2745803357314145,TRUE
connecticut,connecticut,2020-09-01,192,2.0531574740207827,TRUE
connecticut,connecticut,2020-10-01,302,2.2278177458033572,TRUE
connecticut,connecticut,2020-11-01,472,1.8437250199840125,TRUE
connecticut,connecticut,2020-12-01,543,1.8129496402877692,TRUE
connecticut,connecticut,2021-01-01,550,2.0635491606714638,TRUE
connecticut,connecticut,2021-02-01,595,1.8537170263788962,TRUE
connecticut,connecticut,2021-03-01,879,1.7609912070343725,TRUE
connecticut,connecticut,2021-04-01,724,1.5899280575539565,TRUE
connecticut,connecticut,2021-05-01,610,1.9084732214228612,TRUE
connecticut,connecticut,2021-06-01,694,2.0187849720223823,TRUE
connecticut,connecticut,2021-07-01,391,2.195043964828137,TRUE
connecticut,connecticut,2021-08-01,556,2.2745803357314145,TRUE
connecticut,connecticut,2021-09-01,1041,2.0531574740207827,TRUE
connecticut,connecticut,2021-10-01,914,2.2278177458033572,TRUE
connecticut,connecticut,2021-11-01,1121,1.8437250199840125,TRUE
connecticut,connecticut,2021-12-01,1225,1.8129496402877692,TRUE
connecticut,connecticut,2022-01-01,1243,2.0635491606714638,TRUE
connecticut,connecticut,2022-02-01,1174,1.8537170263788962,TRUE
connecticut,connecticut,2022-03-01,2490,1.7609912070343725,TRUE
connecticut,connecticut,2022-04-01,2139,1.5899280575539565,TRUE
connecticut,connecticut,2022-05-01,1995,1.9084732214228612,TRUE
connecticut,connecticut,2022-06-01,2056,2.0187849720223823,TRUE
connecticut,connecticut,2022-07-01,1976,2.195043964828137,TRUE
connecticut,connecticut,2022-08-01,2087,2.2745803357314145,TRUE
connecticut,connecticut,2022-09-01,1959,2.0531574740207827,TRUE
connecticut,connecticut,2022-10-01,1951,2.2278177458033572,TRUE
connecticut,connecticut,2022-11-01,1943,1.8437250199840125,TRUE
connecticut,connecticut,2022-12-01,1615,1.8129496402877692,TRUE
connecticut,connecticut,2023-01-01,280,0.4108713029576337,TRUE
DELAWARE,delaware,2016-01-01,1686,NA,TRUE
DELAWARE,delaware,2016-02-01,1203,NA,TRUE
DELAWARE,delaware,2016-03-01,1201,NA,TRUE
DELAWARE,delaware,2016-04-01,1398,NA,TRUE
DELAWARE,delaware,2016-05-01,1429,NA,TRUE
DELAWARE,delaware,2016-06-01,1579,NA,TRUE
DELAWARE,delaware,2016-07-01,1485,NA,TRUE
DELAWARE,delaware,2016-08-01,1646,NA,TRUE
DELAWARE,delaware,2016-09-01,1549,NA,TRUE
DELAWARE,delaware,2016-10-01,1591,NA,TRUE
DELAWARE,delaware,2016-11-01,1407,NA,TRUE
DELAWARE,delaware,2016-12-01,1461,NA,TRUE
DELAWARE,delaware,2017-01-01,1488,NA,TRUE
DELAWARE,delaware,2017-02-01,1359,NA,TRUE
DELAWARE,delaware,2017-03-01,1193,NA,TRUE
DELAWARE,delaware,2017-04-01,1263,NA,TRUE
DELAWARE,delaware,2017-05-01,1499,NA,TRUE
DELAWARE,delaware,2017-06-01,1631,NA,TRUE
DELAWARE,delaware,2017-07-01,1452,NA,TRUE
DELAWARE,delaware,2017-08-01,1629,NA,TRUE
DELAWARE,delaware,2017-09-01,1582,NA,TRUE
DELAWARE,delaware,2017-10-01,1560,NA,TRUE
DELAWARE,delaware,2017-11-01,1355,NA,TRUE
DELAWARE,delaware,2017-12-01,1299,NA,TRUE
DELAWARE,delaware,2018-01-01,1541,NA,TRUE
DELAWARE,delaware,2018-02-01,1461,NA,TRUE
DELAWARE,delaware,2018-03-01,1265,NA,TRUE
DELAWARE,delaware,2018-04-01,1304,NA,TRUE
DELAWARE,delaware,2018-05-01,1511,NA,TRUE
DELAWARE,delaware,2018-06-01,1526,NA,TRUE
DELAWARE,delaware,2018-07-01,1437,NA,TRUE
DELAWARE,delaware,2018-08-01,1708,NA,TRUE
DELAWARE,delaware,2018-09-01,1531,NA,TRUE
DELAWARE,delaware,2018-10-01,1668,NA,TRUE
DELAWARE,delaware,2018-11-01,1378,NA,TRUE
DELAWARE,delaware,2018-12-01,1368,NA,TRUE
DELAWARE,delaware,2019-01-01,1580,NA,TRUE
DELAWARE,delaware,2019-02-01,1536,NA,TRUE
DELAWARE,delaware,2019-03-01,1254,NA,TRUE
DELAWARE,delaware,2019-04-01,1317,NA,TRUE
DELAWARE,delaware,2019-05-01,1426,NA,TRUE
DELAWARE,delaware,2019-06-01,1316,NA,TRUE
DELAWARE,delaware,2019-07-01,1669,NA,TRUE
DELAWARE,delaware,2019-08-01,1651,NA,TRUE
DELAWARE,delaware,2019-09-01,1456,NA,TRUE
DELAWARE,delaware,2019-10-01,1612,NA,TRUE
DELAWARE,delaware,2019-11-01,1352,NA,TRUE
DELAWARE,delaware,2019-12-01,1444,NA,TRUE
delaware,delaware,2020-01-01,1490,7.18607305936073,TRUE
delaware,delaware,2020-02-01,1452,6.345890410958907,TRUE
delaware,delaware,2020-03-01,659,5.608447488584475,TRUE
delaware,delaware,2020-04-01,7,6.029680365296807,TRUE
delaware,delaware,2020-05-01,11,6.695205479452054,TRUE
delaware,delaware,2020-06-01,35,6.908675799086763,TRUE
delaware,delaware,2020-07-01,523,6.898401826484017,TRUE
delaware,delaware,2020-08-01,556,7.573059360730595,TRUE
delaware,delaware,2020-09-01,726,6.984018264840179,TRUE
delaware,delaware,2020-10-01,730,7.3413242009132365,TRUE
delaware,delaware,2020-11-01,648,6.269406392694062,TRUE
delaware,delaware,2020-12-01,576,6.360730593607307,TRUE
delaware,delaware,2021-01-01,558,7.18607305936073,TRUE
delaware,delaware,2021-02-01,606,6.277397260273974,TRUE
delaware,delaware,2021-03-01,667,5.608447488584475,TRUE
delaware,delaware,2021-04-01,557,6.029680365296807,TRUE
delaware,delaware,2021-05-01,532,6.695205479452054,TRUE
delaware,delaware,2021-06-01,559,6.908675799086763,TRUE
delaware,delaware,2021-07-01,623,6.898401826484017,TRUE
delaware,delaware,2021-08-01,831,7.573059360730595,TRUE
delaware,delaware,2021-09-01,828,6.984018264840179,TRUE
delaware,delaware,2021-10-01,892,7.3413242009132365,TRUE
delaware,delaware,2021-11-01,767,6.269406392694062,TRUE
delaware,delaware,2021-12-01,903,6.360730593607307,TRUE
delaware,delaware,2022-01-01,816,7.18607305936073,TRUE
delaware,delaware,2022-02-01,901,6.277397260273974,TRUE
delaware,delaware,2022-03-01,1017,5.608447488584475,TRUE
delaware,delaware,2022-04-01,944,6.029680365296807,TRUE
delaware,delaware,2022-05-01,862,6.695205479452054,TRUE
delaware,delaware,2022-06-01,906,6.908675799086763,TRUE
delaware,delaware,2022-07-01,871,6.898401826484017,TRUE
delaware,delaware,2022-08-01,1126,7.573059360730595,TRUE
delaware,delaware,2022-09-01,988,6.984018264840179,TRUE
delaware,delaware,2022-10-01,987,7.3413242009132365,TRUE
delaware,delaware,2022-11-01,913,6.269406392694062,TRUE
delaware,delaware,2022-12-01,1038,6.360730593607307,TRUE
delaware,delaware,2023-01-01,217,0.7648401826484016,TRUE
FLORIDA,florida,2012-01-01,3235,NA,TRUE
FLORIDA,florida,2012-02-01,2536,NA,TRUE
FLORIDA,florida,2012-03-01,2545,NA,TRUE
FLORIDA,florida,2012-04-01,2760,NA,TRUE
FLORIDA,florida,2012-05-01,3253,NA,TRUE
FLORIDA,florida,2012-06-01,3450,NA,TRUE
FLORIDA,florida,2012-07-01,3535,NA,TRUE
FLORIDA,florida,2012-08-01,3604,NA,TRUE
FLORIDA,florida,2012-09-01,3280,NA,TRUE
FLORIDA,florida,2012-10-01,3513,NA,TRUE
FLORIDA,florida,2012-11-01,2784,NA,TRUE
FLORIDA,florida,2012-12-01,2647,NA,TRUE
FLORIDA,florida,2013-01-01,3596,NA,TRUE
FLORIDA,florida,2013-02-01,2797,NA,TRUE
FLORIDA,florida,2013-03-01,2422,NA,TRUE
FLORIDA,florida,2013-04-01,2891,NA,TRUE
FLORIDA,florida,2013-05-01,3298,NA,TRUE
FLORIDA,florida,2013-06-01,3384,NA,TRUE
FLORIDA,florida,2013-07-01,3565,NA,TRUE
FLORIDA,florida,2013-08-01,3610,NA,TRUE
FLORIDA,florida,2013-09-01,3341,NA,TRUE
FLORIDA,florida,2013-10-01,3576,NA,TRUE
FLORIDA,florida,2013-11-01,2902,NA,TRUE
FLORIDA,florida,2013-12-01,3112,NA,TRUE
FLORIDA,florida,2014-01-01,3543,NA,TRUE
FLORIDA,florida,2014-02-01,2685,NA,TRUE
FLORIDA,florida,2014-03-01,2494,NA,TRUE
FLORIDA,florida,2014-04-01,2774,NA,TRUE
FLORIDA,florida,2014-05-01,3206,NA,TRUE
FLORIDA,florida,2014-06-01,3525,NA,TRUE
FLORIDA,florida,2014-07-01,3753,NA,TRUE
FLORIDA,florida,2014-08-01,3450,NA,TRUE
FLORIDA,florida,2014-09-01,3401,NA,TRUE
FLORIDA,florida,2014-10-01,3487,NA,TRUE
FLORIDA,florida,2014-11-01,2629,NA,TRUE
FLORIDA,florida,2014-12-01,3016,NA,TRUE
FLORIDA,florida,2015-01-01,3499,NA,TRUE
FLORIDA,florida,2015-02-01,2454,NA,TRUE
FLORIDA,florida,2015-03-01,2597,NA,TRUE
FLORIDA,florida,2015-04-01,2811,NA,TRUE
FLORIDA,florida,2015-05-01,3029,NA,TRUE
FLORIDA,florida,2015-06-01,3460,NA,TRUE
FLORIDA,florida,2015-07-01,3520,NA,TRUE
FLORIDA,florida,2015-08-01,3262,NA,TRUE
FLORIDA,florida,2015-09-01,3326,NA,TRUE
FLORIDA,florida,2015-10-01,3338,NA,TRUE
FLORIDA,florida,2015-11-01,2561,NA,TRUE
FLORIDA,florida,2015-12-01,2920,NA,TRUE
FLORIDA,florida,2016-01-01,3160,NA,TRUE
FLORIDA,florida,2016-02-01,2654,NA,TRUE
FLORIDA,florida,2016-03-01,2560,NA,TRUE
FLORIDA,florida,2016-04-01,2630,NA,TRUE
FLORIDA,florida,2016-05-01,2848,NA,TRUE
FLORIDA,florida,2016-06-01,3151,NA,TRUE
FLORIDA,florida,2016-07-01,3108,NA,TRUE
FLORIDA,florida,2016-08-01,3311,NA,TRUE
FLORIDA,florida,2016-09-01,3191,NA,TRUE
FLORIDA,florida,2016-10-01,3033,NA,TRUE
FLORIDA,florida,2016-11-01,2923,NA,TRUE
FLORIDA,florida,2016-12-01,2754,NA,TRUE
FLORIDA,florida,2017-01-01,3183,NA,TRUE
FLORIDA,florida,2017-02-01,2606,NA,TRUE
FLORIDA,florida,2017-03-01,2475,NA,TRUE
FLORIDA,florida,2017-04-01,2323,NA,TRUE
FLORIDA,florida,2017-05-01,2870,NA,TRUE
FLORIDA,florida,2017-06-01,3151,NA,TRUE
FLORIDA,florida,2017-07-01,3108,NA,TRUE
FLORIDA,florida,2017-08-01,3329,NA,TRUE
FLORIDA,florida,2017-09-01,2684,NA,TRUE
FLORIDA,florida,2017-10-01,3753,NA,TRUE
FLORIDA,florida,2017-11-01,2913,NA,TRUE
FLORIDA,florida,2017-12-01,2739,NA,TRUE
FLORIDA,florida,2018-01-01,3242,NA,TRUE
FLORIDA,florida,2018-02-01,2460,NA,TRUE
FLORIDA,florida,2018-03-01,2361,NA,TRUE
FLORIDA,florida,2018-04-01,2524,NA,TRUE
FLORIDA,florida,2018-05-01,2786,NA,TRUE
FLORIDA,florida,2018-06-01,2921,NA,TRUE
FLORIDA,florida,2018-07-01,2989,NA,TRUE
FLORIDA,florida,2018-08-01,3139,NA,TRUE
FLORIDA,florida,2018-09-01,2734,NA,TRUE
FLORIDA,florida,2018-10-01,3206,NA,TRUE
FLORIDA,florida,2018-11-01,2754,NA,TRUE
FLORIDA,florida,2018-12-01,2587,NA,TRUE
FLORIDA,florida,2019-01-01,3010,NA,TRUE
FLORIDA,florida,2019-02-01,2487,NA,TRUE
FLORIDA,florida,2019-03-01,2119,NA,TRUE
FLORIDA,florida,2019-04-01,2126,NA,TRUE
FLORIDA,florida,2019-05-01,2480,NA,TRUE
FLORIDA,florida,2019-06-01,2539,NA,TRUE
FLORIDA,florida,2019-07-01,2869,NA,TRUE
FLORIDA,florida,2019-08-01,2848,NA,TRUE
FLORIDA,florida,2019-09-01,2754,NA,TRUE
FLORIDA,florida,2019-10-01,2921,NA,TRUE
FLORIDA,florida,2019-11-01,2435,NA,TRUE
FLORIDA,florida,2019-12-01,2511,NA,TRUE
INDIANA,indiana,2016-01-01,6501,NA,TRUE
INDIANA,indiana,2016-02-01,4830,NA,TRUE
INDIANA,indiana,2016-03-01,4037,NA,TRUE
INDIANA,indiana,2016-04-01,5548,NA,TRUE
INDIANA,indiana,2016-05-01,6127,NA,TRUE
INDIANA,indiana,2016-06-01,6782,NA,TRUE
INDIANA,indiana,2016-07-01,6352,NA,TRUE
INDIANA,indiana,2016-08-01,7148,NA,TRUE
INDIANA,indiana,2016-09-01,6536,NA,TRUE
INDIANA,indiana,2016-10-01,5828,NA,TRUE
INDIANA,indiana,2016-11-01,5828,NA,TRUE
INDIANA,indiana,2016-12-01,5218,NA,TRUE
INDIANA,indiana,2017-01-01,6826,NA,TRUE
INDIANA,indiana,2017-02-01,5444,NA,TRUE
INDIANA,indiana,2017-03-01,4859,NA,TRUE
INDIANA,indiana,2017-04-01,5366,NA,TRUE
INDIANA,indiana,2017-05-01,6349,NA,TRUE
INDIANA,indiana,2017-06-01,6677,NA,TRUE
INDIANA,indiana,2017-07-01,6582,NA,TRUE
INDIANA,indiana,2017-08-01,6764,NA,TRUE
INDIANA,indiana,2017-09-01,6208,NA,TRUE
INDIANA,indiana,2017-10-01,6210,NA,TRUE
INDIANA,indiana,2017-11-01,5607,NA,TRUE
INDIANA,indiana,2017-12-01,4971,NA,TRUE
INDIANA,indiana,2018-01-01,7174,NA,TRUE
INDIANA,indiana,2018-02-01,5646,NA,TRUE
INDIANA,indiana,2018-03-01,4736,NA,TRUE
INDIANA,indiana,2018-04-01,5780,NA,TRUE
INDIANA,indiana,2018-05-01,6204,NA,TRUE
INDIANA,indiana,2018-06-01,6850,NA,TRUE
INDIANA,indiana,2018-07-01,7345,NA,TRUE
INDIANA,indiana,2018-08-01,7290,NA,TRUE
INDIANA,indiana,2018-09-01,6235,NA,TRUE
INDIANA,indiana,2018-10-01,6928,NA,TRUE
INDIANA,indiana,2018-11-01,5711,NA,TRUE
INDIANA,indiana,2018-12-01,4974,NA,TRUE
INDIANA,indiana,2019-01-01,6640,NA,TRUE
INDIANA,indiana,2019-02-01,5799,NA,TRUE
INDIANA,indiana,2019-03-01,4849,NA,TRUE
INDIANA,indiana,2019-04-01,5779,NA,TRUE
INDIANA,indiana,2019-05-01,6491,NA,TRUE
INDIANA,indiana,2019-06-01,6368,NA,TRUE
INDIANA,indiana,2019-07-01,7154,NA,TRUE
INDIANA,indiana,2019-08-01,7043,NA,TRUE
INDIANA,indiana,2019-09-01,6618,NA,TRUE
INDIANA,indiana,2019-10-01,6481,NA,TRUE
INDIANA,indiana,2019-11-01,5518,NA,TRUE
INDIANA,indiana,2019-12-01,5453,NA,TRUE
indiana,indiana,2020-01-01,6995,4.487764550264577,TRUE
indiana,indiana,2020-02-01,5879,3.5912698412698303,TRUE
indiana,indiana,2020-03-01,2725,3.055224867724872,TRUE
indiana,indiana,2020-04-01,171,3.715939153439147,TRUE
indiana,indiana,2020-05-01,401,4.161375661375655,TRUE
indiana,indiana,2020-06-01,868,4.410879629629625,TRUE
indiana,indiana,2020-07-01,853,4.5355489417989325,TRUE
indiana,indiana,2020-08-01,5515,4.670304232804221,TRUE
indiana,indiana,2020-09-01,5168,4.232969576719566,TRUE
indiana,indiana,2020-10-01,4401,4.207506613756603,TRUE
indiana,indiana,2020-11-01,3943,3.747519841269839,TRUE
indiana,indiana,2020-12-01,3996,3.408399470899469,TRUE
indiana,indiana,2021-01-01,4542,4.487764550264577,TRUE
indiana,indiana,2021-02-01,3770,3.5474537037037104,TRUE
indiana,indiana,2021-03-01,4181,3.055224867724872,TRUE
indiana,indiana,2021-04-01,3235,3.715939153439147,TRUE
indiana,indiana,2021-05-01,3521,4.161375661375655,TRUE
indiana,indiana,2021-06-01,4527,4.410879629629625,TRUE
indiana,indiana,2021-07-01,4426,4.5355489417989325,TRUE
indiana,indiana,2021-08-01,4404,4.670304232804221,TRUE
indiana,indiana,2021-09-01,5282,4.232969576719566,TRUE
indiana,indiana,2021-10-01,5457,4.207506613756603,TRUE
indiana,indiana,2021-11-01,4802,3.747519841269839,TRUE
indiana,indiana,2021-12-01,4735,3.408399470899469,TRUE
indiana,indiana,2022-01-01,5692,4.487764550264577,TRUE
indiana,indiana,2022-02-01,5154,3.5474537037037104,TRUE
indiana,indiana,2022-03-01,5403,3.055224867724872,TRUE
indiana,indiana,2022-04-01,4801,3.715939153439147,TRUE
indiana,indiana,2022-05-01,5472,4.161375661375655,TRUE
indiana,indiana,2022-06-01,6340,4.410879629629625,TRUE
indiana,indiana,2022-07-01,6253,4.5355489417989325,TRUE
indiana,indiana,2022-08-01,7005,4.670304232804221,TRUE
indiana,indiana,2022-09-01,6296,4.232969576719566,TRUE
indiana,indiana,2022-10-01,6352,4.207506613756603,TRUE
indiana,indiana,2022-11-01,5981,3.747519841269839,TRUE
indiana,indiana,2022-12-01,5531,3.408399470899469,TRUE
indiana,indiana,2023-01-01,612,0.5858134920634909,TRUE
MINNESOTA,minnesota,2012-01-01,1739,NA,TRUE
MINNESOTA,minnesota,2012-02-01,1380,NA,TRUE
MINNESOTA,minnesota,2012-03-01,1450,NA,TRUE
MINNESOTA,minnesota,2012-04-01,1617,NA,TRUE
MINNESOTA,minnesota,2012-05-01,1643,NA,TRUE
MINNESOTA,minnesota,2012-06-01,1810,NA,TRUE
MINNESOTA,minnesota,2012-07-01,1947,NA,TRUE
MINNESOTA,minnesota,2012-08-01,2018,NA,TRUE
MINNESOTA,minnesota,2012-09-01,1727,NA,TRUE
MINNESOTA,minnesota,2012-10-01,1693,NA,TRUE
MINNESOTA,minnesota,2012-11-01,1576,NA,TRUE
MINNESOTA,minnesota,2012-12-01,1486,NA,TRUE
MINNESOTA,minnesota,2013-01-01,1717,NA,TRUE
MINNESOTA,minnesota,2013-02-01,1410,NA,TRUE
MINNESOTA,minnesota,2013-03-01,1384,NA,TRUE
MINNESOTA,minnesota,2013-04-01,1597,NA,TRUE
MINNESOTA,minnesota,2013-05-01,1720,NA,TRUE
MINNESOTA,minnesota,2013-06-01,1751,NA,TRUE
MINNESOTA,minnesota,2013-07-01,1794,NA,TRUE
MINNESOTA,minnesota,2013-08-01,1802,NA,TRUE
MINNESOTA,minnesota,2013-09-01,1665,NA,TRUE
MINNESOTA,minnesota,2013-10-01,1582,NA,TRUE
MINNESOTA,minnesota,2013-11-01,1382,NA,TRUE
MINNESOTA,minnesota,2013-12-01,1382,NA,TRUE
MINNESOTA,minnesota,2014-01-01,1727,NA,TRUE
MINNESOTA,minnesota,2014-02-01,1327,NA,TRUE
MINNESOTA,minnesota,2014-03-01,1251,NA,TRUE
MINNESOTA,minnesota,2014-04-01,1439,NA,TRUE
MINNESOTA,minnesota,2014-05-01,1492,NA,TRUE
MINNESOTA,minnesota,2014-06-01,1538,NA,TRUE
MINNESOTA,minnesota,2014-07-01,1675,NA,TRUE
MINNESOTA,minnesota,2014-08-01,1506,NA,TRUE
MINNESOTA,minnesota,2014-09-01,1554,NA,TRUE
MINNESOTA,minnesota,2014-10-01,1509,NA,TRUE
MINNESOTA,minnesota,2014-11-01,1108,NA,TRUE
MINNESOTA,minnesota,2014-12-01,1397,NA,TRUE
MINNESOTA,minnesota,2015-01-01,1464,NA,TRUE
MINNESOTA,minnesota,2015-02-01,1242,NA,TRUE
MINNESOTA,minnesota,2015-03-01,1198,NA,TRUE
MINNESOTA,minnesota,2015-04-01,1291,NA,TRUE
MINNESOTA,minnesota,2015-05-01,1303,NA,TRUE
MINNESOTA,minnesota,2015-06-01,1475,NA,TRUE
MINNESOTA,minnesota,2015-07-01,1511,NA,TRUE
MINNESOTA,minnesota,2015-08-01,1491,NA,TRUE
MINNESOTA,minnesota,2015-09-01,1378,NA,TRUE
MINNESOTA,minnesota,2015-10-01,1472,NA,TRUE
MINNESOTA,minnesota,2015-11-01,1156,NA,TRUE
MINNESOTA,minnesota,2015-12-01,1304,NA,TRUE
MINNESOTA,minnesota,2016-01-01,1409,NA,TRUE
MINNESOTA,minnesota,2016-02-01,1097,NA,TRUE
MINNESOTA,minnesota,2016-03-01,1211,NA,TRUE
MINNESOTA,minnesota,2016-04-01,1243,NA,TRUE
MINNESOTA,minnesota,2016-05-01,1305,NA,TRUE
MINNESOTA,minnesota,2016-06-01,1395,NA,TRUE
MINNESOTA,minnesota,2016-07-01,1401,NA,TRUE
MINNESOTA,minnesota,2016-08-01,1512,NA,TRUE
MINNESOTA,minnesota,2016-09-01,1389,NA,TRUE
MINNESOTA,minnesota,2016-10-01,1290,NA,TRUE
MINNESOTA,minnesota,2016-11-01,1153,NA,TRUE
MINNESOTA,minnesota,2016-12-01,1263,NA,TRUE
MINNESOTA,minnesota,2017-01-01,1464,NA,TRUE
MINNESOTA,minnesota,2017-02-01,1237,NA,TRUE
MINNESOTA,minnesota,2017-03-01,1215,NA,TRUE
MINNESOTA,minnesota,2017-04-01,1090,NA,TRUE
MINNESOTA,minnesota,2017-05-01,1334,NA,TRUE
MINNESOTA,minnesota,2017-06-01,1353,NA,TRUE
MINNESOTA,minnesota,2017-07-01,1389,NA,TRUE
MINNESOTA,minnesota,2017-08-01,1462,NA,TRUE
MINNESOTA,minnesota,2017-09-01,1259,NA,TRUE
MINNESOTA,minnesota,2017-10-01,1296,NA,TRUE
MINNESOTA,minnesota,2017-11-01,1201,NA,TRUE
MINNESOTA,minnesota,2017-12-01,1224,NA,TRUE
MINNESOTA,minnesota,2018-01-01,1419,NA,TRUE
MINNESOTA,minnesota,2018-02-01,1184,NA,TRUE
MINNESOTA,minnesota,2018-03-01,1156,NA,TRUE
MINNESOTA,minnesota,2018-04-01,1089,NA,TRUE
MINNESOTA,minnesota,2018-05-01,1317,NA,TRUE
MINNESOTA,minnesota,2018-06-01,1272,NA,TRUE
MINNESOTA,minnesota,2018-07-01,1356,NA,TRUE
MINNESOTA,minnesota,2018-08-01,1387,NA,TRUE
MINNESOTA,minnesota,2018-09-01,1232,NA,TRUE
MINNESOTA,minnesota,2018-10-01,1397,NA,TRUE
MINNESOTA,minnesota,2018-11-01,1197,NA,TRUE
MINNESOTA,minnesota,2018-12-01,1090,NA,TRUE
MINNESOTA,minnesota,2019-01-01,1441,NA,TRUE
MINNESOTA,minnesota,2019-02-01,1147,NA,TRUE
MINNESOTA,minnesota,2019-03-01,1151,NA,TRUE
MINNESOTA,minnesota,2019-04-01,1240,NA,TRUE
MINNESOTA,minnesota,2019-05-01,1312,NA,TRUE
MINNESOTA,minnesota,2019-06-01,1332,NA,TRUE
MINNESOTA,minnesota,2019-07-01,1437,NA,TRUE
MINNESOTA,minnesota,2019-08-01,1351,NA,TRUE
MINNESOTA,minnesota,2019-09-01,1349,NA,TRUE
MINNESOTA,minnesota,2019-10-01,1359,NA,TRUE
MINNESOTA,minnesota,2019-11-01,1146,NA,TRUE
MINNESOTA,minnesota,2019-12-01,1262,NA,TRUE
minnesota,minnesota,2020-01-01,1491,1.1541262135922326,TRUE
minnesota,minnesota,2020-02-01,1236,0.9349327856609407,TRUE
minnesota,minnesota,2020-03-01,688,0.9340926064227042,TRUE
minnesota,minnesota,2020-04-01,58,0.9894510828976846,TRUE
minnesota,minnesota,2020-05-01,46,1.0652539208364453,TRUE
minnesota,minnesota,2020-06-01,90,1.1123973114264387,TRUE
minnesota,minnesota,2020-07-01,101,1.1668222554144891,TRUE
minnesota,minnesota,2020-08-01,105,1.1677557879014189,TRUE
minnesota,minnesota,2020-09-01,127,1.0773898431665416,TRUE
minnesota,minnesota,2020-10-01,158,1.0814973861090376,TRUE
minnesota,minnesota,2020-11-01,147,0.9250373412994767,TRUE
minnesota,minnesota,2020-12-01,157,0.968726661687827,TRUE
minnesota,minnesota,2021-01-01,169,1.1541262135922326,TRUE
minnesota,minnesota,2021-02-01,171,0.9297050037341302,TRUE
minnesota,minnesota,2021-03-01,185,0.9340926064227042,TRUE
minnesota,minnesota,2021-04-01,175,0.9894510828976846,TRUE
minnesota,minnesota,2021-05-01,165,1.0652539208364453,TRUE
minnesota,minnesota,2021-06-01,178,1.1123973114264387,TRUE
minnesota,minnesota,2021-07-01,384,1.1668222554144891,TRUE
minnesota,minnesota,2021-08-01,605,1.1677557879014189,TRUE
minnesota,minnesota,2021-09-01,787,1.0773898431665416,TRUE
minnesota,minnesota,2021-10-01,1008,1.0814973861090376,TRUE
minnesota,minnesota,2021-11-01,866,0.9250373412994767,TRUE
minnesota,minnesota,2021-12-01,869,0.968726661687827,TRUE
minnesota,minnesota,2022-01-01,1003,1.1541262135922326,TRUE
minnesota,minnesota,2022-02-01,1193,0.9297050037341302,TRUE
minnesota,minnesota,2022-03-01,1627,0.9340926064227042,TRUE
minnesota,minnesota,2022-04-01,1924,0.9894510828976846,TRUE
minnesota,minnesota,2022-05-01,1876,1.0652539208364453,TRUE
minnesota,minnesota,2022-06-01,2580,1.1123973114264387,TRUE
minnesota,minnesota,2022-07-01,2420,1.1668222554144891,TRUE
minnesota,minnesota,2022-08-01,2180,1.1677557879014189,TRUE
minnesota,minnesota,2022-09-01,1975,1.0773898431665416,TRUE
minnesota,minnesota,2022-10-01,2059,1.0814973861090376,TRUE
minnesota,minnesota,2022-11-01,1628,0.9250373412994767,TRUE
minnesota,minnesota,2022-12-01,1994,0.968726661687827,TRUE
minnesota,minnesota,2023-01-01,261,0.181292008961912,TRUE
MISSOURI,missouri,2012-01-01,5825,NA,TRUE
MISSOURI,missouri,2012-02-01,5107,NA,TRUE
MISSOURI,missouri,2012-03-01,5190,NA,TRUE
MISSOURI,missouri,2012-04-01,5241,NA,TRUE
MISSOURI,missouri,2012-05-01,6550,NA,TRUE
MISSOURI,missouri,2012-06-01,6770,NA,TRUE
MISSOURI,missouri,2012-07-01,6780,NA,TRUE
MISSOURI,missouri,2012-08-01,6934,NA,TRUE
MISSOURI,missouri,2012-09-01,6031,NA,TRUE
MISSOURI,missouri,2012-10-01,6243,NA,TRUE
MISSOURI,missouri,2012-11-01,5081,NA,TRUE
MISSOURI,missouri,2012-12-01,4847,NA,TRUE
MISSOURI,missouri,2013-01-01,5638,NA,TRUE
MISSOURI,missouri,2013-02-01,4286,NA,TRUE
MISSOURI,missouri,2013-03-01,4677,NA,TRUE
MISSOURI,missouri,2013-04-01,5279,NA,TRUE
MISSOURI,missouri,2013-05-01,5578,NA,TRUE
MISSOURI,missouri,2013-06-01,5841,NA,TRUE
MISSOURI,missouri,2013-07-01,6337,NA,TRUE
MISSOURI,missouri,2013-08-01,5908,NA,TRUE
MISSOURI,missouri,2013-09-01,5621,NA,TRUE
MISSOURI,missouri,2013-10-01,6061,NA,TRUE
MISSOURI,missouri,2013-11-01,4670,NA,TRUE
MISSOURI,missouri,2013-12-01,4472,NA,TRUE
MISSOURI,missouri,2014-01-01,4792,NA,TRUE
MISSOURI,missouri,2014-02-01,3596,NA,TRUE
MISSOURI,missouri,2014-03-01,3801,NA,TRUE
MISSOURI,missouri,2014-04-01,3777,NA,TRUE
MISSOURI,missouri,2014-05-01,4158,NA,TRUE
MISSOURI,missouri,2014-06-01,4447,NA,TRUE
MISSOURI,missouri,2014-07-01,4997,NA,TRUE
MISSOURI,missouri,2014-08-01,4590,NA,TRUE
MISSOURI,missouri,2014-09-01,4591,NA,TRUE
MISSOURI,missouri,2014-10-01,4486,NA,TRUE
MISSOURI,missouri,2014-11-01,3606,NA,TRUE
MISSOURI,missouri,2014-12-01,3688,NA,TRUE
MISSOURI,missouri,2015-01-01,5058,NA,TRUE
MISSOURI,missouri,2015-02-01,3921,NA,TRUE
MISSOURI,missouri,2015-03-01,3442,NA,TRUE
MISSOURI,missouri,2015-04-01,4313,NA,TRUE
MISSOURI,missouri,2015-05-01,4386,NA,TRUE
MISSOURI,missouri,2015-06-01,4778,NA,TRUE
MISSOURI,missouri,2015-07-01,5309,NA,TRUE
MISSOURI,missouri,2015-08-01,5083,NA,TRUE
MISSOURI,missouri,2015-09-01,5337,NA,TRUE
MISSOURI,missouri,2015-10-01,4870,NA,TRUE
MISSOURI,missouri,2015-11-01,4567,NA,TRUE
MISSOURI,missouri,2015-12-01,5121,NA,TRUE
MISSOURI,missouri,2016-01-01,556,NA,TRUE
MISSOURI,missouri,2016-02-01,271,NA,TRUE
MISSOURI,missouri,2016-03-01,397,NA,TRUE
MISSOURI,missouri,2016-04-01,503,NA,TRUE
MISSOURI,missouri,2016-05-01,514,NA,TRUE
MISSOURI,missouri,2016-06-01,526,NA,TRUE
MISSOURI,missouri,2016-07-01,449,NA,TRUE
MISSOURI,missouri,2016-08-01,601,NA,TRUE
MISSOURI,missouri,2016-09-01,492,NA,TRUE
MISSOURI,missouri,2016-10-01,229,NA,TRUE
MISSOURI,missouri,2016-11-01,418,NA,TRUE
MISSOURI,missouri,2016-12-01,334,NA,TRUE
missouri,missouri,2020-01-01,3469,2.709289813486371,TRUE
missouri,missouri,2020-02-01,2919,2.071556671449071,TRUE
missouri,missouri,2020-03-01,2075,2.2146700143472016,TRUE
missouri,missouri,2020-04-01,635,2.3152797704447656,TRUE
missouri,missouri,2020-05-01,934,2.6158536585365817,TRUE
missouri,missouri,2020-06-01,1278,2.696018651362988,TRUE
missouri,missouri,2020-07-01,1829,2.9840387374461983,TRUE
missouri,missouri,2020-08-01,2145,2.8748206599713058,TRUE
missouri,missouri,2020-09-01,2111,2.66696556671449,TRUE
missouri,missouri,2020-10-01,1851,2.6965566714490716,TRUE
missouri,missouri,2020-11-01,1759,2.26201578192253,TRUE
missouri,missouri,2020-12-01,2343,2.228479196556673,TRUE
missouri,missouri,2021-01-01,1913,2.709289813486371,TRUE
missouri,missouri,2021-02-01,1558,2.055774748923955,TRUE
missouri,missouri,2021-03-01,2117,2.2146700143472016,TRUE
missouri,missouri,2021-04-01,1540,2.3152797704447656,TRUE
missouri,missouri,2021-05-01,1896,2.6158536585365817,TRUE
missouri,missouri,2021-06-01,2450,2.696018651362988,TRUE
missouri,missouri,2021-07-01,2355,2.9840387374461983,TRUE
missouri,missouri,2021-08-01,2361,2.8748206599713058,TRUE
missouri,missouri,2021-09-01,2898,2.66696556671449,TRUE
missouri,missouri,2021-10-01,2953,2.6965566714490716,TRUE
missouri,missouri,2021-11-01,2207,2.26201578192253,TRUE
missouri,missouri,2021-12-01,1822,2.228479196556673,TRUE
missouri,missouri,2022-01-01,2841,2.709289813486371,TRUE
missouri,missouri,2022-02-01,2403,2.055774748923955,TRUE
missouri,missouri,2022-03-01,2768,2.2146700143472016,TRUE
missouri,missouri,2022-04-01,2622,2.3152797704447656,TRUE
missouri,missouri,2022-05-01,2584,2.6158536585365817,TRUE
missouri,missouri,2022-06-01,2909,2.696018651362988,TRUE
missouri,missouri,2022-07-01,3158,2.9840387374461983,TRUE
missouri,missouri,2022-08-01,3270,2.8748206599713058,TRUE
missouri,missouri,2022-09-01,2969,2.66696556671449,TRUE
missouri,missouri,2022-10-01,3652,2.6965566714490716,TRUE
missouri,missouri,2022-11-01,2857,2.26201578192253,TRUE
missouri,missouri,2022-12-01,2717,2.228479196556673,TRUE
missouri,missouri,2023-01-01,332,0.41445480631276926,TRUE
NEWMEXICO,newmexico,2017-01-01,1461,NA,TRUE
NEWMEXICO,newmexico,2017-02-01,1313,NA,TRUE
NEWMEXICO,newmexico,2017-03-01,1124,NA,TRUE
NEWMEXICO,newmexico,2017-04-01,1276,NA,TRUE
NEWMEXICO,newmexico,2017-05-01,1408,NA,TRUE
NEWMEXICO,newmexico,2017-06-01,1515,NA,TRUE
NEWMEXICO,newmexico,2017-07-01,1457,NA,TRUE
NEWMEXICO,newmexico,2017-08-01,1639,NA,TRUE
NEWMEXICO,newmexico,2017-09-01,1451,NA,TRUE
NEWMEXICO,newmexico,2017-10-01,1519,NA,TRUE
NEWMEXICO,newmexico,2017-11-01,1269,NA,TRUE
NEWMEXICO,newmexico,2017-12-01,1265,NA,TRUE
NEWMEXICO,newmexico,2018-01-01,1568,NA,TRUE
NEWMEXICO,newmexico,2018-02-01,1310,NA,TRUE
NEWMEXICO,newmexico,2018-03-01,1103,NA,TRUE
NEWMEXICO,newmexico,2018-04-01,1265,NA,TRUE
NEWMEXICO,newmexico,2018-05-01,1397,NA,TRUE
NEWMEXICO,newmexico,2018-06-01,1467,NA,TRUE
NEWMEXICO,newmexico,2018-07-01,1565,NA,TRUE
NEWMEXICO,newmexico,2018-08-01,1530,NA,TRUE
NEWMEXICO,newmexico,2018-09-01,1434,NA,TRUE
NEWMEXICO,newmexico,2018-10-01,1559,NA,TRUE
NEWMEXICO,newmexico,2018-11-01,1367,NA,TRUE
NEWMEXICO,newmexico,2018-12-01,1226,NA,TRUE
NEWMEXICO,newmexico,2019-01-01,1637,NA,TRUE
NEWMEXICO,newmexico,2019-02-01,1329,NA,TRUE
NEWMEXICO,newmexico,2019-03-01,1181,NA,TRUE
NEWMEXICO,newmexico,2019-04-01,1276,NA,TRUE
NEWMEXICO,newmexico,2019-05-01,1465,NA,TRUE
NEWMEXICO,newmexico,2019-06-01,1454,NA,TRUE
NEWMEXICO,newmexico,2019-07-01,1571,NA,TRUE
NEWMEXICO,newmexico,2019-08-01,1581,NA,TRUE
NEWMEXICO,newmexico,2019-09-01,1561,NA,TRUE
NEWMEXICO,newmexico,2019-10-01,1487,NA,TRUE
NEWMEXICO,newmexico,2019-11-01,1393,NA,TRUE
NEWMEXICO,newmexico,2019-12-01,1389,NA,TRUE
newmexico,newmexico,2020-01-01,1545,3.1106666666666696,TRUE
newmexico,newmexico,2020-02-01,1266,2.634666666666665,TRUE
newmexico,newmexico,2020-03-01,1021,2.2720000000000025,TRUE
newmexico,newmexico,2020-04-01,436,2.544666666666662,TRUE
newmexico,newmexico,2020-05-01,448,2.8466666666666716,TRUE
newmexico,newmexico,2020-06-01,537,2.9573333333333287,TRUE
newmexico,newmexico,2020-07-01,576,3.0619999999999976,TRUE
newmexico,newmexico,2020-08-01,758,3.166666666666662,TRUE
newmexico,newmexico,2020-09-01,662,2.964000000000001,TRUE
newmexico,newmexico,2020-10-01,706,3.043333333333331,TRUE
newmexico,newmexico,2020-11-01,661,2.686000000000001,TRUE
newmexico,newmexico,2020-12-01,417,2.586666666666669,TRUE
newmexico,newmexico,2021-01-01,910,3.1106666666666696,TRUE
newmexico,newmexico,2021-02-01,675,2.634666666666665,TRUE
newmexico,newmexico,2021-03-01,699,2.2720000000000025,TRUE
newmexico,newmexico,2021-04-01,575,2.544666666666662,TRUE
newmexico,newmexico,2021-05-01,739,2.8466666666666716,TRUE
newmexico,newmexico,2021-06-01,878,2.9573333333333287,TRUE
newmexico,newmexico,2021-07-01,824,3.0619999999999976,TRUE
newmexico,newmexico,2021-08-01,791,3.166666666666662,TRUE
newmexico,newmexico,2021-09-01,778,2.964000000000001,TRUE
newmexico,newmexico,2021-10-01,823,3.043333333333331,TRUE
newmexico,newmexico,2021-11-01,791,2.686000000000001,TRUE
newmexico,newmexico,2021-12-01,704,2.586666666666669,TRUE
newmexico,newmexico,2022-01-01,876,3.1106666666666696,TRUE
newmexico,newmexico,2022-02-01,941,2.634666666666665,TRUE
newmexico,newmexico,2022-03-01,938,2.2720000000000025,TRUE
newmexico,newmexico,2022-04-01,897,2.544666666666662,TRUE
newmexico,newmexico,2022-05-01,1068,2.8466666666666716,TRUE
newmexico,newmexico,2022-06-01,1045,2.9573333333333287,TRUE
newmexico,newmexico,2022-07-01,1086,3.0619999999999976,TRUE
newmexico,newmexico,2022-08-01,1239,3.166666666666662,TRUE
newmexico,newmexico,2022-09-01,1026,2.964000000000001,TRUE
newmexico,newmexico,2022-10-01,1073,3.043333333333331,TRUE
newmexico,newmexico,2022-11-01,1058,2.686000000000001,TRUE
newmexico,newmexico,2022-12-01,973,2.586666666666669,TRUE
newmexico,newmexico,2023-01-01,124,0.22999999999999937,TRUE
NEWYORK,newyork,2016-01-01,19871,NA,TRUE
NEWYORK,newyork,2016-02-01,21793,NA,TRUE
NEWYORK,newyork,2016-03-01,19590,NA,TRUE
NEWYORK,newyork,2016-04-01,16482,NA,TRUE
NEWYORK,newyork,2016-05-01,17458,NA,TRUE
NEWYORK,newyork,2016-06-01,18773,NA,TRUE
NEWYORK,newyork,2016-07-01,18326,NA,TRUE
NEWYORK,newyork,2016-08-01,22170,NA,TRUE
NEWYORK,newyork,2016-09-01,19984,NA,TRUE
NEWYORK,newyork,2016-10-01,18563,NA,TRUE
NEWYORK,newyork,2016-11-01,20724,NA,TRUE
NEWYORK,newyork,2016-12-01,20115,NA,TRUE
NEWYORK,newyork,2017-01-01,19166,NA,TRUE
NEWYORK,newyork,2017-02-01,19262,NA,TRUE
NEWYORK,newyork,2017-03-01,20193,NA,TRUE
NEWYORK,newyork,2017-04-01,15750,NA,TRUE
NEWYORK,newyork,2017-05-01,18361,NA,TRUE
NEWYORK,newyork,2017-06-01,17584,NA,TRUE
NEWYORK,newyork,2017-07-01,18556,NA,TRUE
NEWYORK,newyork,2017-08-01,20787,NA,TRUE
NEWYORK,newyork,2017-09-01,18411,NA,TRUE
NEWYORK,newyork,2017-10-01,19837,NA,TRUE
NEWYORK,newyork,2017-11-01,19183,NA,TRUE
NEWYORK,newyork,2017-12-01,18687,NA,TRUE
NEWYORK,newyork,2018-01-01,20796,NA,TRUE
NEWYORK,newyork,2018-02-01,17940,NA,TRUE
NEWYORK,newyork,2018-03-01,18433,NA,TRUE
NEWYORK,newyork,2018-04-01,15919,NA,TRUE
NEWYORK,newyork,2018-05-01,16216,NA,TRUE
NEWYORK,newyork,2018-06-01,17616,NA,TRUE
NEWYORK,newyork,2018-07-01,18108,NA,TRUE
NEWYORK,newyork,2018-08-01,20323,NA,TRUE
NEWYORK,newyork,2018-09-01,15705,NA,TRUE
NEWYORK,newyork,2018-10-01,20847,NA,TRUE
NEWYORK,newyork,2018-11-01,18744,NA,TRUE
NEWYORK,newyork,2018-12-01,17028,NA,TRUE
PENNSYLVANIA,pennsylvania,2016-01-01,11175,NA,TRUE
PENNSYLVANIA,pennsylvania,2016-02-01,10617,NA,TRUE
PENNSYLVANIA,pennsylvania,2016-03-01,10020,NA,TRUE
PENNSYLVANIA,pennsylvania,2016-04-01,9646,NA,TRUE
PENNSYLVANIA,pennsylvania,2016-05-01,11138,NA,TRUE
PENNSYLVANIA,pennsylvania,2016-06-01,12135,NA,TRUE
PENNSYLVANIA,pennsylvania,2016-07-01,11952,NA,TRUE
PENNSYLVANIA,pennsylvania,2016-08-01,13049,NA,TRUE
PENNSYLVANIA,pennsylvania,2016-09-01,12767,NA,TRUE
PENNSYLVANIA,pennsylvania,2016-10-01,11535,NA,TRUE
PENNSYLVANIA,pennsylvania,2016-11-01,10870,NA,TRUE
PENNSYLVANIA,pennsylvania,2016-12-01,9693,NA,TRUE
PENNSYLVANIA,pennsylvania,2017-01-01,12113,NA,TRUE
PENNSYLVANIA,pennsylvania,2017-02-01,10981,NA,TRUE
PENNSYLVANIA,pennsylvania,2017-03-01,10545,NA,TRUE
PENNSYLVANIA,pennsylvania,2017-04-01,9767,NA,TRUE
PENNSYLVANIA,pennsylvania,2017-05-01,11972,NA,TRUE
PENNSYLVANIA,pennsylvania,2017-06-01,12777,NA,TRUE
PENNSYLVANIA,pennsylvania,2017-07-01,12421,NA,TRUE
PENNSYLVANIA,pennsylvania,2017-08-01,13127,NA,TRUE
PENNSYLVANIA,pennsylvania,2017-09-01,12138,NA,TRUE
PENNSYLVANIA,pennsylvania,2017-10-01,12614,NA,TRUE
PENNSYLVANIA,pennsylvania,2017-11-01,10391,NA,TRUE
PENNSYLVANIA,pennsylvania,2017-12-01,7733,NA,TRUE
PENNSYLVANIA,pennsylvania,2018-01-01,12060,NA,TRUE
PENNSYLVANIA,pennsylvania,2018-02-01,10538,NA,TRUE
PENNSYLVANIA,pennsylvania,2018-03-01,9511,NA,TRUE
PENNSYLVANIA,pennsylvania,2018-04-01,10033,NA,TRUE
PENNSYLVANIA,pennsylvania,2018-05-01,11504,NA,TRUE
PENNSYLVANIA,pennsylvania,2018-06-01,11319,NA,TRUE
PENNSYLVANIA,pennsylvania,2018-07-01,12221,NA,TRUE
PENNSYLVANIA,pennsylvania,2018-08-01,12786,NA,TRUE
PENNSYLVANIA,pennsylvania,2018-09-01,11222,NA,TRUE
PENNSYLVANIA,pennsylvania,2018-10-01,12878,NA,TRUE
PENNSYLVANIA,pennsylvania,2018-11-01,10774,NA,TRUE
PENNSYLVANIA,pennsylvania,2018-12-01,9642,NA,TRUE
PENNSYLVANIA,pennsylvania,2019-01-01,12231,NA,TRUE
PENNSYLVANIA,pennsylvania,2019-02-01,10666,NA,TRUE
PENNSYLVANIA,pennsylvania,2019-03-01,9763,NA,TRUE
PENNSYLVANIA,pennsylvania,2019-04-01,9937,NA,TRUE
PENNSYLVANIA,pennsylvania,2019-05-01,9897,NA,TRUE
PENNSYLVANIA,pennsylvania,2019-06-01,11540,NA,TRUE
PENNSYLVANIA,pennsylvania,2019-07-01,13440,NA,TRUE
PENNSYLVANIA,pennsylvania,2019-08-01,12641,NA,TRUE
PENNSYLVANIA,pennsylvania,2019-09-01,11845,NA,TRUE
PENNSYLVANIA,pennsylvania,2019-10-01,12449,NA,TRUE
PENNSYLVANIA,pennsylvania,2019-11-01,10341,NA,TRUE
PENNSYLVANIA,pennsylvania,2019-12-01,10845,NA,TRUE
pennsylvania,pennsylvania,2020-01-01,10903,3.1429791860825,TRUE
pennsylvania,pennsylvania,2020-02-01,9569,2.8139950295121094,TRUE
pennsylvania,pennsylvania,2020-03-01,4579,2.5837993165580166,TRUE
pennsylvania,pennsylvania,2020-04-01,168,2.623174899037057,TRUE
pennsylvania,pennsylvania,2020-05-01,204,2.9606244175208722,TRUE
pennsylvania,pennsylvania,2020-06-01,1001,3.1475613544578085,TRUE
pennsylvania,pennsylvania,2020-07-01,1206,3.3016464740602265,TRUE
pennsylvania,pennsylvania,2020-08-01,1440,3.393833488661307,TRUE
pennsylvania,pennsylvania,2020-09-01,9608,3.163793103448206,TRUE
pennsylvania,pennsylvania,2020-10-01,6355,3.2440975458214556,TRUE
pennsylvania,pennsylvania,2020-11-01,5265,2.7767940354145058,TRUE
pennsylvania,pennsylvania,2020-12-01,5024,2.4300248524386032,TRUE
pennsylvania,pennsylvania,2021-01-01,5105,3.1429791860825,TRUE
pennsylvania,pennsylvania,2021-02-01,4743,2.7848710779745844,TRUE
pennsylvania,pennsylvania,2021-03-01,5599,2.5837993165580166,TRUE
pennsylvania,pennsylvania,2021-04-01,3801,2.623174899037057,TRUE
pennsylvania,pennsylvania,2021-05-01,3945,2.9606244175208722,TRUE
pennsylvania,pennsylvania,2021-06-01,5056,3.1475613544578085,TRUE
pennsylvania,pennsylvania,2021-07-01,5388,3.3016464740602265,TRUE
pennsylvania,pennsylvania,2021-08-01,5740,3.393833488661307,TRUE
pennsylvania,pennsylvania,2021-09-01,6190,3.163793103448206,TRUE
pennsylvania,pennsylvania,2021-10-01,6688,3.2440975458214556,TRUE
pennsylvania,pennsylvania,2021-11-01,6993,2.7767940354145058,TRUE
pennsylvania,pennsylvania,2021-12-01,7059,2.4300248524386032,TRUE
pennsylvania,pennsylvania,2022-01-01,7955,3.1429791860825,TRUE
pennsylvania,pennsylvania,2022-02-01,7338,2.7848710779745844,TRUE
pennsylvania,pennsylvania,2022-03-01,7924,2.5837993165580166,TRUE
pennsylvania,pennsylvania,2022-04-01,7463,2.623174899037057,TRUE
pennsylvania,pennsylvania,2022-05-01,8675,2.9606244175208722,TRUE
pennsylvania,pennsylvania,2022-06-01,9344,3.1475613544578085,TRUE
pennsylvania,pennsylvania,2022-07-01,9318,3.3016464740602265,TRUE
pennsylvania,pennsylvania,2022-08-01,11151,3.393833488661307,TRUE
pennsylvania,pennsylvania,2022-09-01,10441,3.163793103448206,TRUE
pennsylvania,pennsylvania,2022-10-01,9360,3.2440975458214556,TRUE
pennsylvania,pennsylvania,2022-11-01,8918,2.7767940354145058,TRUE
pennsylvania,pennsylvania,2022-12-01,9304,2.4300248524386032,TRUE
pennsylvania,pennsylvania,2023-01-01,1524,0.5009319664492318,TRUE
RHODE ISLAND,rhode island,2016-01-01,1236,NA,TRUE
RHODE ISLAND,rhode island,2016-02-01,1164,NA,TRUE
RHODE ISLAND,rhode island,2016-03-01,1188,NA,TRUE
RHODE ISLAND,rhode island,2016-04-01,1018,NA,TRUE
RHODE ISLAND,rhode island,2016-05-01,1234,NA,TRUE
RHODE ISLAND,rhode island,2016-06-01,1289,NA,TRUE
RHODE ISLAND,rhode island,2016-07-01,1398,NA,TRUE
RHODE ISLAND,rhode island,2016-08-01,1486,NA,TRUE
RHODE ISLAND,rhode island,2016-09-01,1343,NA,TRUE
RHODE ISLAND,rhode island,2016-10-01,1160,NA,TRUE
RHODE ISLAND,rhode island,2016-11-01,1136,NA,TRUE
RHODE ISLAND,rhode island,2016-12-01,1086,NA,TRUE
RHODE ISLAND,rhode island,2017-01-01,1430,NA,TRUE
RHODE ISLAND,rhode island,2017-02-01,1104,NA,TRUE
RHODE ISLAND,rhode island,2017-03-01,1055,NA,TRUE
RHODE ISLAND,rhode island,2017-04-01,903,NA,TRUE
RHODE ISLAND,rhode island,2017-05-01,1306,NA,TRUE
RHODE ISLAND,rhode island,2017-06-01,1214,NA,TRUE
RHODE ISLAND,rhode island,2017-07-01,1229,NA,TRUE
RHODE ISLAND,rhode island,2017-08-01,1518,NA,TRUE
RHODE ISLAND,rhode island,2017-09-01,1275,NA,TRUE
RHODE ISLAND,rhode island,2017-10-01,1527,NA,TRUE
RHODE ISLAND,rhode island,2017-11-01,1249,NA,TRUE
RHODE ISLAND,rhode island,2017-12-01,1049,NA,TRUE
RHODE ISLAND,rhode island,2018-01-01,1450,NA,TRUE
RHODE ISLAND,rhode island,2018-02-01,1255,NA,TRUE
RHODE ISLAND,rhode island,2018-03-01,1055,NA,TRUE
RHODE ISLAND,rhode island,2018-04-01,1044,NA,TRUE
RHODE ISLAND,rhode island,2018-05-01,1177,NA,TRUE
RHODE ISLAND,rhode island,2018-06-01,1223,NA,TRUE
RHODE ISLAND,rhode island,2018-07-01,1393,NA,TRUE
RHODE ISLAND,rhode island,2018-08-01,1407,NA,TRUE
RHODE ISLAND,rhode island,2018-09-01,1162,NA,TRUE
RHODE ISLAND,rhode island,2018-10-01,1424,NA,TRUE
RHODE ISLAND,rhode island,2018-11-01,1166,NA,TRUE
RHODE ISLAND,rhode island,2018-12-01,933,NA,TRUE
RHODE ISLAND,rhode island,2019-01-01,1456,NA,TRUE
RHODE ISLAND,rhode island,2019-02-01,968,NA,TRUE
RHODE ISLAND,rhode island,2019-03-01,1126,NA,TRUE
RHODE ISLAND,rhode island,2019-04-01,1077,NA,TRUE
RHODE ISLAND,rhode island,2019-05-01,1180,NA,TRUE
RHODE ISLAND,rhode island,2019-06-01,1103,NA,TRUE
RHODE ISLAND,rhode island,2019-07-01,1566,NA,TRUE
RHODE ISLAND,rhode island,2019-08-01,1194,NA,TRUE
RHODE ISLAND,rhode island,2019-09-01,1321,NA,TRUE
RHODE ISLAND,rhode island,2019-10-01,1273,NA,TRUE
RHODE ISLAND,rhode island,2019-11-01,948,NA,TRUE
RHODE ISLAND,rhode island,2019-12-01,992,NA,TRUE
VIRGINIA,virginia,2016-01-01,17948,NA,TRUE
VIRGINIA,virginia,2016-02-01,14538,NA,TRUE
VIRGINIA,virginia,2016-03-01,12891,NA,TRUE
VIRGINIA,virginia,2016-04-01,14297,NA,TRUE
VIRGINIA,virginia,2016-05-01,15287,NA,TRUE
VIRGINIA,virginia,2016-06-01,16932,NA,TRUE
VIRGINIA,virginia,2016-07-01,16838,NA,TRUE
VIRGINIA,virginia,2016-08-01,16116,NA,TRUE
VIRGINIA,virginia,2016-09-01,17594,NA,TRUE
VIRGINIA,virginia,2016-10-01,16444,NA,TRUE
VIRGINIA,virginia,2016-11-01,14991,NA,TRUE
VIRGINIA,virginia,2016-12-01,16420,NA,TRUE
VIRGINIA,virginia,2017-01-01,18194,NA,TRUE
VIRGINIA,virginia,2017-02-01,15930,NA,TRUE
VIRGINIA,virginia,2017-03-01,13149,NA,TRUE
VIRGINIA,virginia,2017-04-01,13078,NA,TRUE
VIRGINIA,virginia,2017-05-01,15137,NA,TRUE
VIRGINIA,virginia,2017-06-01,17238,NA,TRUE
VIRGINIA,virginia,2017-07-01,16549,NA,TRUE
VIRGINIA,virginia,2017-08-01,16712,NA,TRUE
VIRGINIA,virginia,2017-09-01,17366,NA,TRUE
VIRGINIA,virginia,2017-10-01,17368,NA,TRUE
VIRGINIA,virginia,2017-11-01,15239,NA,TRUE
VIRGINIA,virginia,2017-12-01,15437,NA,TRUE
VIRGINIA,virginia,2018-01-01,17481,NA,TRUE
VIRGINIA,virginia,2018-02-01,16228,NA,TRUE
VIRGINIA,virginia,2018-03-01,13727,NA,TRUE
VIRGINIA,virginia,2018-04-01,13857,NA,TRUE
VIRGINIA,virginia,2018-05-01,15125,NA,TRUE
VIRGINIA,virginia,2018-06-01,16825,NA,TRUE
VIRGINIA,virginia,2018-07-01,16952,NA,TRUE
VIRGINIA,virginia,2018-08-01,16554,NA,TRUE
VIRGINIA,virginia,2018-09-01,16109,NA,TRUE
VIRGINIA,virginia,2018-10-01,16511,NA,TRUE
VIRGINIA,virginia,2018-11-01,15846,NA,TRUE
VIRGINIA,virginia,2018-12-01,13941,NA,TRUE
VIRGINIA,virginia,2019-01-01,18364,NA,TRUE
VIRGINIA,virginia,2019-02-01,15219,NA,TRUE
VIRGINIA,virginia,2019-03-01,13034,NA,TRUE
VIRGINIA,virginia,2019-04-01,11878,NA,TRUE
VIRGINIA,virginia,2019-05-01,15139,NA,TRUE
VIRGINIA,virginia,2019-06-01,15278,NA,TRUE
VIRGINIA,virginia,2019-07-01,15009,NA,TRUE
VIRGINIA,virginia,2019-08-01,16234,NA,TRUE
VIRGINIA,virginia,2019-09-01,14863,NA,TRUE
VIRGINIA,virginia,2019-10-01,14819,NA,TRUE
VIRGINIA,virginia,2019-11-01,14307,NA,TRUE
VIRGINIA,virginia,2019-12-01,12782,NA,TRUE
virginia,virginia,2020-01-01,15846,8.099711740041826,TRUE
virginia,virginia,2020-02-01,12683,7.017950733752719,TRUE
virginia,virginia,2020-03-01,5829,5.965146750524128,TRUE
virginia,virginia,2020-04-01,848,5.998558700209588,TRUE
virginia,virginia,2020-05-01,1561,6.884302935010768,TRUE
virginia,virginia,2020-06-01,1838,7.49947589098543,TRUE
virginia,virginia,2020-07-01,4923,7.398977987421686,TRUE
virginia,virginia,2020-08-01,4783,7.480738993710877,TRUE
virginia,virginia,2020-09-01,7778,7.467767295597692,TRUE
virginia,virginia,2020-10-01,9125,7.409329140461397,TRUE
virginia,virginia,2020-11-01,3949,6.872117400419466,TRUE
virginia,virginia,2020-12-01,1486,6.7104297693921815,TRUE
virginia,virginia,2021-01-01,2403,8.099711740041826,TRUE
virginia,virginia,2021-02-01,2566,6.981001048218154,TRUE
virginia,virginia,2021-03-01,3666,5.965146750524128,TRUE
virginia,virginia,2021-04-01,1235,5.998558700209588,TRUE
virginia,virginia,2021-05-01,2544,6.884302935010768,TRUE
virginia,virginia,2021-06-01,3765,7.49947589098543,TRUE
virginia,virginia,2021-07-01,4137,7.398977987421686,TRUE
virginia,virginia,2021-08-01,4478,7.480738993710877,TRUE
virginia,virginia,2021-09-01,3172,7.467767295597692,TRUE
virginia,virginia,2021-10-01,3572,7.409329140461397,TRUE
virginia,virginia,2021-11-01,3694,6.872117400419466,TRUE
virginia,virginia,2021-12-01,3239,6.7104297693921815,TRUE
virginia,virginia,2022-01-01,3998,8.099711740041826,TRUE
virginia,virginia,2022-02-01,4196,6.981001048218154,TRUE
virginia,virginia,2022-03-01,6398,5.965146750524128,TRUE
virginia,virginia,2022-04-01,5425,5.998558700209588,TRUE
virginia,virginia,2022-05-01,5900,6.884302935010768,TRUE
virginia,virginia,2022-06-01,7594,7.49947589098543,TRUE
virginia,virginia,2022-07-01,10758,7.398977987421686,TRUE
virginia,virginia,2022-08-01,12664,7.480738993710877,TRUE
virginia,virginia,2022-09-01,12049,7.467767295597692,TRUE
virginia,virginia,2022-10-01,12132,7.409329140461397,TRUE
virginia,virginia,2022-11-01,10541,6.872117400419466,TRUE
virginia,virginia,2022-12-01,10817,6.7104297693921815,TRUE
virginia,virginia,2023-01-01,838,0.7151467505240952,TRUE
WISCONSIN,wisconsin,2012-01-01,1082,NA,TRUE
WISCONSIN,wisconsin,2012-02-01,812,NA,TRUE
WISCONSIN,wisconsin,2012-03-01,859,NA,TRUE
WISCONSIN,wisconsin,2012-04-01,1008,NA,TRUE
WISCONSIN,wisconsin,2012-05-01,1208,NA,TRUE
WISCONSIN,wisconsin,2012-06-01,1190,NA,TRUE
WISCONSIN,wisconsin,2012-07-01,1299,NA,TRUE
WISCONSIN,wisconsin,2012-08-01,1395,NA,TRUE
WISCONSIN,wisconsin,2012-09-01,1052,NA,TRUE
WISCONSIN,wisconsin,2012-10-01,1038,NA,TRUE
WISCONSIN,wisconsin,2012-11-01,964,NA,TRUE
WISCONSIN,wisconsin,2012-12-01,845,NA,TRUE
WISCONSIN,wisconsin,2013-01-01,1199,NA,TRUE
WISCONSIN,wisconsin,2013-02-01,803,NA,TRUE
WISCONSIN,wisconsin,2013-03-01,802,NA,TRUE
WISCONSIN,wisconsin,2013-04-01,1057,NA,TRUE
WISCONSIN,wisconsin,2013-05-01,1174,NA,TRUE
WISCONSIN,wisconsin,2013-06-01,1203,NA,TRUE
WISCONSIN,wisconsin,2013-07-01,1193,NA,TRUE
WISCONSIN,wisconsin,2013-08-01,1357,NA,TRUE
WISCONSIN,wisconsin,2013-09-01,1144,NA,TRUE
WISCONSIN,wisconsin,2013-10-01,1185,NA,TRUE
WISCONSIN,wisconsin,2013-11-01,910,NA,TRUE
WISCONSIN,wisconsin,2013-12-01,961,NA,TRUE
WISCONSIN,wisconsin,2014-01-01,1203,NA,TRUE
WISCONSIN,wisconsin,2014-02-01,906,NA,TRUE
WISCONSIN,wisconsin,2014-03-01,862,NA,TRUE
WISCONSIN,wisconsin,2014-04-01,1034,NA,TRUE
WISCONSIN,wisconsin,2014-05-01,1204,NA,TRUE
WISCONSIN,wisconsin,2014-06-01,1272,NA,TRUE
WISCONSIN,wisconsin,2014-07-01,1452,NA,TRUE
WISCONSIN,wisconsin,2014-08-01,1154,NA,TRUE
WISCONSIN,wisconsin,2014-09-01,1298,NA,TRUE
WISCONSIN,wisconsin,2014-10-01,1312,NA,TRUE
WISCONSIN,wisconsin,2014-11-01,963,NA,TRUE
WISCONSIN,wisconsin,2014-12-01,1003,NA,TRUE
WISCONSIN,wisconsin,2015-01-01,1070,NA,TRUE
WISCONSIN,wisconsin,2015-02-01,838,NA,TRUE
WISCONSIN,wisconsin,2015-03-01,912,NA,TRUE
WISCONSIN,wisconsin,2015-04-01,1086,NA,TRUE
WISCONSIN,wisconsin,2015-05-01,1139,NA,TRUE
WISCONSIN,wisconsin,2015-06-01,1240,NA,TRUE
WISCONSIN,wisconsin,2015-07-01,1251,NA,TRUE
WISCONSIN,wisconsin,2015-08-01,1089,NA,TRUE
WISCONSIN,wisconsin,2015-09-01,1233,NA,TRUE
WISCONSIN,wisconsin,2015-10-01,1180,NA,TRUE
WISCONSIN,wisconsin,2015-11-01,1041,NA,TRUE
WISCONSIN,wisconsin,2015-12-01,1061,NA,TRUE
WISCONSIN,wisconsin,2016-01-01,2603,NA,TRUE
WISCONSIN,wisconsin,2016-02-01,2618,NA,TRUE
WISCONSIN,wisconsin,2016-03-01,2662,NA,TRUE
WISCONSIN,wisconsin,2016-04-01,3295,NA,TRUE
WISCONSIN,wisconsin,2016-05-01,3674,NA,TRUE
WISCONSIN,wisconsin,2016-06-01,4425,NA,TRUE
WISCONSIN,wisconsin,2016-07-01,2923,NA,TRUE
WISCONSIN,wisconsin,2016-08-01,4406,NA,TRUE
WISCONSIN,wisconsin,2016-09-01,4178,NA,TRUE
WISCONSIN,wisconsin,2016-10-01,3132,NA,TRUE
WISCONSIN,wisconsin,2016-11-01,2815,NA,TRUE
WISCONSIN,wisconsin,2016-12-01,2635,NA,TRUE
WISCONSIN,wisconsin,2017-01-01,2270,NA,TRUE
WISCONSIN,wisconsin,2017-02-01,2008,NA,TRUE
WISCONSIN,wisconsin,2017-03-01,2184,NA,TRUE
WISCONSIN,wisconsin,2017-04-01,1888,NA,TRUE
WISCONSIN,wisconsin,2017-05-01,2703,NA,TRUE
WISCONSIN,wisconsin,2017-06-01,2728,NA,TRUE
WISCONSIN,wisconsin,2017-07-01,2939,NA,TRUE
WISCONSIN,wisconsin,2017-08-01,2973,NA,TRUE
WISCONSIN,wisconsin,2017-09-01,2669,NA,TRUE
WISCONSIN,wisconsin,2017-10-01,2364,NA,TRUE
WISCONSIN,wisconsin,2017-11-01,2247,NA,TRUE
WISCONSIN,wisconsin,2017-12-01,2027,NA,TRUE
WISCONSIN,wisconsin,2018-01-01,2335,NA,TRUE
WISCONSIN,wisconsin,2018-02-01,2057,NA,TRUE
WISCONSIN,wisconsin,2018-03-01,1725,NA,TRUE
WISCONSIN,wisconsin,2018-04-01,2121,NA,TRUE
WISCONSIN,wisconsin,2018-05-01,2411,NA,TRUE
WISCONSIN,wisconsin,2018-06-01,2615,NA,TRUE
WISCONSIN,wisconsin,2018-07-01,2627,NA,TRUE
WISCONSIN,wisconsin,2018-08-01,2661,NA,TRUE
WISCONSIN,wisconsin,2018-09-01,2382,NA,TRUE
WISCONSIN,wisconsin,2018-10-01,2391,NA,TRUE
WISCONSIN,wisconsin,2018-11-01,2103,NA,TRUE
WISCONSIN,wisconsin,2018-12-01,2025,NA,TRUE
wisconsin,wisconsin,2020-01-01,2733,1.508274231678485,TRUE
wisconsin,wisconsin,2020-02-01,2134,1.3874704491725758,TRUE
wisconsin,wisconsin,2020-03-01,1073,1.3598108747044924,TRUE
wisconsin,wisconsin,2020-04-01,54,1.465248226950356,TRUE
wisconsin,wisconsin,2020-05-01,359,1.7938534278959777,TRUE
wisconsin,wisconsin,2020-06-01,3003,2.0014184397163137,TRUE
wisconsin,wisconsin,2020-07-01,2416,1.778250591016546,TRUE
wisconsin,wisconsin,2020-08-01,1930,2.019621749408981,TRUE
wisconsin,wisconsin,2020-09-01,1289,1.8607565011820324,TRUE
wisconsin,wisconsin,2020-10-01,1353,1.6356973995271875,TRUE
wisconsin,wisconsin,2020-11-01,1002,1.4879432624113484,TRUE
wisconsin,wisconsin,2020-12-01,1504,1.3799054373522444,TRUE
wisconsin,wisconsin,2021-01-01,1291,1.508274231678485,TRUE
wisconsin,wisconsin,2021-02-01,1144,1.364066193853427,TRUE
wisconsin,wisconsin,2021-03-01,1269,1.3598108747044924,TRUE
wisconsin,wisconsin,2021-04-01,1067,1.465248226950356,TRUE
wisconsin,wisconsin,2021-05-01,1058,1.7938534278959777,TRUE
wisconsin,wisconsin,2021-06-01,1377,2.0014184397163137,TRUE
wisconsin,wisconsin,2021-07-01,1422,1.778250591016546,TRUE
wisconsin,wisconsin,2021-08-01,1422,2.019621749408981,TRUE
wisconsin,wisconsin,2021-09-01,1989,1.8607565011820324,TRUE
wisconsin,wisconsin,2021-10-01,1982,1.6356973995271875,TRUE
wisconsin,wisconsin,2021-11-01,1691,1.4879432624113484,TRUE
wisconsin,wisconsin,2021-12-01,1804,1.3799054373522444,TRUE
wisconsin,wisconsin,2022-01-01,2279,1.508274231678485,TRUE
wisconsin,wisconsin,2022-02-01,2378,1.364066193853427,TRUE
wisconsin,wisconsin,2022-03-01,2093,1.3598108747044924,TRUE
wisconsin,wisconsin,2022-04-01,1842,1.465248226950356,TRUE
wisconsin,wisconsin,2022-05-01,1989,1.7938534278959777,TRUE
wisconsin,wisconsin,2022-06-01,1965,2.0014184397163137,TRUE
wisconsin,wisconsin,2022-07-01,2082,1.778250591016546,TRUE
wisconsin,wisconsin,2022-08-01,2370,2.019621749408981,TRUE
wisconsin,wisconsin,2022-09-01,2226,1.8607565011820324,TRUE
wisconsin,wisconsin,2022-10-01,2166,1.6356973995271875,TRUE
wisconsin,wisconsin,2022-11-01,2089,1.4879432624113484,TRUE
wisconsin,wisconsin,2022-12-01,1711,1.3799054373522444,TRUE
wisconsin,wisconsin,2023-01-01,658,0.2858156028368795,TRUE
