treat_definition,pre_treat_threshold,n_states,n_treated,n_never_treated,rejection_rate_effect0,mean_se,states_included,status
first_start_date,6,30,19,11,0.8367346938775511,0.05688308741996112,AK;AR;AZ;CO;CT;DE;FL;GA;HI;IN;KS;KY;MN;MS;MT;NC;ND;NH;NY;OH;OK;PA;SC;TN;TX;UT;VA;VT;WI;WV,ok
first_start_date,12,28,17,11,0.7872340425531915,0.052803402792453505,AK;AR;AZ;CO;CT;DE;FL;GA;HI;IN;KS;KY;MN;MS;MT;NC;ND;NH;OH;OK;PA;SC;TN;TX;UT;VA;VT;WV,ok
first_start_date,18,26,15,11,0.8367346938775511,0.05087748976325496,AK;AR;AZ;CT;DE;FL;GA;HI;IN;KS;KY;MN;MS;MT;NC;ND;OH;OK;PA;SC;TN;TX;UT;VA;VT;WV,ok
first_start_date,24,26,15,11,0.7755102040816326,0.06870628574570564,AK;AR;AZ;CT;DE;FL;GA;HI;IN;KS;KY;MN;MS;MT;NC;ND;OH;OK;PA;SC;TN;TX;UT;VA;VT;WV,ok
first_start_date,30,25,14,11,0.8163265306122449,0.05063672255190014,AK;AR;AZ;CT;FL;GA;HI;IN;KS;KY;MN;MS;MT;NC;ND;OH;OK;PA;SC;TN;TX;UT;VA;VT;WV,ok
first_start_date,36,21,11,10,0.7857142857142857,0.048706525347037774,AK;AR;AZ;CT;FL;GA;IN;KS;KY;MN;MT;NC;ND;OH;OK;SC;TN;TX;UT;VA;VT,ok
first_start_date,48,19,9,10,0.76,0.04156200247797586,AK;AZ;CT;FL;GA;KS;KY;MN;MT;NC;ND;OH;OK;SC;TN;TX;UT;VA;VT,ok
first_start_date,60,17,7,10,0.7446808510638298,0.0313754606210448,AK;AZ;CT;FL;GA;KS;KY;MN;NC;ND;OH;OK;SC;TX;UT;VA;VT,ok
first_start_date,72,12,2,10,NA,0,AK;FL;GA;KS;KY;MN;OH;OK;SC;TX;UT;VT,ok
