ts,effect_pct,effect_log,batch_lo,batch_hi,n_done,n_sims,ok_cum,fail_cum,fail_rate_cum,power_so_far,mean_se_so_far
2026-01-10 15:09:19,0,0,1,50,50,2000,50,0,0,0.04,0.016672818098643072
2026-01-10 15:09:21,0,0,51,100,100,2000,100,0,0,0.04,0.016214566863950054
2026-01-10 15:09:23,0,0,101,150,150,2000,150,0,0,0.06,0.016149949264661317
2026-01-10 15:09:24,0,0,151,200,200,2000,200,0,0,0.06,0.016170317307843234
2026-01-10 15:09:26,0,0,201,250,250,2000,250,0,0,0.052,0.016129044641594842
2026-01-10 15:09:28,0,0,251,300,300,2000,300,0,0,0.056666666666666664,0.01609394600327328
2026-01-10 15:09:30,0,0,301,350,350,2000,350,0,0,0.054285714285714284,0.016113881719982476
2026-01-10 15:09:32,0,0,351,400,400,2000,400,0,0,0.0525,0.016185758163923866
2026-01-10 15:09:34,0,0,401,450,450,2000,450,0,0,0.051111111111111114,0.01614332654917975
2026-01-10 15:09:35,0,0,451,500,500,2000,500,0,0,0.048,0.016115173095467974
2026-01-10 15:09:37,0,0,501,550,550,2000,550,0,0,0.04727272727272727,0.016097320349816504
2026-01-10 15:09:39,0,0,551,600,600,2000,600,0,0,0.04833333333333333,0.016049328432240027
2026-01-10 15:09:41,0,0,601,650,650,2000,650,0,0,0.04923076923076923,0.016023551392901774
2026-01-10 15:09:43,0,0,651,700,700,2000,700,0,0,0.05142857142857143,0.01601133623124276
2026-01-10 15:09:45,0,0,701,750,750,2000,750,0,0,0.048,0.01601341610385489
2026-01-10 15:09:47,0,0,751,800,800,2000,800,0,0,0.05,0.015983493263644778
2026-01-10 15:09:49,0,0,801,850,850,2000,850,0,0,0.04941176470588235,0.015985561226436195
2026-01-10 15:09:51,0,0,851,900,900,2000,900,0,0,0.04888888888888889,0.015968921971484765
2026-01-10 15:09:52,0,0,901,950,950,2000,950,0,0,0.049473684210526316,0.015982645843794906
2026-01-10 15:09:54,0,0,951,1000,1000,2000,1000,0,0,0.048,0.016007202988412406
2026-01-10 15:09:56,0,0,1001,1050,1050,2000,1050,0,0,0.05047619047619047,0.016021602452791935
2026-01-10 15:09:58,0,0,1051,1100,1100,2000,1100,0,0,0.04818181818181818,0.016041107680794357
2026-01-10 15:10:00,0,0,1101,1150,1150,2000,1150,0,0,0.050434782608695654,0.0160498064503148
2026-01-10 15:10:02,0,0,1151,1200,1200,2000,1200,0,0,0.04833333333333333,0.016064094437765228
2026-01-10 15:10:04,0,0,1201,1250,1250,2000,1250,0,0,0.0488,0.016059922098882653
2026-01-10 15:10:05,0,0,1251,1300,1300,2000,1300,0,0,0.04923076923076923,0.0160503633643842
2026-01-10 15:10:07,0,0,1301,1350,1350,2000,1350,0,0,0.04888888888888889,0.01604998695257069
2026-01-10 15:10:09,0,0,1351,1400,1400,2000,1400,0,0,0.047857142857142855,0.016049225898417376
2026-01-10 15:10:11,0,0,1401,1450,1450,2000,1450,0,0,0.04758620689655172,0.016043671322570466
2026-01-10 15:10:13,0,0,1451,1500,1500,2000,1500,0,0,0.048,0.01605626947103666
2026-01-10 15:10:15,0,0,1501,1550,1550,2000,1550,0,0,0.04838709677419355,0.016061501366583898
2026-01-10 15:10:17,0,0,1551,1600,1600,2000,1600,0,0,0.049375,0.01603733807870618
2026-01-10 15:10:19,0,0,1601,1650,1650,2000,1650,0,0,0.04787878787878788,0.016050735437076837
2026-01-10 15:10:21,0,0,1651,1700,1700,2000,1700,0,0,0.04647058823529412,0.016055792772284902
2026-01-10 15:10:22,0,0,1701,1750,1750,2000,1750,0,0,0.045714285714285714,0.016071219822662842
2026-01-10 15:10:24,0,0,1751,1800,1800,2000,1800,0,0,0.045,0.016080661721080344
2026-01-10 15:10:26,0,0,1801,1850,1850,2000,1850,0,0,0.046486486486486484,0.01606907857932361
2026-01-10 15:10:28,0,0,1851,1900,1900,2000,1900,0,0,0.045789473684210526,0.016061511059090344
2026-01-10 15:10:30,0,0,1901,1950,1950,2000,1950,0,0,0.045641025641025644,0.016068737440102423
2026-01-10 15:10:32,0,0,1951,2000,2000,2000,2000,0,0,0.0465,0.016056398141092592
2026-01-10 15:10:34,0.05,0.04879016416943205,1,50,50,2000,50,0,0,0.82,0.01667281809786531
2026-01-10 15:10:35,0.05,0.04879016416943205,51,100,100,2000,100,0,0,0.85,0.016214566863744544
2026-01-10 15:10:37,0.05,0.04879016416943205,101,150,150,2000,150,0,0,0.84,0.016149949264759066
2026-01-10 15:10:39,0.05,0.04879016416943205,151,200,200,2000,200,0,0,0.81,0.016170317307145382
2026-01-10 15:10:41,0.05,0.04879016416943205,201,250,250,2000,250,0,0,0.82,0.016129044640577166
2026-01-10 15:10:43,0.05,0.04879016416943205,251,300,300,2000,300,0,0,0.82,0.016093946002637697
2026-01-10 15:10:45,0.05,0.04879016416943205,301,350,350,2000,350,0,0,0.8085714285714286,0.016113881720155373
2026-01-10 15:10:47,0.05,0.04879016416943205,351,400,400,2000,400,0,0,0.8225,0.016185758164009877
2026-01-10 15:10:49,0.05,0.04879016416943205,401,450,450,2000,450,0,0,0.8266666666666667,0.016143326549328468
2026-01-10 15:10:50,0.05,0.04879016416943205,451,500,500,2000,500,0,0,0.83,0.01611517309578664
2026-01-10 15:10:52,0.05,0.04879016416943205,501,550,550,2000,550,0,0,0.82,0.016097320350353588
2026-01-10 15:10:54,0.05,0.04879016416943205,551,600,600,2000,600,0,0,0.8283333333333334,0.01604932843241555
2026-01-10 15:10:56,0.05,0.04879016416943205,601,650,650,2000,650,0,0,0.8307692307692308,0.01602355139310753
2026-01-10 15:10:58,0.05,0.04879016416943205,651,700,700,2000,700,0,0,0.8342857142857143,0.016011336231376287
2026-01-10 15:11:00,0.05,0.04879016416943205,701,750,750,2000,750,0,0,0.8373333333333334,0.016013416104227907
2026-01-10 15:11:02,0.05,0.04879016416943205,751,800,800,2000,800,0,0,0.8425,0.015983493264007498
2026-01-10 15:11:04,0.05,0.04879016416943205,801,850,850,2000,850,0,0,0.8458823529411764,0.01598556122710113
2026-01-10 15:11:05,0.05,0.04879016416943205,851,900,900,2000,900,0,0,0.8488888888888889,0.01596892197238989
2026-01-10 15:11:07,0.05,0.04879016416943205,901,950,950,2000,950,0,0,0.848421052631579,0.01598264584469158
2026-01-10 15:11:09,0.05,0.04879016416943205,951,1000,1000,2000,1000,0,0,0.843,0.016007202989247574
2026-01-10 15:11:11,0.05,0.04879016416943205,1001,1050,1050,2000,1050,0,0,0.839047619047619,0.016021602453567447
2026-01-10 15:11:13,0.05,0.04879016416943205,1051,1100,1100,2000,1100,0,0,0.8363636363636363,0.01604110768152595
2026-01-10 15:11:15,0.05,0.04879016416943205,1101,1150,1150,2000,1150,0,0,0.8347826086956521,0.016049806451089832
2026-01-10 15:11:17,0.05,0.04879016416943205,1151,1200,1200,2000,1200,0,0,0.8341666666666666,0.016064094438560286
2026-01-10 15:11:19,0.05,0.04879016416943205,1201,1250,1250,2000,1250,0,0,0.8328,0.01605992209963947
2026-01-10 15:11:21,0.05,0.04879016416943205,1251,1300,1300,2000,1300,0,0,0.8346153846153846,0.01605036336517813
2026-01-10 15:11:22,0.05,0.04879016416943205,1301,1350,1350,2000,1350,0,0,0.8340740740740741,0.016049986953226836
2026-01-10 15:11:25,0.05,0.04879016416943205,1351,1400,1400,2000,1400,0,0,0.8342857142857143,0.01604922589915274
2026-01-10 15:11:27,0.05,0.04879016416943205,1401,1450,1450,2000,1450,0,0,0.8358620689655173,0.01604367132323703
2026-01-10 15:11:29,0.05,0.04879016416943205,1451,1500,1500,2000,1500,0,0,0.8346666666666667,0.016056269471719613
2026-01-10 15:11:31,0.05,0.04879016416943205,1501,1550,1550,2000,1550,0,0,0.8341935483870968,0.016061501367255464
2026-01-10 15:11:33,0.05,0.04879016416943205,1551,1600,1600,2000,1600,0,0,0.8325,0.016037338079223865
2026-01-10 15:11:35,0.05,0.04879016416943205,1601,1650,1650,2000,1650,0,0,0.8345454545454546,0.016050735437553976
2026-01-10 15:11:37,0.05,0.04879016416943205,1651,1700,1700,2000,1700,0,0,0.8335294117647059,0.016055792772909482
2026-01-10 15:11:38,0.05,0.04879016416943205,1701,1750,1750,2000,1750,0,0,0.8337142857142857,0.01607121982338347
2026-01-10 15:11:40,0.05,0.04879016416943205,1751,1800,1800,2000,1800,0,0,0.8322222222222222,0.016080661721819482
2026-01-10 15:11:42,0.05,0.04879016416943205,1801,1850,1850,2000,1850,0,0,0.8318918918918919,0.016069078580055404
2026-01-10 15:11:44,0.05,0.04879016416943205,1851,1900,1900,2000,1900,0,0,0.8336842105263158,0.01606151105975481
2026-01-10 15:11:46,0.05,0.04879016416943205,1901,1950,1950,2000,1950,0,0,0.8358974358974359,0.016068737440691705
2026-01-10 15:11:48,0.05,0.04879016416943205,1951,2000,2000,2000,2000,0,0,0.8345,0.01605639814160487
2026-01-10 15:11:50,0.1,0.09531017980432493,1,50,50,2000,50,0,0,1,0.016672818097054003
2026-01-10 15:11:52,0.1,0.09531017980432493,51,100,100,2000,100,0,0,1,0.016214566863528873
2026-01-10 15:11:54,0.1,0.09531017980432493,101,150,150,2000,150,0,0,1,0.016149949264860474
2026-01-10 15:11:56,0.1,0.09531017980432493,151,200,200,2000,200,0,0,1,0.01617031730641053
2026-01-10 15:11:58,0.1,0.09531017980432493,201,250,250,2000,250,0,0,1,0.016129044639503938
2026-01-10 15:11:59,0.1,0.09531017980432493,251,300,300,2000,300,0,0,1,0.01609394600197239
2026-01-10 15:12:01,0.1,0.09531017980432493,301,350,350,2000,350,0,0,1,0.016113881720336374
2026-01-10 15:12:03,0.1,0.09531017980432493,351,400,400,2000,400,0,0,1,0.016185758164099583
2026-01-10 15:12:05,0.1,0.09531017980432493,401,450,450,2000,450,0,0,1,0.016143326549481297
2026-01-10 15:12:07,0.1,0.09531017980432493,451,500,500,2000,500,0,0,1,0.016115173096116042
2026-01-10 15:12:09,0.1,0.09531017980432493,501,550,550,2000,550,0,0,1,0.016097320350916062
2026-01-10 15:12:11,0.1,0.09531017980432493,551,600,600,2000,600,0,0,1,0.01604932843260081
2026-01-10 15:12:13,0.1,0.09531017980432493,601,650,650,2000,650,0,0,1,0.0160235513933244
2026-01-10 15:12:14,0.1,0.09531017980432493,651,700,700,2000,700,0,0,1,0.016011336231514833
2026-01-10 15:12:16,0.1,0.09531017980432493,701,750,750,2000,750,0,0,1,0.016013416104619146
2026-01-10 15:12:18,0.1,0.09531017980432493,751,800,800,2000,800,0,0,1,0.01598349326438846
2026-01-10 15:12:20,0.1,0.09531017980432493,801,850,850,2000,850,0,0,1,0.01598556122780117
2026-01-10 15:12:22,0.1,0.09531017980432493,851,900,900,2000,900,0,0,1,0.015968921973345207
2026-01-10 15:12:24,0.1,0.09531017980432493,901,950,950,2000,950,0,0,1,0.01598264584563713
2026-01-10 15:12:26,0.1,0.09531017980432493,951,1000,1000,2000,1000,0,0,1,0.01600720299012915
2026-01-10 15:12:28,0.1,0.09531017980432493,1001,1050,1050,2000,1050,0,0,1,0.016021602454389168
2026-01-10 15:12:30,0.1,0.09531017980432493,1051,1100,1100,2000,1100,0,0,1,0.016041107682300132
2026-01-10 15:12:31,0.1,0.09531017980432493,1101,1150,1150,2000,1150,0,0,1,0.016049806451910047
2026-01-10 15:12:33,0.1,0.09531017980432493,1151,1200,1200,2000,1200,0,0,1,0.016064094439402994
2026-01-10 15:12:35,0.1,0.09531017980432493,1201,1250,1250,2000,1250,0,0,1,0.016059922100442794
2026-01-10 15:12:37,0.1,0.09531017980432493,1251,1300,1300,2000,1300,0,0,1,0.016050363366018623
2026-01-10 15:12:39,0.1,0.09531017980432493,1301,1350,1350,2000,1350,0,0,1,0.01604998695392084
2026-01-10 15:12:41,0.1,0.09531017980432493,1351,1400,1400,2000,1400,0,0,1,0.01604922589992901
2026-01-10 15:12:43,0.1,0.09531017980432493,1401,1450,1450,2000,1450,0,0,1,0.016043671323942223
2026-01-10 15:12:45,0.1,0.09531017980432493,1451,1500,1500,2000,1500,0,0,1,0.01605626947244178
2026-01-10 15:12:47,0.1,0.09531017980432493,1501,1550,1550,2000,1550,0,0,1,0.016061501367965556
2026-01-10 15:12:49,0.1,0.09531017980432493,1551,1600,1600,2000,1600,0,0,1,0.016037338079772458
2026-01-10 15:12:50,0.1,0.09531017980432493,1601,1650,1650,2000,1650,0,0,1,0.01605073543806085
2026-01-10 15:12:52,0.1,0.09531017980432493,1651,1700,1700,2000,1700,0,0,1,0.016055792773570745
2026-01-10 15:12:54,0.1,0.09531017980432493,1701,1750,1750,2000,1750,0,0,1,0.01607121982414475
2026-01-10 15:12:56,0.1,0.09531017980432493,1751,1800,1800,2000,1800,0,0,1,0.016080661722599143
2026-01-10 15:12:58,0.1,0.09531017980432493,1801,1850,1850,2000,1850,0,0,1,0.016069078580827772
2026-01-10 15:13:00,0.1,0.09531017980432493,1851,1900,1900,2000,1900,0,0,1,0.016061511060456897
2026-01-10 15:13:02,0.1,0.09531017980432493,1901,1950,1950,2000,1950,0,0,1,0.016068737441313635
2026-01-10 15:13:04,0.1,0.09531017980432493,1951,2000,2000,2000,2000,0,0,1,0.016056398142144396
2026-01-10 15:13:06,0.15,0.13976194237515863,1,50,50,2000,50,0,0,1,0.01667281809620157
2026-01-10 15:13:08,0.15,0.13976194237515863,51,100,100,2000,100,0,0,1,0.01621456686330062
2026-01-10 15:13:10,0.15,0.13976194237515863,101,150,150,2000,150,0,0,1,0.01614994926496399
2026-01-10 15:13:12,0.15,0.13976194237515863,151,200,200,2000,200,0,0,1,0.01617031730563015
2026-01-10 15:13:14,0.15,0.13976194237515863,201,250,250,2000,250,0,0,1,0.016129044638362424
2026-01-10 15:13:16,0.15,0.13976194237515863,251,300,300,2000,300,0,0,1,0.016093946001269736
2026-01-10 15:13:18,0.15,0.13976194237515863,301,350,350,2000,350,0,0,1,0.016113881720527235
2026-01-10 15:13:19,0.15,0.13976194237515863,351,400,400,2000,400,0,0,1,0.016185758164193553
2026-01-10 15:13:21,0.15,0.13976194237515863,401,450,450,2000,450,0,0,1,0.016143326549639167
2026-01-10 15:13:23,0.15,0.13976194237515863,451,500,500,2000,500,0,0,1,0.01611517309645855
2026-01-10 15:13:25,0.15,0.13976194237515863,501,550,550,2000,550,0,0,1,0.016097320351509382
2026-01-10 15:13:27,0.15,0.13976194237515863,551,600,600,2000,600,0,0,1,0.01604932843279754
2026-01-10 15:13:29,0.15,0.13976194237515863,601,650,650,2000,650,0,0,1,0.01602355139355422
2026-01-10 15:13:31,0.15,0.13976194237515863,651,700,700,2000,700,0,0,1,0.016011336231659064
2026-01-10 15:13:33,0.15,0.13976194237515863,701,750,750,2000,750,0,0,1,0.016013416105031947
2026-01-10 15:13:35,0.15,0.13976194237515863,751,800,800,2000,800,0,0,1,0.015983493264791003
2026-01-10 15:13:37,0.15,0.13976194237515863,801,850,850,2000,850,0,0,1,0.01598556122854314
2026-01-10 15:13:38,0.15,0.13976194237515863,851,900,900,2000,900,0,0,1,0.015968921974360742
2026-01-10 15:13:40,0.15,0.13976194237515863,901,950,950,2000,950,0,0,1,0.015982645846641483
2026-01-10 15:13:42,0.15,0.13976194237515863,951,1000,1000,2000,1000,0,0,1,0.01600720299106646
2026-01-10 15:13:44,0.15,0.13976194237515863,1001,1050,1050,2000,1050,0,0,1,0.01602160245526603
2026-01-10 15:13:46,0.15,0.13976194237515863,1051,1100,1100,2000,1100,0,0,1,0.016041107683125132
2026-01-10 15:13:48,0.15,0.13976194237515863,1101,1150,1150,2000,1150,0,0,1,0.016049806452784296
2026-01-10 15:13:50,0.15,0.13976194237515863,1151,1200,1200,2000,1200,0,0,1,0.016064094440302597
2026-01-10 15:13:52,0.15,0.13976194237515863,1201,1250,1250,2000,1250,0,0,1,0.016059922101301503
2026-01-10 15:13:54,0.15,0.13976194237515863,1251,1300,1300,2000,1300,0,0,1,0.01605036336691469
2026-01-10 15:13:56,0.15,0.13976194237515863,1301,1350,1350,2000,1350,0,0,1,0.016049986954659968
2026-01-10 15:13:58,0.15,0.13976194237515863,1351,1400,1400,2000,1400,0,0,1,0.016049225900754187
2026-01-10 15:13:59,0.15,0.13976194237515863,1401,1450,1450,2000,1450,0,0,1,0.016043671324693518
2026-01-10 15:14:01,0.15,0.13976194237515863,1451,1500,1500,2000,1500,0,0,1,0.016056269473210892
2026-01-10 15:14:03,0.15,0.13976194237515863,1501,1550,1550,2000,1550,0,0,1,0.016061501368721746
2026-01-10 15:14:05,0.15,0.13976194237515863,1551,1600,1600,2000,1600,0,0,1,0.0160373380803579
2026-01-10 15:14:07,0.15,0.13976194237515863,1601,1650,1650,2000,1650,0,0,1,0.016050735438602994
2026-01-10 15:14:09,0.15,0.13976194237515863,1651,1700,1700,2000,1700,0,0,1,0.01605579277427574
2026-01-10 15:14:11,0.15,0.13976194237515863,1701,1750,1750,2000,1750,0,0,1,0.016071219824954755
2026-01-10 15:14:13,0.15,0.13976194237515863,1751,1800,1800,2000,1800,0,0,1,0.016080661723427432
2026-01-10 15:14:15,0.15,0.13976194237515863,1801,1850,1850,2000,1850,0,0,1,0.016069078581648806
2026-01-10 15:14:17,0.15,0.13976194237515863,1851,1900,1900,2000,1900,0,0,1,0.016061511061204025
2026-01-10 15:14:19,0.15,0.13976194237515863,1901,1950,1950,2000,1950,0,0,1,0.016068737441974616
2026-01-10 15:14:21,0.15,0.13976194237515863,1951,2000,2000,2000,2000,0,0,1,0.01605639814271649
2026-01-10 15:14:22,0.2,0.1823215567939546,1,50,50,2000,50,0,0,1,0.016672818095299056
2026-01-10 15:14:24,0.2,0.1823215567939546,51,100,100,2000,100,0,0,1,0.016214566863056813
2026-01-10 15:14:26,0.2,0.1823215567939546,101,150,150,2000,150,0,0,1,0.016149949265067177
2026-01-10 15:14:28,0.2,0.1823215567939546,151,200,200,2000,200,0,0,1,0.016170317304793687
2026-01-10 15:14:30,0.2,0.1823215567939546,201,250,250,2000,250,0,0,1,0.016129044637136755
2026-01-10 15:14:32,0.2,0.1823215567939546,251,300,300,2000,300,0,0,1,0.016093946000520214
2026-01-10 15:14:34,0.2,0.1823215567939546,301,350,350,2000,350,0,0,1,0.01611388172073013
2026-01-10 15:14:36,0.2,0.1823215567939546,351,400,400,2000,400,0,0,1,0.016185758164292473
2026-01-10 15:14:38,0.2,0.1823215567939546,401,450,450,2000,450,0,0,1,0.01614332654980315
2026-01-10 15:14:40,0.2,0.1823215567939546,451,500,500,2000,500,0,0,1,0.016115173096816947
2026-01-10 15:14:41,0.2,0.1823215567939546,501,550,550,2000,550,0,0,1,0.016097320352140197
2026-01-10 15:14:43,0.2,0.1823215567939546,551,600,600,2000,600,0,0,1,0.01604932843300781
2026-01-10 15:14:45,0.2,0.1823215567939546,601,650,650,2000,650,0,0,1,0.016023551393799167
2026-01-10 15:14:47,0.2,0.1823215567939546,651,700,700,2000,700,0,0,1,0.016011336231809677
2026-01-10 15:14:49,0.2,0.1823215567939546,701,750,750,2000,750,0,0,1,0.01601341610547026
2026-01-10 15:14:51,0.2,0.1823215567939546,751,800,800,2000,800,0,0,1,0.015983493265219077
2026-01-10 15:14:53,0.2,0.1823215567939546,801,850,850,2000,850,0,0,1,0.01598556122933526
2026-01-10 15:14:54,0.2,0.1823215567939546,851,900,900,2000,900,0,0,1,0.015968921975448712
2026-01-10 15:14:56,0.2,0.1823215567939546,901,950,950,2000,950,0,0,1,0.015982645847716737
2026-01-10 15:14:58,0.2,0.1823215567939546,951,1000,1000,2000,1000,0,0,1,0.01600720299207087
2026-01-10 15:15:00,0.2,0.1823215567939546,1001,1050,1050,2000,1050,0,0,1,0.016021602456208935
2026-01-10 15:15:02,0.2,0.1823215567939546,1051,1100,1100,2000,1100,0,0,1,0.016041107684010972
2026-01-10 15:15:04,0.2,0.1823215567939546,1101,1150,1150,2000,1150,0,0,1,0.016049806453723385
2026-01-10 15:15:06,0.2,0.1823215567939546,1151,1200,1200,2000,1200,0,0,1,0.01606409444127039
2026-01-10 15:15:07,0.2,0.1823215567939546,1201,1250,1250,2000,1250,0,0,1,0.016059922102226478
2026-01-10 15:15:09,0.2,0.1823215567939546,1251,1300,1300,2000,1300,0,0,1,0.01605036336787733
2026-01-10 15:15:11,0.2,0.1823215567939546,1301,1350,1350,2000,1350,0,0,1,0.016049986955453076
2026-01-10 15:15:13,0.2,0.1823215567939546,1351,1400,1400,2000,1400,0,0,1,0.016049225901638004
2026-01-10 15:15:14,0.2,0.1823215567939546,1401,1450,1450,2000,1450,0,0,1,0.01604367132550005
2026-01-10 15:15:16,0.2,0.1823215567939546,1451,1500,1500,2000,1500,0,0,1,0.01605626947403642
2026-01-10 15:15:18,0.2,0.1823215567939546,1501,1550,1550,2000,1550,0,0,1,0.016061501369533295
2026-01-10 15:15:20,0.2,0.1823215567939546,1551,1600,1600,2000,1600,0,0,1,0.016037338080987472
2026-01-10 15:15:22,0.2,0.1823215567939546,1601,1650,1650,2000,1650,0,0,1,0.016050735439187166
2026-01-10 15:15:23,0.2,0.1823215567939546,1651,1700,1700,2000,1700,0,0,1,0.016055792775033113
2026-01-10 15:15:25,0.2,0.1823215567939546,1701,1750,1750,2000,1750,0,0,1,0.01607121982582336
2026-01-10 15:15:27,0.2,0.1823215567939546,1751,1800,1800,2000,1800,0,0,1,0.01608066172431424
2026-01-10 15:15:29,0.2,0.1823215567939546,1801,1850,1850,2000,1850,0,0,1,0.016069078582528394
2026-01-10 15:15:31,0.2,0.1823215567939546,1851,1900,1900,2000,1900,0,0,1,0.016061511062005263
2026-01-10 15:15:32,0.2,0.1823215567939546,1901,1950,1950,2000,1950,0,0,1,0.016068737442682453
2026-01-10 15:15:34,0.2,0.1823215567939546,1951,2000,2000,2000,2000,0,0,1,0.0160563981433276
2026-01-10 15:16:43,0,0,1,50,50,2000,50,0,0,0.04,0.016672818098643072
2026-01-10 15:16:45,0,0,51,100,100,2000,100,0,0,0.04,0.016214566863950054
2026-01-10 15:16:47,0,0,101,150,150,2000,150,0,0,0.06,0.016149949264661317
2026-01-10 15:16:49,0,0,151,200,200,2000,200,0,0,0.06,0.016170317307843234
2026-01-10 15:16:51,0,0,201,250,250,2000,250,0,0,0.052,0.016129044641594842
2026-01-10 15:16:53,0,0,251,300,300,2000,300,0,0,0.056666666666666664,0.01609394600327328
2026-01-10 15:16:54,0,0,301,350,350,2000,350,0,0,0.054285714285714284,0.016113881719982476
2026-01-10 15:16:56,0,0,351,400,400,2000,400,0,0,0.0525,0.016185758163923866
2026-01-10 15:16:58,0,0,401,450,450,2000,450,0,0,0.051111111111111114,0.01614332654917975
2026-01-10 15:17:00,0,0,451,500,500,2000,500,0,0,0.048,0.016115173095467974
2026-01-10 15:17:02,0,0,501,550,550,2000,550,0,0,0.04727272727272727,0.016097320349816504
2026-01-10 15:17:03,0,0,551,600,600,2000,600,0,0,0.04833333333333333,0.016049328432240027
2026-01-10 15:17:05,0,0,601,650,650,2000,650,0,0,0.04923076923076923,0.016023551392901774
2026-01-10 15:17:07,0,0,651,700,700,2000,700,0,0,0.05142857142857143,0.01601133623124276
2026-01-10 15:17:09,0,0,701,750,750,2000,750,0,0,0.048,0.01601341610385489
2026-01-10 15:17:11,0,0,751,800,800,2000,800,0,0,0.05,0.015983493263644778
2026-01-10 15:17:13,0,0,801,850,850,2000,850,0,0,0.04941176470588235,0.015985561226436195
2026-01-10 15:17:14,0,0,851,900,900,2000,900,0,0,0.04888888888888889,0.015968921971484765
2026-01-10 15:17:16,0,0,901,950,950,2000,950,0,0,0.049473684210526316,0.015982645843794906
2026-01-10 15:17:18,0,0,951,1000,1000,2000,1000,0,0,0.048,0.016007202988412406
2026-01-10 15:17:20,0,0,1001,1050,1050,2000,1050,0,0,0.05047619047619047,0.016021602452791935
2026-01-10 15:17:22,0,0,1051,1100,1100,2000,1100,0,0,0.04818181818181818,0.016041107680794357
2026-01-10 15:17:23,0,0,1101,1150,1150,2000,1150,0,0,0.050434782608695654,0.0160498064503148
2026-01-10 15:17:25,0,0,1151,1200,1200,2000,1200,0,0,0.04833333333333333,0.016064094437765228
2026-01-10 15:17:27,0,0,1201,1250,1250,2000,1250,0,0,0.0488,0.016059922098882653
2026-01-10 15:17:29,0,0,1251,1300,1300,2000,1300,0,0,0.04923076923076923,0.0160503633643842
2026-01-10 15:17:31,0,0,1301,1350,1350,2000,1350,0,0,0.04888888888888889,0.01604998695257069
2026-01-10 15:17:33,0,0,1351,1400,1400,2000,1400,0,0,0.047857142857142855,0.016049225898417376
2026-01-10 15:17:34,0,0,1401,1450,1450,2000,1450,0,0,0.04758620689655172,0.016043671322570466
2026-01-10 15:17:36,0,0,1451,1500,1500,2000,1500,0,0,0.048,0.01605626947103666
2026-01-10 15:17:38,0,0,1501,1550,1550,2000,1550,0,0,0.04838709677419355,0.016061501366583898
2026-01-10 15:17:40,0,0,1551,1600,1600,2000,1600,0,0,0.049375,0.01603733807870618
2026-01-10 15:17:42,0,0,1601,1650,1650,2000,1650,0,0,0.04787878787878788,0.016050735437076837
2026-01-10 15:17:43,0,0,1651,1700,1700,2000,1700,0,0,0.04647058823529412,0.016055792772284902
2026-01-10 15:17:45,0,0,1701,1750,1750,2000,1750,0,0,0.045714285714285714,0.016071219822662842
2026-01-10 15:17:47,0,0,1751,1800,1800,2000,1800,0,0,0.045,0.016080661721080344
2026-01-10 15:17:49,0,0,1801,1850,1850,2000,1850,0,0,0.046486486486486484,0.01606907857932361
2026-01-10 15:17:51,0,0,1851,1900,1900,2000,1900,0,0,0.045789473684210526,0.016061511059090344
2026-01-10 15:17:52,0,0,1901,1950,1950,2000,1950,0,0,0.045641025641025644,0.016068737440102423
2026-01-10 15:17:54,0,0,1951,2000,2000,2000,2000,0,0,0.0465,0.016056398141092592
2026-01-10 15:17:56,0.03,0.02955880224154443,1,50,50,2000,50,0,0,0.44,0.01667281809818005
2026-01-10 15:17:58,0.03,0.02955880224154443,51,100,100,2000,100,0,0,0.44,0.016214566863827846
2026-01-10 15:18:00,0.03,0.02955880224154443,101,150,150,2000,150,0,0,0.41333333333333333,0.016149949264719462
2026-01-10 15:18:02,0.03,0.02955880224154443,151,200,200,2000,200,0,0,0.41,0.016170317307428538
2026-01-10 15:18:03,0.03,0.02955880224154443,201,250,250,2000,250,0,0,0.416,0.01612904464099027
2026-01-10 15:18:05,0.03,0.02955880224154443,251,300,300,2000,300,0,0,0.42333333333333334,0.01609394600289512
2026-01-10 15:18:07,0.03,0.02955880224154443,301,350,350,2000,350,0,0,0.4142857142857143,0.016113881720085328
2026-01-10 15:18:09,0.03,0.02955880224154443,351,400,400,2000,400,0,0,0.4125,0.016185758163975054
2026-01-10 15:18:11,0.03,0.02955880224154443,401,450,450,2000,450,0,0,0.4266666666666667,0.016143326549268533
2026-01-10 15:18:13,0.03,0.02955880224154443,451,500,500,2000,500,0,0,0.426,0.016115173095658006
2026-01-10 15:18:14,0.03,0.02955880224154443,501,550,550,2000,550,0,0,0.41818181818181815,0.016097320350135978
2026-01-10 15:18:16,0.03,0.02955880224154443,551,600,600,2000,600,0,0,0.42833333333333334,0.016049328432344256
2026-01-10 15:18:18,0.03,0.02955880224154443,601,650,650,2000,650,0,0,0.42153846153846153,0.016023551393023985
2026-01-10 15:18:20,0.03,0.02955880224154443,651,700,700,2000,700,0,0,0.42142857142857143,0.016011336231322306
2026-01-10 15:18:22,0.03,0.02955880224154443,701,750,750,2000,750,0,0,0.41733333333333333,0.016013416104076684
2026-01-10 15:18:23,0.03,0.02955880224154443,751,800,800,2000,800,0,0,0.425,0.01598349326386039
2026-01-10 15:18:25,0.03,0.02955880224154443,801,850,850,2000,850,0,0,0.4258823529411765,0.015985561226831285
2026-01-10 15:18:27,0.03,0.02955880224154443,851,900,900,2000,900,0,0,0.43,0.01596892197202232
2026-01-10 15:18:29,0.03,0.02955880224154443,901,950,950,2000,950,0,0,0.4326315789473684,0.015982645844327542
2026-01-10 15:18:31,0.03,0.02955880224154443,951,1000,1000,2000,1000,0,0,0.429,0.016007202988908405
2026-01-10 15:18:33,0.03,0.02955880224154443,1001,1050,1050,2000,1050,0,0,0.42952380952380953,0.016021602453252147
2026-01-10 15:18:34,0.03,0.02955880224154443,1051,1100,1100,2000,1100,0,0,0.4263636363636364,0.016041107681228618
2026-01-10 15:18:36,0.03,0.02955880224154443,1101,1150,1150,2000,1150,0,0,0.42782608695652175,0.01604980645077484
2026-01-10 15:18:38,0.03,0.02955880224154443,1151,1200,1200,2000,1200,0,0,0.43083333333333335,0.016064094438237007
2026-01-10 15:18:40,0.03,0.02955880224154443,1201,1250,1250,2000,1250,0,0,0.4256,0.016059922099331606
2026-01-10 15:18:42,0.03,0.02955880224154443,1251,1300,1300,2000,1300,0,0,0.4238461538461539,0.01605036336485542
2026-01-10 15:18:44,0.03,0.02955880224154443,1301,1350,1350,2000,1350,0,0,0.422962962962963,0.0160499869529602
2026-01-10 15:18:45,0.03,0.02955880224154443,1351,1400,1400,2000,1400,0,0,0.4228571428571429,0.016049225898854085
2026-01-10 15:18:47,0.03,0.02955880224154443,1401,1450,1450,2000,1450,0,0,0.4227586206896552,0.016043671322966146
2026-01-10 15:18:49,0.03,0.02955880224154443,1451,1500,1500,2000,1500,0,0,0.41933333333333334,0.016056269471442113
2026-01-10 15:18:51,0.03,0.02955880224154443,1501,1550,1550,2000,1550,0,0,0.41870967741935483,0.016061501366982592
2026-01-10 15:18:53,0.03,0.02955880224154443,1551,1600,1600,2000,1600,0,0,0.416875,0.016037338079013377
2026-01-10 15:18:54,0.03,0.02955880224154443,1601,1650,1650,2000,1650,0,0,0.41393939393939394,0.01605073543735983
2026-01-10 15:18:56,0.03,0.02955880224154443,1651,1700,1700,2000,1700,0,0,0.41294117647058826,0.016055792772655602
2026-01-10 15:18:58,0.03,0.02955880224154443,1701,1750,1750,2000,1750,0,0,0.41085714285714287,0.016071219823090746
2026-01-10 15:19:00,0.03,0.02955880224154443,1751,1800,1800,2000,1800,0,0,0.4088888888888889,0.016080661721519368
2026-01-10 15:19:02,0.03,0.02955880224154443,1801,1850,1850,2000,1850,0,0,0.41081081081081083,0.01606907857975822
2026-01-10 15:19:04,0.03,0.02955880224154443,1851,1900,1900,2000,1900,0,0,0.41157894736842104,0.01606151105948488
2026-01-10 15:19:06,0.03,0.02955880224154443,1901,1950,1950,2000,1950,0,0,0.4117948717948718,0.016068737440452396
2026-01-10 15:19:08,0.03,0.02955880224154443,1951,2000,2000,2000,2000,0,0,0.412,0.016056398141396956
2026-01-10 15:19:09,0.04,0.03922071315328133,1,50,50,2000,50,0,0,0.68,0.016672818098023318
2026-01-10 15:19:11,0.04,0.03922071315328133,51,100,100,2000,100,0,0,0.67,0.01621456686378639
2026-01-10 15:19:13,0.04,0.03922071315328133,101,150,150,2000,150,0,0,0.64,0.016149949264739182
2026-01-10 15:19:15,0.04,0.03922071315328133,151,200,200,2000,200,0,0,0.615,0.016170317307287668
2026-01-10 15:19:17,0.04,0.03922071315328133,201,250,250,2000,250,0,0,0.624,0.016129044640784778
2026-01-10 15:19:18,0.04,0.03922071315328133,251,300,300,2000,300,0,0,0.63,0.016093946002766972
2026-01-10 15:19:20,0.04,0.03922071315328133,301,350,350,2000,350,0,0,0.6114285714285714,0.016113881720120193
2026-01-10 15:19:22,0.04,0.03922071315328133,351,400,400,2000,400,0,0,0.62,0.016185758163992394
2026-01-10 15:19:24,0.04,0.03922071315328133,401,450,450,2000,450,0,0,0.64,0.01614332654929842
2026-01-10 15:19:26,0.04,0.03922071315328133,451,500,500,2000,500,0,0,0.64,0.016115173095722118
2026-01-10 15:19:28,0.04,0.03922071315328133,501,550,550,2000,550,0,0,0.6363636363636364,0.016097320350244294
2026-01-10 15:19:29,0.04,0.03922071315328133,551,600,600,2000,600,0,0,0.6466666666666666,0.016049328432379713
2026-01-10 15:19:31,0.04,0.03922071315328133,601,650,650,2000,650,0,0,0.6461538461538462,0.016023551393065542
2026-01-10 15:19:33,0.04,0.03922071315328133,651,700,700,2000,700,0,0,0.65,0.016011336231349198
2026-01-10 15:19:35,0.04,0.03922071315328133,701,750,750,2000,750,0,0,0.6506666666666666,0.016013416104151943
2026-01-10 15:19:36,0.04,0.03922071315328133,751,800,800,2000,800,0,0,0.655,0.01598349326393359
2026-01-10 15:19:38,0.04,0.03922071315328133,801,850,850,2000,850,0,0,0.6576470588235294,0.01598556122696553
2026-01-10 15:19:40,0.04,0.03922071315328133,851,900,900,2000,900,0,0,0.6588888888888889,0.01596892197220514
2026-01-10 15:19:42,0.04,0.03922071315328133,901,950,950,2000,950,0,0,0.6610526315789473,0.01598264584450862
2026-01-10 15:19:43,0.04,0.03922071315328133,951,1000,1000,2000,1000,0,0,0.662,0.016007202989077096
2026-01-10 15:19:45,0.04,0.03922071315328133,1001,1050,1050,2000,1050,0,0,0.66,0.016021602453408907
2026-01-10 15:19:47,0.04,0.03922071315328133,1051,1100,1100,2000,1100,0,0,0.6572727272727272,0.01604110768137646
2026-01-10 15:19:49,0.04,0.03922071315328133,1101,1150,1150,2000,1150,0,0,0.6573913043478261,0.016049806450931466
2026-01-10 15:19:50,0.04,0.03922071315328133,1151,1200,1200,2000,1200,0,0,0.6575,0.01606409443839773
2026-01-10 15:19:52,0.04,0.03922071315328133,1201,1250,1250,2000,1250,0,0,0.6512,0.016059922099484644
2026-01-10 15:19:54,0.04,0.03922071315328133,1251,1300,1300,2000,1300,0,0,0.65,0.016050363365015877
2026-01-10 15:19:56,0.04,0.03922071315328133,1301,1350,1350,2000,1350,0,0,0.6474074074074074,0.016049986953092787
2026-01-10 15:19:57,0.04,0.03922071315328133,1351,1400,1400,2000,1400,0,0,0.6478571428571429,0.016049225899002623
2026-01-10 15:19:59,0.04,0.03922071315328133,1401,1450,1450,2000,1450,0,0,0.6496551724137931,0.016043671323100844
2026-01-10 15:20:01,0.04,0.03922071315328133,1451,1500,1500,2000,1500,0,0,0.6473333333333333,0.01605626947158011
2026-01-10 15:20:03,0.04,0.03922071315328133,1501,1550,1550,2000,1550,0,0,0.6490322580645161,0.016061501367118286
2026-01-10 15:20:05,0.04,0.03922071315328133,1551,1600,1600,2000,1600,0,0,0.648125,0.016037338079118023
2026-01-10 15:20:07,0.04,0.03922071315328133,1601,1650,1650,2000,1650,0,0,0.6454545454545455,0.016050735437456328
2026-01-10 15:20:08,0.04,0.03922071315328133,1651,1700,1700,2000,1700,0,0,0.6452941176470588,0.016055792772781834
2026-01-10 15:20:10,0.04,0.03922071315328133,1701,1750,1750,2000,1750,0,0,0.6457142857142857,0.016071219823236324
2026-01-10 15:20:12,0.04,0.03922071315328133,1751,1800,1800,2000,1800,0,0,0.6438888888888888,0.016080661721668645
2026-01-10 15:20:14,0.04,0.03922071315328133,1801,1850,1850,2000,1850,0,0,0.6459459459459459,0.01606907857990603
2026-01-10 15:20:16,0.04,0.03922071315328133,1851,1900,1900,2000,1900,0,0,0.6484210526315789,0.01606151105961912
2026-01-10 15:20:17,0.04,0.03922071315328133,1901,1950,1950,2000,1950,0,0,0.6502564102564102,0.01606873744057142
2026-01-10 15:20:19,0.04,0.03922071315328133,1951,2000,2000,2000,2000,0,0,0.65,0.016056398141500387
2026-01-10 15:20:21,0.05,0.04879016416943205,1,50,50,2000,50,0,0,0.82,0.01667281809786531
2026-01-10 15:20:23,0.05,0.04879016416943205,51,100,100,2000,100,0,0,0.85,0.016214566863744544
2026-01-10 15:20:24,0.05,0.04879016416943205,101,150,150,2000,150,0,0,0.84,0.016149949264759066
2026-01-10 15:20:26,0.05,0.04879016416943205,151,200,200,2000,200,0,0,0.81,0.016170317307145382
2026-01-10 15:20:28,0.05,0.04879016416943205,201,250,250,2000,250,0,0,0.82,0.016129044640577166
2026-01-10 15:20:30,0.05,0.04879016416943205,251,300,300,2000,300,0,0,0.82,0.016093946002637697
2026-01-10 15:20:32,0.05,0.04879016416943205,301,350,350,2000,350,0,0,0.8085714285714286,0.016113881720155373
2026-01-10 15:20:33,0.05,0.04879016416943205,351,400,400,2000,400,0,0,0.8225,0.016185758164009877
2026-01-10 15:20:35,0.05,0.04879016416943205,401,450,450,2000,450,0,0,0.8266666666666667,0.016143326549328468
2026-01-10 15:20:37,0.05,0.04879016416943205,451,500,500,2000,500,0,0,0.83,0.01611517309578664
2026-01-10 15:20:39,0.05,0.04879016416943205,501,550,550,2000,550,0,0,0.82,0.016097320350353588
2026-01-10 15:20:41,0.05,0.04879016416943205,551,600,600,2000,600,0,0,0.8283333333333334,0.01604932843241555
2026-01-10 15:20:42,0.05,0.04879016416943205,601,650,650,2000,650,0,0,0.8307692307692308,0.01602355139310753
2026-01-10 15:20:44,0.05,0.04879016416943205,651,700,700,2000,700,0,0,0.8342857142857143,0.016011336231376287
2026-01-10 15:20:46,0.05,0.04879016416943205,701,750,750,2000,750,0,0,0.8373333333333334,0.016013416104227907
2026-01-10 15:20:48,0.05,0.04879016416943205,751,800,800,2000,800,0,0,0.8425,0.015983493264007498
2026-01-10 15:20:50,0.05,0.04879016416943205,801,850,850,2000,850,0,0,0.8458823529411764,0.01598556122710113
2026-01-10 15:20:51,0.05,0.04879016416943205,851,900,900,2000,900,0,0,0.8488888888888889,0.01596892197238989
2026-01-10 15:20:53,0.05,0.04879016416943205,901,950,950,2000,950,0,0,0.848421052631579,0.01598264584469158
2026-01-10 15:20:55,0.05,0.04879016416943205,951,1000,1000,2000,1000,0,0,0.843,0.016007202989247574
2026-01-10 15:20:57,0.05,0.04879016416943205,1001,1050,1050,2000,1050,0,0,0.839047619047619,0.016021602453567447
2026-01-10 15:20:59,0.05,0.04879016416943205,1051,1100,1100,2000,1100,0,0,0.8363636363636363,0.01604110768152595
2026-01-10 15:21:01,0.05,0.04879016416943205,1101,1150,1150,2000,1150,0,0,0.8347826086956521,0.016049806451089832
2026-01-10 15:21:02,0.05,0.04879016416943205,1151,1200,1200,2000,1200,0,0,0.8341666666666666,0.016064094438560286
2026-01-10 15:21:04,0.05,0.04879016416943205,1201,1250,1250,2000,1250,0,0,0.8328,0.01605992209963947
2026-01-10 15:21:06,0.05,0.04879016416943205,1251,1300,1300,2000,1300,0,0,0.8346153846153846,0.01605036336517813
2026-01-10 15:21:08,0.05,0.04879016416943205,1301,1350,1350,2000,1350,0,0,0.8340740740740741,0.016049986953226836
2026-01-10 15:21:09,0.05,0.04879016416943205,1351,1400,1400,2000,1400,0,0,0.8342857142857143,0.01604922589915274
2026-01-10 15:21:11,0.05,0.04879016416943205,1401,1450,1450,2000,1450,0,0,0.8358620689655173,0.01604367132323703
2026-01-10 15:21:13,0.05,0.04879016416943205,1451,1500,1500,2000,1500,0,0,0.8346666666666667,0.016056269471719613
2026-01-10 15:21:15,0.05,0.04879016416943205,1501,1550,1550,2000,1550,0,0,0.8341935483870968,0.016061501367255464
2026-01-10 15:21:17,0.05,0.04879016416943205,1551,1600,1600,2000,1600,0,0,0.8325,0.016037338079223865
2026-01-10 15:21:19,0.05,0.04879016416943205,1601,1650,1650,2000,1650,0,0,0.8345454545454546,0.016050735437553976
2026-01-10 15:21:20,0.05,0.04879016416943205,1651,1700,1700,2000,1700,0,0,0.8335294117647059,0.016055792772909482
2026-01-10 15:21:22,0.05,0.04879016416943205,1701,1750,1750,2000,1750,0,0,0.8337142857142857,0.01607121982338347
2026-01-10 15:21:24,0.05,0.04879016416943205,1751,1800,1800,2000,1800,0,0,0.8322222222222222,0.016080661721819482
2026-01-10 15:21:25,0.05,0.04879016416943205,1801,1850,1850,2000,1850,0,0,0.8318918918918919,0.016069078580055404
2026-01-10 15:21:27,0.05,0.04879016416943205,1851,1900,1900,2000,1900,0,0,0.8336842105263158,0.01606151105975481
2026-01-10 15:21:29,0.05,0.04879016416943205,1901,1950,1950,2000,1950,0,0,0.8358974358974359,0.016068737440691705
2026-01-10 15:21:31,0.05,0.04879016416943205,1951,2000,2000,2000,2000,0,0,0.8345,0.01605639814160487
2026-01-10 15:21:33,0.06,0.058268908123975824,1,50,50,2000,50,0,0,0.94,0.016672818097705957
2026-01-10 15:21:35,0.06,0.058268908123975824,51,100,100,2000,100,0,0,0.95,0.016214566863702293
2026-01-10 15:21:36,0.06,0.058268908123975824,101,150,150,2000,150,0,0,0.94,0.01614994926477909
2026-01-10 15:21:38,0.06,0.058268908123975824,151,200,200,2000,200,0,0,0.925,0.01617031730700162
2026-01-10 15:21:40,0.06,0.058268908123975824,201,250,250,2000,250,0,0,0.936,0.016129044640367334
2026-01-10 15:21:42,0.06,0.058268908123975824,251,300,300,2000,300,0,0,0.9366666666666666,0.016093946002507235
2026-01-10 15:21:44,0.06,0.058268908123975824,301,350,350,2000,350,0,0,0.9228571428571428,0.016113881720190872
2026-01-10 15:21:46,0.06,0.058268908123975824,351,400,400,2000,400,0,0,0.9275,0.016185758164027505
2026-01-10 15:21:47,0.06,0.058268908123975824,401,450,450,2000,450,0,0,0.9288888888888889,0.016143326549358676
2026-01-10 15:21:49,0.06,0.058268908123975824,451,500,500,2000,500,0,0,0.93,0.01611517309585159
2026-01-10 15:21:51,0.06,0.058268908123975824,501,550,550,2000,550,0,0,0.9290909090909091,0.01609732035046389
2026-01-10 15:21:53,0.06,0.058268908123975824,551,600,600,2000,600,0,0,0.9333333333333333,0.01604932843245177
2026-01-10 15:21:55,0.06,0.058268908123975824,601,650,650,2000,650,0,0,0.9338461538461539,0.01602355139314996
2026-01-10 15:21:56,0.06,0.058268908123975824,651,700,700,2000,700,0,0,0.9357142857142857,0.016011336231403574
2026-01-10 15:21:58,0.06,0.058268908123975824,701,750,750,2000,750,0,0,0.9373333333333334,0.016013416104304595
2026-01-10 15:22:00,0.06,0.058268908123975824,751,800,800,2000,800,0,0,0.94,0.01598349326408213
2026-01-10 15:22:02,0.06,0.058268908123975824,801,850,850,2000,850,0,0,0.9411764705882353,0.015985561227238123
2026-01-10 15:22:04,0.06,0.058268908123975824,851,900,900,2000,900,0,0,0.94,0.015968921972576645
2026-01-10 15:22:05,0.06,0.058268908123975824,901,950,950,2000,950,0,0,0.9410526315789474,0.01598264584487649
2026-01-10 15:22:07,0.06,0.058268908123975824,951,1000,1000,2000,1000,0,0,0.941,0.016007202989419902
2026-01-10 15:22:09,0.06,0.058268908123975824,1001,1050,1050,2000,1050,0,0,0.94,0.016021602453727832
2026-01-10 15:22:11,0.06,0.058268908123975824,1051,1100,1100,2000,1100,0,0,0.94,0.016041107681677137
2026-01-10 15:22:13,0.06,0.058268908123975824,1101,1150,1150,2000,1150,0,0,0.9391304347826087,0.016049806451250002
2026-01-10 15:22:15,0.06,0.058268908123975824,1151,1200,1200,2000,1200,0,0,0.94,0.016064094438724745
2026-01-10 15:22:16,0.06,0.058268908123975824,1201,1250,1250,2000,1250,0,0,0.9384,0.016059922099796155
2026-01-10 15:22:18,0.06,0.058268908123975824,1251,1300,1300,2000,1300,0,0,0.94,0.016050363365342237
2026-01-10 15:22:20,0.06,0.058268908123975824,1301,1350,1350,2000,1350,0,0,0.9385185185185185,0.016049986953362395
2026-01-10 15:22:21,0.06,0.058268908123975824,1351,1400,1400,2000,1400,0,0,0.94,0.016049225899304485
2026-01-10 15:22:23,0.06,0.058268908123975824,1401,1450,1450,2000,1450,0,0,0.94,0.01604367132337476
2026-01-10 15:22:25,0.06,0.058268908123975824,1451,1500,1500,2000,1500,0,0,0.9386666666666666,0.016056269471860684
2026-01-10 15:22:27,0.06,0.058268908123975824,1501,1550,1550,2000,1550,0,0,0.9367741935483871,0.01606150136739418
2026-01-10 15:22:29,0.06,0.058268908123975824,1551,1600,1600,2000,1600,0,0,0.936875,0.016037338079330936
2026-01-10 15:22:30,0.06,0.058268908123975824,1601,1650,1650,2000,1650,0,0,0.9375757575757576,0.01605073543765281
2026-01-10 15:22:32,0.06,0.058268908123975824,1651,1700,1700,2000,1700,0,0,0.9364705882352942,0.016055792773038594
2026-01-10 15:22:34,0.06,0.058268908123975824,1701,1750,1750,2000,1750,0,0,0.936,0.016071219823532237
2026-01-10 15:22:36,0.06,0.058268908123975824,1751,1800,1800,2000,1800,0,0,0.935,0.016080661721971933
2026-01-10 15:22:38,0.06,0.058268908123975824,1801,1850,1850,2000,1850,0,0,0.9345945945945946,0.016069078580206394
2026-01-10 15:22:40,0.06,0.058268908123975824,1851,1900,1900,2000,1900,0,0,0.9357894736842105,0.016061511059892
2026-01-10 15:22:41,0.06,0.058268908123975824,1901,1950,1950,2000,1950,0,0,0.936923076923077,0.01606873744081329
2026-01-10 15:22:43,0.06,0.058268908123975824,1951,2000,2000,2000,2000,0,0,0.936,0.016056398141710438
