"g","t","n_treat_pre","n_treat_post","n_control_pre","n_control_post","n_total","identifiable","reason"
24224,24224,1,1,16,17,35,TRUE,NA
24224,24225,1,1,16,17,35,TRUE,NA
24224,24226,1,1,16,17,35,TRUE,NA
24224,24227,1,1,16,17,35,TRUE,NA
24224,24228,1,1,16,17,35,TRUE,NA
24224,24229,1,1,16,17,35,TRUE,NA
24224,24230,1,1,16,17,35,TRUE,NA
24224,24231,1,1,16,17,35,TRUE,NA
24224,24232,1,1,16,17,35,TRUE,NA
24224,24233,1,1,16,17,35,TRUE,NA
24224,24234,1,1,16,17,35,TRUE,NA
24224,24235,1,1,16,17,35,TRUE,NA
24224,24236,1,1,16,17,35,TRUE,NA
24224,24237,1,1,16,17,35,TRUE,NA
24224,24238,1,1,16,17,35,TRUE,NA
24224,24239,1,1,16,17,35,TRUE,NA
24224,24240,1,1,16,17,35,TRUE,NA
24224,24241,1,1,16,20,38,TRUE,NA
24224,24242,1,1,16,20,38,TRUE,NA
24224,24243,1,1,16,20,38,TRUE,NA
24224,24244,1,1,16,20,38,TRUE,NA
24224,24245,1,1,16,20,38,TRUE,NA
24224,24246,1,1,16,20,38,TRUE,NA
24224,24247,1,1,16,20,38,TRUE,NA
24224,24248,1,1,16,20,38,TRUE,NA
24224,24249,1,0,16,20,37,FALSE,"n_treat_post=0"
24224,24250,1,0,16,20,37,FALSE,"n_treat_post=0"
24224,24251,1,0,16,20,37,FALSE,"n_treat_post=0"
24224,24252,1,0,16,20,37,FALSE,"n_treat_post=0"
24224,24253,1,0,16,21,38,FALSE,"n_treat_post=0"
24224,24254,1,0,16,21,38,FALSE,"n_treat_post=0"
24224,24255,1,0,16,21,38,FALSE,"n_treat_post=0"
24224,24256,1,0,16,21,38,FALSE,"n_treat_post=0"
24224,24257,1,0,16,21,38,FALSE,"n_treat_post=0"
24224,24258,1,0,16,21,38,FALSE,"n_treat_post=0"
24224,24259,1,0,16,21,38,FALSE,"n_treat_post=0"
24224,24260,1,0,16,21,38,FALSE,"n_treat_post=0"
24224,24261,1,0,16,21,38,FALSE,"n_treat_post=0"
24224,24262,1,0,16,21,38,FALSE,"n_treat_post=0"
24224,24263,1,0,16,21,38,FALSE,"n_treat_post=0"
24224,24264,1,0,16,21,38,FALSE,"n_treat_post=0"
24224,24265,1,0,16,21,38,FALSE,"n_treat_post=0"
24224,24266,1,0,16,21,38,FALSE,"n_treat_post=0"
24224,24267,1,0,16,21,38,FALSE,"n_treat_post=0"
24224,24268,1,0,16,21,38,FALSE,"n_treat_post=0"
24224,24269,1,0,16,21,38,FALSE,"n_treat_post=0"
24224,24270,1,0,16,21,38,FALSE,"n_treat_post=0"
24224,24271,1,0,16,21,38,FALSE,"n_treat_post=0"
24224,24272,1,0,16,21,38,FALSE,"n_treat_post=0"
24224,24273,1,0,16,21,38,FALSE,"n_treat_post=0"
24224,24274,1,0,16,20,37,FALSE,"n_treat_post=0"
24224,24275,1,0,16,20,37,FALSE,"n_treat_post=0"
24224,24276,1,0,16,20,37,FALSE,"n_treat_post=0"
24224,24277,1,0,16,20,37,FALSE,"n_treat_post=0"
24224,24278,1,0,16,18,35,FALSE,"n_treat_post=0"
24224,24279,1,0,16,18,35,FALSE,"n_treat_post=0"
24224,24280,1,0,16,18,35,FALSE,"n_treat_post=0"
24224,24281,1,0,16,18,35,FALSE,"n_treat_post=0"
24224,24282,1,0,16,18,35,FALSE,"n_treat_post=0"
24224,24283,1,0,16,17,34,FALSE,"n_treat_post=0"
24224,24284,1,0,16,17,34,FALSE,"n_treat_post=0"
24224,24285,1,0,16,17,34,FALSE,"n_treat_post=0"
24224,24286,1,0,16,17,34,FALSE,"n_treat_post=0"
24224,24287,1,0,16,17,34,FALSE,"n_treat_post=0"
24224,24288,1,0,16,17,34,FALSE,"n_treat_post=0"
24224,24289,1,0,16,17,34,FALSE,"n_treat_post=0"
24224,24290,1,0,16,16,33,FALSE,"n_treat_post=0"
24224,24291,1,0,16,16,33,FALSE,"n_treat_post=0"
24224,24292,1,0,16,15,32,FALSE,"n_treat_post=0"
24224,24293,1,0,16,15,32,FALSE,"n_treat_post=0"
24224,24294,1,0,16,15,32,FALSE,"n_treat_post=0"
24224,24295,1,0,16,15,32,FALSE,"n_treat_post=0"
24224,24296,1,0,16,15,32,FALSE,"n_treat_post=0"
24224,24297,1,0,16,15,32,FALSE,"n_treat_post=0"
24224,24298,1,0,16,15,32,FALSE,"n_treat_post=0"
24224,24299,1,0,16,15,32,FALSE,"n_treat_post=0"
24224,24300,1,0,16,15,32,FALSE,"n_treat_post=0"
24224,24301,1,0,16,15,32,FALSE,"n_treat_post=0"
24224,24302,1,0,16,15,32,FALSE,"n_treat_post=0"
24224,24303,1,0,16,15,32,FALSE,"n_treat_post=0"
24224,24304,1,0,16,15,32,FALSE,"n_treat_post=0"
24224,24305,1,0,16,15,32,FALSE,"n_treat_post=0"
24224,24306,1,0,16,14,31,FALSE,"n_treat_post=0"
24224,24307,1,0,16,13,30,FALSE,"n_treat_post=0"
24224,24308,1,0,16,13,30,FALSE,"n_treat_post=0"
24224,24309,1,0,16,13,30,FALSE,"n_treat_post=0"
24224,24310,1,0,16,1,18,FALSE,"n_treat_post=0"
24224,24311,1,0,16,1,18,FALSE,"n_treat_post=0"
24233,24233,1,1,17,17,36,TRUE,NA
24233,24234,1,1,17,17,36,TRUE,NA
24233,24235,1,1,17,17,36,TRUE,NA
24233,24236,1,1,17,17,36,TRUE,NA
24233,24237,1,1,17,17,36,TRUE,NA
24233,24238,1,1,17,17,36,TRUE,NA
24233,24239,1,1,17,17,36,TRUE,NA
24233,24240,1,1,17,17,36,TRUE,NA
24233,24241,1,1,17,20,39,TRUE,NA
24233,24242,1,1,17,20,39,TRUE,NA
24233,24243,1,1,17,20,39,TRUE,NA
24233,24244,1,1,17,20,39,TRUE,NA
24233,24245,1,1,17,20,39,TRUE,NA
24233,24246,1,1,17,20,39,TRUE,NA
24233,24247,1,1,17,20,39,TRUE,NA
24233,24248,1,1,17,20,39,TRUE,NA
24233,24249,1,1,17,20,39,TRUE,NA
24233,24250,1,1,17,20,39,TRUE,NA
24233,24251,1,1,17,20,39,TRUE,NA
24233,24252,1,1,17,20,39,TRUE,NA
24233,24253,1,1,17,21,40,TRUE,NA
24233,24254,1,1,17,21,40,TRUE,NA
24233,24255,1,1,17,21,40,TRUE,NA
24233,24256,1,1,17,21,40,TRUE,NA
24233,24257,1,1,17,21,40,TRUE,NA
24233,24258,1,0,17,21,39,FALSE,"n_treat_post=0"
24233,24259,1,0,17,21,39,FALSE,"n_treat_post=0"
24233,24260,1,0,17,21,39,FALSE,"n_treat_post=0"
24233,24261,1,0,17,21,39,FALSE,"n_treat_post=0"
24233,24262,1,0,17,21,39,FALSE,"n_treat_post=0"
24233,24263,1,0,17,21,39,FALSE,"n_treat_post=0"
24233,24264,1,0,17,21,39,FALSE,"n_treat_post=0"
24233,24265,1,0,17,21,39,FALSE,"n_treat_post=0"
24233,24266,1,0,17,21,39,FALSE,"n_treat_post=0"
24233,24267,1,0,17,21,39,FALSE,"n_treat_post=0"
24233,24268,1,0,17,21,39,FALSE,"n_treat_post=0"
24233,24269,1,0,17,21,39,FALSE,"n_treat_post=0"
24233,24270,1,0,17,21,39,FALSE,"n_treat_post=0"
24233,24271,1,0,17,21,39,FALSE,"n_treat_post=0"
24233,24272,1,0,17,21,39,FALSE,"n_treat_post=0"
24233,24273,1,0,17,21,39,FALSE,"n_treat_post=0"
24233,24274,1,0,17,20,38,FALSE,"n_treat_post=0"
24233,24275,1,0,17,20,38,FALSE,"n_treat_post=0"
24233,24276,1,0,17,20,38,FALSE,"n_treat_post=0"
24233,24277,1,0,17,20,38,FALSE,"n_treat_post=0"
24233,24278,1,0,17,18,36,FALSE,"n_treat_post=0"
24233,24279,1,0,17,18,36,FALSE,"n_treat_post=0"
24233,24280,1,0,17,18,36,FALSE,"n_treat_post=0"
24233,24281,1,0,17,18,36,FALSE,"n_treat_post=0"
24233,24282,1,0,17,18,36,FALSE,"n_treat_post=0"
24233,24283,1,0,17,17,35,FALSE,"n_treat_post=0"
24233,24284,1,0,17,17,35,FALSE,"n_treat_post=0"
24233,24285,1,0,17,17,35,FALSE,"n_treat_post=0"
24233,24286,1,0,17,17,35,FALSE,"n_treat_post=0"
24233,24287,1,0,17,17,35,FALSE,"n_treat_post=0"
24233,24288,1,0,17,17,35,FALSE,"n_treat_post=0"
24233,24289,1,0,17,17,35,FALSE,"n_treat_post=0"
24233,24290,1,0,17,16,34,FALSE,"n_treat_post=0"
24233,24291,1,0,17,16,34,FALSE,"n_treat_post=0"
24233,24292,1,0,17,15,33,FALSE,"n_treat_post=0"
24233,24293,1,0,17,15,33,FALSE,"n_treat_post=0"
24233,24294,1,0,17,15,33,FALSE,"n_treat_post=0"
24233,24295,1,0,17,15,33,FALSE,"n_treat_post=0"
24233,24296,1,0,17,15,33,FALSE,"n_treat_post=0"
24233,24297,1,0,17,15,33,FALSE,"n_treat_post=0"
24233,24298,1,0,17,15,33,FALSE,"n_treat_post=0"
24233,24299,1,0,17,15,33,FALSE,"n_treat_post=0"
24233,24300,1,0,17,15,33,FALSE,"n_treat_post=0"
24233,24301,1,0,17,15,33,FALSE,"n_treat_post=0"
24233,24302,1,0,17,15,33,FALSE,"n_treat_post=0"
24233,24303,1,0,17,15,33,FALSE,"n_treat_post=0"
24233,24304,1,0,17,15,33,FALSE,"n_treat_post=0"
24233,24305,1,0,17,15,33,FALSE,"n_treat_post=0"
24233,24306,1,0,17,14,32,FALSE,"n_treat_post=0"
24233,24307,1,0,17,13,31,FALSE,"n_treat_post=0"
24233,24308,1,0,17,13,31,FALSE,"n_treat_post=0"
24233,24309,1,0,17,13,31,FALSE,"n_treat_post=0"
24233,24310,1,0,17,1,19,FALSE,"n_treat_post=0"
24233,24311,1,0,17,1,19,FALSE,"n_treat_post=0"
24237,24237,1,1,17,17,36,TRUE,NA
24237,24238,1,1,17,17,36,TRUE,NA
24237,24239,1,1,17,17,36,TRUE,NA
24237,24240,1,1,17,17,36,TRUE,NA
24237,24241,1,0,17,20,38,FALSE,"n_treat_post=0"
24237,24242,1,0,17,20,38,FALSE,"n_treat_post=0"
24237,24243,1,0,17,20,38,FALSE,"n_treat_post=0"
24237,24244,1,0,17,20,38,FALSE,"n_treat_post=0"
24237,24245,1,0,17,20,38,FALSE,"n_treat_post=0"
24237,24246,1,0,17,20,38,FALSE,"n_treat_post=0"
24237,24247,1,0,17,20,38,FALSE,"n_treat_post=0"
24237,24248,1,0,17,20,38,FALSE,"n_treat_post=0"
24237,24249,1,0,17,20,38,FALSE,"n_treat_post=0"
24237,24250,1,0,17,20,38,FALSE,"n_treat_post=0"
24237,24251,1,0,17,20,38,FALSE,"n_treat_post=0"
24237,24252,1,0,17,20,38,FALSE,"n_treat_post=0"
24237,24253,1,0,17,21,39,FALSE,"n_treat_post=0"
24237,24254,1,0,17,21,39,FALSE,"n_treat_post=0"
24237,24255,1,0,17,21,39,FALSE,"n_treat_post=0"
24237,24256,1,0,17,21,39,FALSE,"n_treat_post=0"
24237,24257,1,0,17,21,39,FALSE,"n_treat_post=0"
24237,24258,1,0,17,21,39,FALSE,"n_treat_post=0"
24237,24259,1,0,17,21,39,FALSE,"n_treat_post=0"
24237,24260,1,0,17,21,39,FALSE,"n_treat_post=0"
24237,24261,1,0,17,21,39,FALSE,"n_treat_post=0"
24237,24262,1,0,17,21,39,FALSE,"n_treat_post=0"
24237,24263,1,0,17,21,39,FALSE,"n_treat_post=0"
24237,24264,1,0,17,21,39,FALSE,"n_treat_post=0"
24237,24265,1,0,17,21,39,FALSE,"n_treat_post=0"
24237,24266,1,0,17,21,39,FALSE,"n_treat_post=0"
24237,24267,1,0,17,21,39,FALSE,"n_treat_post=0"
24237,24268,1,0,17,21,39,FALSE,"n_treat_post=0"
24237,24269,1,0,17,21,39,FALSE,"n_treat_post=0"
24237,24270,1,0,17,21,39,FALSE,"n_treat_post=0"
24237,24271,1,0,17,21,39,FALSE,"n_treat_post=0"
24237,24272,1,0,17,21,39,FALSE,"n_treat_post=0"
24237,24273,1,0,17,21,39,FALSE,"n_treat_post=0"
24237,24274,1,0,17,20,38,FALSE,"n_treat_post=0"
24237,24275,1,0,17,20,38,FALSE,"n_treat_post=0"
24237,24276,1,0,17,20,38,FALSE,"n_treat_post=0"
24237,24277,1,0,17,20,38,FALSE,"n_treat_post=0"
24237,24278,1,0,17,18,36,FALSE,"n_treat_post=0"
24237,24279,1,0,17,18,36,FALSE,"n_treat_post=0"
24237,24280,1,0,17,18,36,FALSE,"n_treat_post=0"
24237,24281,1,0,17,18,36,FALSE,"n_treat_post=0"
24237,24282,1,0,17,18,36,FALSE,"n_treat_post=0"
24237,24283,1,0,17,17,35,FALSE,"n_treat_post=0"
24237,24284,1,0,17,17,35,FALSE,"n_treat_post=0"
24237,24285,1,0,17,17,35,FALSE,"n_treat_post=0"
24237,24286,1,0,17,17,35,FALSE,"n_treat_post=0"
24237,24287,1,0,17,17,35,FALSE,"n_treat_post=0"
24237,24288,1,0,17,17,35,FALSE,"n_treat_post=0"
24237,24289,1,0,17,17,35,FALSE,"n_treat_post=0"
24237,24290,1,0,17,16,34,FALSE,"n_treat_post=0"
24237,24291,1,0,17,16,34,FALSE,"n_treat_post=0"
24237,24292,1,0,17,15,33,FALSE,"n_treat_post=0"
24237,24293,1,0,17,15,33,FALSE,"n_treat_post=0"
24237,24294,1,0,17,15,33,FALSE,"n_treat_post=0"
24237,24295,1,0,17,15,33,FALSE,"n_treat_post=0"
24237,24296,1,0,17,15,33,FALSE,"n_treat_post=0"
24237,24297,1,0,17,15,33,FALSE,"n_treat_post=0"
24237,24298,1,0,17,15,33,FALSE,"n_treat_post=0"
24237,24299,1,0,17,15,33,FALSE,"n_treat_post=0"
24237,24300,1,0,17,15,33,FALSE,"n_treat_post=0"
24237,24301,1,0,17,15,33,FALSE,"n_treat_post=0"
24237,24302,1,0,17,15,33,FALSE,"n_treat_post=0"
24237,24303,1,0,17,15,33,FALSE,"n_treat_post=0"
24237,24304,1,0,17,15,33,FALSE,"n_treat_post=0"
24237,24305,1,0,17,15,33,FALSE,"n_treat_post=0"
24237,24306,1,0,17,14,32,FALSE,"n_treat_post=0"
24237,24307,1,0,17,13,31,FALSE,"n_treat_post=0"
24237,24308,1,0,17,13,31,FALSE,"n_treat_post=0"
24237,24309,1,0,17,13,31,FALSE,"n_treat_post=0"
24237,24310,1,0,17,1,19,FALSE,"n_treat_post=0"
24237,24311,1,0,17,1,19,FALSE,"n_treat_post=0"
24238,24238,1,1,17,17,36,TRUE,NA
24238,24239,1,1,17,17,36,TRUE,NA
24238,24240,1,1,17,17,36,TRUE,NA
24238,24241,1,1,17,20,39,TRUE,NA
24238,24242,1,1,17,20,39,TRUE,NA
24238,24243,1,1,17,20,39,TRUE,NA
24238,24244,1,1,17,20,39,TRUE,NA
24238,24245,1,1,17,20,39,TRUE,NA
24238,24246,1,1,17,20,39,TRUE,NA
24238,24247,1,1,17,20,39,TRUE,NA
24238,24248,1,1,17,20,39,TRUE,NA
24238,24249,1,1,17,20,39,TRUE,NA
24238,24250,1,1,17,20,39,TRUE,NA
24238,24251,1,1,17,20,39,TRUE,NA
24238,24252,1,1,17,20,39,TRUE,NA
24238,24253,1,1,17,21,40,TRUE,NA
24238,24254,1,1,17,21,40,TRUE,NA
24238,24255,1,1,17,21,40,TRUE,NA
24238,24256,1,1,17,21,40,TRUE,NA
24238,24257,1,1,17,21,40,TRUE,NA
24238,24258,1,1,17,21,40,TRUE,NA
24238,24259,1,1,17,21,40,TRUE,NA
24238,24260,1,1,17,21,40,TRUE,NA
24238,24261,1,1,17,21,40,TRUE,NA
24238,24262,1,1,17,21,40,TRUE,NA
24238,24263,1,0,17,21,39,FALSE,"n_treat_post=0"
24238,24264,1,0,17,21,39,FALSE,"n_treat_post=0"
24238,24265,1,0,17,21,39,FALSE,"n_treat_post=0"
24238,24266,1,0,17,21,39,FALSE,"n_treat_post=0"
24238,24267,1,0,17,21,39,FALSE,"n_treat_post=0"
24238,24268,1,0,17,21,39,FALSE,"n_treat_post=0"
24238,24269,1,0,17,21,39,FALSE,"n_treat_post=0"
24238,24270,1,0,17,21,39,FALSE,"n_treat_post=0"
24238,24271,1,0,17,21,39,FALSE,"n_treat_post=0"
24238,24272,1,0,17,21,39,FALSE,"n_treat_post=0"
24238,24273,1,0,17,21,39,FALSE,"n_treat_post=0"
24238,24274,1,0,17,20,38,FALSE,"n_treat_post=0"
24238,24275,1,0,17,20,38,FALSE,"n_treat_post=0"
24238,24276,1,0,17,20,38,FALSE,"n_treat_post=0"
24238,24277,1,0,17,20,38,FALSE,"n_treat_post=0"
24238,24278,1,0,17,18,36,FALSE,"n_treat_post=0"
24238,24279,1,0,17,18,36,FALSE,"n_treat_post=0"
24238,24280,1,0,17,18,36,FALSE,"n_treat_post=0"
24238,24281,1,0,17,18,36,FALSE,"n_treat_post=0"
24238,24282,1,0,17,18,36,FALSE,"n_treat_post=0"
24238,24283,1,0,17,17,35,FALSE,"n_treat_post=0"
24238,24284,1,0,17,17,35,FALSE,"n_treat_post=0"
24238,24285,1,0,17,17,35,FALSE,"n_treat_post=0"
24238,24286,1,0,17,17,35,FALSE,"n_treat_post=0"
24238,24287,1,0,17,17,35,FALSE,"n_treat_post=0"
24238,24288,1,0,17,17,35,FALSE,"n_treat_post=0"
24238,24289,1,0,17,17,35,FALSE,"n_treat_post=0"
24238,24290,1,0,17,16,34,FALSE,"n_treat_post=0"
24238,24291,1,0,17,16,34,FALSE,"n_treat_post=0"
24238,24292,1,0,17,15,33,FALSE,"n_treat_post=0"
24238,24293,1,0,17,15,33,FALSE,"n_treat_post=0"
24238,24294,1,0,17,15,33,FALSE,"n_treat_post=0"
24238,24295,1,0,17,15,33,FALSE,"n_treat_post=0"
24238,24296,1,0,17,15,33,FALSE,"n_treat_post=0"
24238,24297,1,0,17,15,33,FALSE,"n_treat_post=0"
24238,24298,1,0,17,15,33,FALSE,"n_treat_post=0"
24238,24299,1,0,17,15,33,FALSE,"n_treat_post=0"
24238,24300,1,0,17,15,33,FALSE,"n_treat_post=0"
24238,24301,1,0,17,15,33,FALSE,"n_treat_post=0"
24238,24302,1,0,17,15,33,FALSE,"n_treat_post=0"
24238,24303,1,0,17,15,33,FALSE,"n_treat_post=0"
24238,24304,1,0,17,15,33,FALSE,"n_treat_post=0"
24238,24305,1,0,17,15,33,FALSE,"n_treat_post=0"
24238,24306,1,0,17,14,32,FALSE,"n_treat_post=0"
24238,24307,1,0,17,13,31,FALSE,"n_treat_post=0"
24238,24308,1,0,17,13,31,FALSE,"n_treat_post=0"
24238,24309,1,0,17,13,31,FALSE,"n_treat_post=0"
24238,24310,1,0,17,1,19,FALSE,"n_treat_post=0"
24238,24311,1,0,17,1,19,FALSE,"n_treat_post=0"
24240,24240,1,1,17,17,36,TRUE,NA
24240,24241,1,1,17,20,39,TRUE,NA
24240,24242,1,1,17,20,39,TRUE,NA
24240,24243,1,1,17,20,39,TRUE,NA
24240,24244,1,1,17,20,39,TRUE,NA
24240,24245,1,1,17,20,39,TRUE,NA
24240,24246,1,1,17,20,39,TRUE,NA
24240,24247,1,1,17,20,39,TRUE,NA
24240,24248,1,1,17,20,39,TRUE,NA
24240,24249,1,1,17,20,39,TRUE,NA
24240,24250,1,1,17,20,39,TRUE,NA
24240,24251,1,1,17,20,39,TRUE,NA
24240,24252,1,1,17,20,39,TRUE,NA
24240,24253,1,1,17,21,40,TRUE,NA
24240,24254,1,1,17,21,40,TRUE,NA
24240,24255,1,1,17,21,40,TRUE,NA
24240,24256,1,1,17,21,40,TRUE,NA
24240,24257,1,1,17,21,40,TRUE,NA
24240,24258,1,1,17,21,40,TRUE,NA
24240,24259,1,1,17,21,40,TRUE,NA
24240,24260,1,1,17,21,40,TRUE,NA
24240,24261,1,1,17,21,40,TRUE,NA
24240,24262,1,1,17,21,40,TRUE,NA
24240,24263,1,1,17,21,40,TRUE,NA
24240,24264,1,1,17,21,40,TRUE,NA
24240,24265,1,0,17,21,39,FALSE,"n_treat_post=0"
24240,24266,1,0,17,21,39,FALSE,"n_treat_post=0"
24240,24267,1,0,17,21,39,FALSE,"n_treat_post=0"
24240,24268,1,0,17,21,39,FALSE,"n_treat_post=0"
24240,24269,1,0,17,21,39,FALSE,"n_treat_post=0"
24240,24270,1,0,17,21,39,FALSE,"n_treat_post=0"
24240,24271,1,0,17,21,39,FALSE,"n_treat_post=0"
24240,24272,1,0,17,21,39,FALSE,"n_treat_post=0"
24240,24273,1,0,17,21,39,FALSE,"n_treat_post=0"
24240,24274,1,0,17,20,38,FALSE,"n_treat_post=0"
24240,24275,1,0,17,20,38,FALSE,"n_treat_post=0"
24240,24276,1,0,17,20,38,FALSE,"n_treat_post=0"
24240,24277,1,0,17,20,38,FALSE,"n_treat_post=0"
24240,24278,1,0,17,18,36,FALSE,"n_treat_post=0"
24240,24279,1,0,17,18,36,FALSE,"n_treat_post=0"
24240,24280,1,0,17,18,36,FALSE,"n_treat_post=0"
24240,24281,1,0,17,18,36,FALSE,"n_treat_post=0"
24240,24282,1,0,17,18,36,FALSE,"n_treat_post=0"
24240,24283,1,0,17,17,35,FALSE,"n_treat_post=0"
24240,24284,1,0,17,17,35,FALSE,"n_treat_post=0"
24240,24285,1,0,17,17,35,FALSE,"n_treat_post=0"
24240,24286,1,0,17,17,35,FALSE,"n_treat_post=0"
24240,24287,1,0,17,17,35,FALSE,"n_treat_post=0"
24240,24288,1,0,17,17,35,FALSE,"n_treat_post=0"
24240,24289,1,0,17,17,35,FALSE,"n_treat_post=0"
24240,24290,1,0,17,16,34,FALSE,"n_treat_post=0"
24240,24291,1,0,17,16,34,FALSE,"n_treat_post=0"
24240,24292,1,0,17,15,33,FALSE,"n_treat_post=0"
24240,24293,1,0,17,15,33,FALSE,"n_treat_post=0"
24240,24294,1,0,17,15,33,FALSE,"n_treat_post=0"
24240,24295,1,0,17,15,33,FALSE,"n_treat_post=0"
24240,24296,1,0,17,15,33,FALSE,"n_treat_post=0"
24240,24297,1,0,17,15,33,FALSE,"n_treat_post=0"
24240,24298,1,0,17,15,33,FALSE,"n_treat_post=0"
24240,24299,1,0,17,15,33,FALSE,"n_treat_post=0"
24240,24300,1,0,17,15,33,FALSE,"n_treat_post=0"
24240,24301,1,0,17,15,33,FALSE,"n_treat_post=0"
24240,24302,1,0,17,15,33,FALSE,"n_treat_post=0"
24240,24303,1,0,17,15,33,FALSE,"n_treat_post=0"
24240,24304,1,0,17,15,33,FALSE,"n_treat_post=0"
24240,24305,1,0,17,15,33,FALSE,"n_treat_post=0"
24240,24306,1,0,17,14,32,FALSE,"n_treat_post=0"
24240,24307,1,0,17,13,31,FALSE,"n_treat_post=0"
24240,24308,1,0,17,13,31,FALSE,"n_treat_post=0"
24240,24309,1,0,17,13,31,FALSE,"n_treat_post=0"
24240,24310,1,0,17,1,19,FALSE,"n_treat_post=0"
24240,24311,1,0,17,1,19,FALSE,"n_treat_post=0"
24245,24245,1,1,20,20,42,TRUE,NA
24245,24246,1,1,20,20,42,TRUE,NA
24245,24247,1,1,20,20,42,TRUE,NA
24245,24248,1,1,20,20,42,TRUE,NA
24245,24249,1,1,20,20,42,TRUE,NA
24245,24250,1,1,20,20,42,TRUE,NA
24245,24251,1,1,20,20,42,TRUE,NA
24245,24252,1,1,20,20,42,TRUE,NA
24245,24253,1,1,20,21,43,TRUE,NA
24245,24254,1,1,20,21,43,TRUE,NA
24245,24255,1,1,20,21,43,TRUE,NA
24245,24256,1,1,20,21,43,TRUE,NA
24245,24257,1,1,20,21,43,TRUE,NA
24245,24258,1,1,20,21,43,TRUE,NA
24245,24259,1,1,20,21,43,TRUE,NA
24245,24260,1,1,20,21,43,TRUE,NA
24245,24261,1,1,20,21,43,TRUE,NA
24245,24262,1,1,20,21,43,TRUE,NA
24245,24263,1,1,20,21,43,TRUE,NA
24245,24264,1,1,20,21,43,TRUE,NA
24245,24265,1,1,20,21,43,TRUE,NA
24245,24266,1,1,20,21,43,TRUE,NA
24245,24267,1,1,20,21,43,TRUE,NA
24245,24268,1,1,20,21,43,TRUE,NA
24245,24269,1,1,20,21,43,TRUE,NA
24245,24270,1,0,20,21,42,FALSE,"n_treat_post=0"
24245,24271,1,0,20,21,42,FALSE,"n_treat_post=0"
24245,24272,1,0,20,21,42,FALSE,"n_treat_post=0"
24245,24273,1,0,20,21,42,FALSE,"n_treat_post=0"
24245,24274,1,0,20,20,41,FALSE,"n_treat_post=0"
24245,24275,1,0,20,20,41,FALSE,"n_treat_post=0"
24245,24276,1,0,20,20,41,FALSE,"n_treat_post=0"
24245,24277,1,0,20,20,41,FALSE,"n_treat_post=0"
24245,24278,1,0,20,18,39,FALSE,"n_treat_post=0"
24245,24279,1,0,20,18,39,FALSE,"n_treat_post=0"
24245,24280,1,0,20,18,39,FALSE,"n_treat_post=0"
24245,24281,1,0,20,18,39,FALSE,"n_treat_post=0"
24245,24282,1,0,20,18,39,FALSE,"n_treat_post=0"
24245,24283,1,0,20,17,38,FALSE,"n_treat_post=0"
24245,24284,1,0,20,17,38,FALSE,"n_treat_post=0"
24245,24285,1,0,20,17,38,FALSE,"n_treat_post=0"
24245,24286,1,0,20,17,38,FALSE,"n_treat_post=0"
24245,24287,1,0,20,17,38,FALSE,"n_treat_post=0"
24245,24288,1,0,20,17,38,FALSE,"n_treat_post=0"
24245,24289,1,0,20,17,38,FALSE,"n_treat_post=0"
24245,24290,1,0,20,16,37,FALSE,"n_treat_post=0"
24245,24291,1,0,20,16,37,FALSE,"n_treat_post=0"
24245,24292,1,0,20,15,36,FALSE,"n_treat_post=0"
24245,24293,1,0,20,15,36,FALSE,"n_treat_post=0"
24245,24294,1,0,20,15,36,FALSE,"n_treat_post=0"
24245,24295,1,0,20,15,36,FALSE,"n_treat_post=0"
24245,24296,1,0,20,15,36,FALSE,"n_treat_post=0"
24245,24297,1,0,20,15,36,FALSE,"n_treat_post=0"
24245,24298,1,0,20,15,36,FALSE,"n_treat_post=0"
24245,24299,1,0,20,15,36,FALSE,"n_treat_post=0"
24245,24300,1,0,20,15,36,FALSE,"n_treat_post=0"
24245,24301,1,0,20,15,36,FALSE,"n_treat_post=0"
24245,24302,1,0,20,15,36,FALSE,"n_treat_post=0"
24245,24303,1,0,20,15,36,FALSE,"n_treat_post=0"
24245,24304,1,0,20,15,36,FALSE,"n_treat_post=0"
24245,24305,1,0,20,15,36,FALSE,"n_treat_post=0"
24245,24306,1,0,20,14,35,FALSE,"n_treat_post=0"
24245,24307,1,0,20,13,34,FALSE,"n_treat_post=0"
24245,24308,1,0,20,13,34,FALSE,"n_treat_post=0"
24245,24309,1,0,20,13,34,FALSE,"n_treat_post=0"
24245,24310,1,0,20,1,22,FALSE,"n_treat_post=0"
24245,24311,1,0,20,1,22,FALSE,"n_treat_post=0"
24251,24251,1,1,20,20,42,TRUE,NA
24251,24252,1,1,20,20,42,TRUE,NA
24251,24253,1,1,20,21,43,TRUE,NA
24251,24254,1,1,20,21,43,TRUE,NA
24251,24255,1,1,20,21,43,TRUE,NA
24251,24256,1,1,20,21,43,TRUE,NA
24251,24257,1,1,20,21,43,TRUE,NA
24251,24258,1,1,20,21,43,TRUE,NA
24251,24259,1,1,20,21,43,TRUE,NA
24251,24260,1,1,20,21,43,TRUE,NA
24251,24261,1,1,20,21,43,TRUE,NA
24251,24262,1,1,20,21,43,TRUE,NA
24251,24263,1,1,20,21,43,TRUE,NA
24251,24264,1,1,20,21,43,TRUE,NA
24251,24265,1,1,20,21,43,TRUE,NA
24251,24266,1,1,20,21,43,TRUE,NA
24251,24267,1,1,20,21,43,TRUE,NA
24251,24268,1,1,20,21,43,TRUE,NA
24251,24269,1,1,20,21,43,TRUE,NA
24251,24270,1,1,20,21,43,TRUE,NA
24251,24271,1,1,20,21,43,TRUE,NA
24251,24272,1,1,20,21,43,TRUE,NA
24251,24273,1,1,20,21,43,TRUE,NA
24251,24274,1,1,20,20,42,TRUE,NA
24251,24275,1,1,20,20,42,TRUE,NA
24251,24276,1,0,20,20,41,FALSE,"n_treat_post=0"
24251,24277,1,0,20,20,41,FALSE,"n_treat_post=0"
24251,24278,1,0,20,18,39,FALSE,"n_treat_post=0"
24251,24279,1,0,20,18,39,FALSE,"n_treat_post=0"
24251,24280,1,0,20,18,39,FALSE,"n_treat_post=0"
24251,24281,1,0,20,18,39,FALSE,"n_treat_post=0"
24251,24282,1,0,20,18,39,FALSE,"n_treat_post=0"
24251,24283,1,0,20,17,38,FALSE,"n_treat_post=0"
24251,24284,1,0,20,17,38,FALSE,"n_treat_post=0"
24251,24285,1,0,20,17,38,FALSE,"n_treat_post=0"
24251,24286,1,0,20,17,38,FALSE,"n_treat_post=0"
24251,24287,1,0,20,17,38,FALSE,"n_treat_post=0"
24251,24288,1,0,20,17,38,FALSE,"n_treat_post=0"
24251,24289,1,0,20,17,38,FALSE,"n_treat_post=0"
24251,24290,1,0,20,16,37,FALSE,"n_treat_post=0"
24251,24291,1,0,20,16,37,FALSE,"n_treat_post=0"
24251,24292,1,0,20,15,36,FALSE,"n_treat_post=0"
24251,24293,1,0,20,15,36,FALSE,"n_treat_post=0"
24251,24294,1,0,20,15,36,FALSE,"n_treat_post=0"
24251,24295,1,0,20,15,36,FALSE,"n_treat_post=0"
24251,24296,1,0,20,15,36,FALSE,"n_treat_post=0"
24251,24297,1,0,20,15,36,FALSE,"n_treat_post=0"
24251,24298,1,0,20,15,36,FALSE,"n_treat_post=0"
24251,24299,1,0,20,15,36,FALSE,"n_treat_post=0"
24251,24300,1,0,20,15,36,FALSE,"n_treat_post=0"
24251,24301,1,0,20,15,36,FALSE,"n_treat_post=0"
24251,24302,1,0,20,15,36,FALSE,"n_treat_post=0"
24251,24303,1,0,20,15,36,FALSE,"n_treat_post=0"
24251,24304,1,0,20,15,36,FALSE,"n_treat_post=0"
24251,24305,1,0,20,15,36,FALSE,"n_treat_post=0"
24251,24306,1,0,20,14,35,FALSE,"n_treat_post=0"
24251,24307,1,0,20,13,34,FALSE,"n_treat_post=0"
24251,24308,1,0,20,13,34,FALSE,"n_treat_post=0"
24251,24309,1,0,20,13,34,FALSE,"n_treat_post=0"
24251,24310,1,0,20,1,22,FALSE,"n_treat_post=0"
24251,24311,1,0,20,1,22,FALSE,"n_treat_post=0"
24253,24253,1,1,20,21,43,TRUE,NA
24253,24254,1,1,20,21,43,TRUE,NA
24253,24255,1,1,20,21,43,TRUE,NA
24253,24256,1,1,20,21,43,TRUE,NA
24253,24257,1,1,20,21,43,TRUE,NA
24253,24258,1,1,20,21,43,TRUE,NA
24253,24259,1,1,20,21,43,TRUE,NA
24253,24260,1,1,20,21,43,TRUE,NA
24253,24261,1,1,20,21,43,TRUE,NA
24253,24262,1,1,20,21,43,TRUE,NA
24253,24263,1,1,20,21,43,TRUE,NA
24253,24264,1,1,20,21,43,TRUE,NA
24253,24265,1,1,20,21,43,TRUE,NA
24253,24266,1,1,20,21,43,TRUE,NA
24253,24267,1,1,20,21,43,TRUE,NA
24253,24268,1,1,20,21,43,TRUE,NA
24253,24269,1,1,20,21,43,TRUE,NA
24253,24270,1,1,20,21,43,TRUE,NA
24253,24271,1,1,20,21,43,TRUE,NA
24253,24272,1,1,20,21,43,TRUE,NA
24253,24273,1,1,20,21,43,TRUE,NA
24253,24274,1,1,20,20,42,TRUE,NA
24253,24275,1,1,20,20,42,TRUE,NA
24253,24276,1,1,20,20,42,TRUE,NA
24253,24277,1,1,20,20,42,TRUE,NA
24253,24278,1,0,20,18,39,FALSE,"n_treat_post=0"
24253,24279,1,0,20,18,39,FALSE,"n_treat_post=0"
24253,24280,1,0,20,18,39,FALSE,"n_treat_post=0"
24253,24281,1,0,20,18,39,FALSE,"n_treat_post=0"
24253,24282,1,0,20,18,39,FALSE,"n_treat_post=0"
24253,24283,1,0,20,17,38,FALSE,"n_treat_post=0"
24253,24284,1,0,20,17,38,FALSE,"n_treat_post=0"
24253,24285,1,0,20,17,38,FALSE,"n_treat_post=0"
24253,24286,1,0,20,17,38,FALSE,"n_treat_post=0"
24253,24287,1,0,20,17,38,FALSE,"n_treat_post=0"
24253,24288,1,0,20,17,38,FALSE,"n_treat_post=0"
24253,24289,1,0,20,17,38,FALSE,"n_treat_post=0"
24253,24290,1,0,20,16,37,FALSE,"n_treat_post=0"
24253,24291,1,0,20,16,37,FALSE,"n_treat_post=0"
24253,24292,1,0,20,15,36,FALSE,"n_treat_post=0"
24253,24293,1,0,20,15,36,FALSE,"n_treat_post=0"
24253,24294,1,0,20,15,36,FALSE,"n_treat_post=0"
24253,24295,1,0,20,15,36,FALSE,"n_treat_post=0"
24253,24296,1,0,20,15,36,FALSE,"n_treat_post=0"
24253,24297,1,0,20,15,36,FALSE,"n_treat_post=0"
24253,24298,1,0,20,15,36,FALSE,"n_treat_post=0"
24253,24299,1,0,20,15,36,FALSE,"n_treat_post=0"
24253,24300,1,0,20,15,36,FALSE,"n_treat_post=0"
24253,24301,1,0,20,15,36,FALSE,"n_treat_post=0"
24253,24302,1,0,20,15,36,FALSE,"n_treat_post=0"
24253,24303,1,0,20,15,36,FALSE,"n_treat_post=0"
24253,24304,1,0,20,15,36,FALSE,"n_treat_post=0"
24253,24305,1,0,20,15,36,FALSE,"n_treat_post=0"
24253,24306,1,0,20,14,35,FALSE,"n_treat_post=0"
24253,24307,1,0,20,13,34,FALSE,"n_treat_post=0"
24253,24308,1,0,20,13,34,FALSE,"n_treat_post=0"
24253,24309,1,0,20,13,34,FALSE,"n_treat_post=0"
24253,24310,1,0,20,1,22,FALSE,"n_treat_post=0"
24253,24311,1,0,20,1,22,FALSE,"n_treat_post=0"
24261,24261,1,1,21,21,44,TRUE,NA
24261,24262,1,1,21,21,44,TRUE,NA
24261,24263,1,1,21,21,44,TRUE,NA
24261,24264,1,1,21,21,44,TRUE,NA
24261,24265,1,1,21,21,44,TRUE,NA
24261,24266,1,1,21,21,44,TRUE,NA
24261,24267,1,1,21,21,44,TRUE,NA
24261,24268,1,1,21,21,44,TRUE,NA
24261,24269,1,1,21,21,44,TRUE,NA
24261,24270,1,1,21,21,44,TRUE,NA
24261,24271,1,1,21,21,44,TRUE,NA
24261,24272,1,1,21,21,44,TRUE,NA
24261,24273,1,1,21,21,44,TRUE,NA
24261,24274,1,1,21,20,43,TRUE,NA
24261,24275,1,1,21,20,43,TRUE,NA
24261,24276,1,1,21,20,43,TRUE,NA
24261,24277,1,1,21,20,43,TRUE,NA
24261,24278,1,1,21,18,41,TRUE,NA
24261,24279,1,1,21,18,41,TRUE,NA
24261,24280,1,1,21,18,41,TRUE,NA
24261,24281,1,1,21,18,41,TRUE,NA
24261,24282,1,1,21,18,41,TRUE,NA
24261,24283,1,1,21,17,40,TRUE,NA
24261,24284,1,1,21,17,40,TRUE,NA
24261,24285,1,1,21,17,40,TRUE,NA
24261,24286,1,0,21,17,39,FALSE,"n_treat_post=0"
24261,24287,1,0,21,17,39,FALSE,"n_treat_post=0"
24261,24288,1,0,21,17,39,FALSE,"n_treat_post=0"
24261,24289,1,0,21,17,39,FALSE,"n_treat_post=0"
24261,24290,1,0,21,16,38,FALSE,"n_treat_post=0"
24261,24291,1,0,21,16,38,FALSE,"n_treat_post=0"
24261,24292,1,0,21,15,37,FALSE,"n_treat_post=0"
24261,24293,1,0,21,15,37,FALSE,"n_treat_post=0"
24261,24294,1,0,21,15,37,FALSE,"n_treat_post=0"
24261,24295,1,0,21,15,37,FALSE,"n_treat_post=0"
24261,24296,1,0,21,15,37,FALSE,"n_treat_post=0"
24261,24297,1,0,21,15,37,FALSE,"n_treat_post=0"
24261,24298,1,0,21,15,37,FALSE,"n_treat_post=0"
24261,24299,1,0,21,15,37,FALSE,"n_treat_post=0"
24261,24300,1,0,21,15,37,FALSE,"n_treat_post=0"
24261,24301,1,0,21,15,37,FALSE,"n_treat_post=0"
24261,24302,1,0,21,15,37,FALSE,"n_treat_post=0"
24261,24303,1,0,21,15,37,FALSE,"n_treat_post=0"
24261,24304,1,0,21,15,37,FALSE,"n_treat_post=0"
24261,24305,1,0,21,15,37,FALSE,"n_treat_post=0"
24261,24306,1,0,21,14,36,FALSE,"n_treat_post=0"
24261,24307,1,0,21,13,35,FALSE,"n_treat_post=0"
24261,24308,1,0,21,13,35,FALSE,"n_treat_post=0"
24261,24309,1,0,21,13,35,FALSE,"n_treat_post=0"
24261,24310,1,0,21,1,23,FALSE,"n_treat_post=0"
24261,24311,1,0,21,1,23,FALSE,"n_treat_post=0"
24262,24262,1,1,21,21,44,TRUE,NA
24262,24263,1,1,21,21,44,TRUE,NA
24262,24264,1,1,21,21,44,TRUE,NA
24262,24265,1,1,21,21,44,TRUE,NA
24262,24266,1,1,21,21,44,TRUE,NA
24262,24267,1,1,21,21,44,TRUE,NA
24262,24268,1,1,21,21,44,TRUE,NA
24262,24269,1,1,21,21,44,TRUE,NA
24262,24270,1,1,21,21,44,TRUE,NA
24262,24271,1,1,21,21,44,TRUE,NA
24262,24272,1,1,21,21,44,TRUE,NA
24262,24273,1,1,21,21,44,TRUE,NA
24262,24274,1,1,21,20,43,TRUE,NA
24262,24275,1,1,21,20,43,TRUE,NA
24262,24276,1,1,21,20,43,TRUE,NA
24262,24277,1,1,21,20,43,TRUE,NA
24262,24278,1,1,21,18,41,TRUE,NA
24262,24279,1,1,21,18,41,TRUE,NA
24262,24280,1,1,21,18,41,TRUE,NA
24262,24281,1,1,21,18,41,TRUE,NA
24262,24282,1,1,21,18,41,TRUE,NA
24262,24283,1,1,21,17,40,TRUE,NA
24262,24284,1,1,21,17,40,TRUE,NA
24262,24285,1,1,21,17,40,TRUE,NA
24262,24286,1,1,21,17,40,TRUE,NA
24262,24287,1,0,21,17,39,FALSE,"n_treat_post=0"
24262,24288,1,0,21,17,39,FALSE,"n_treat_post=0"
24262,24289,1,0,21,17,39,FALSE,"n_treat_post=0"
24262,24290,1,0,21,16,38,FALSE,"n_treat_post=0"
24262,24291,1,0,21,16,38,FALSE,"n_treat_post=0"
24262,24292,1,0,21,15,37,FALSE,"n_treat_post=0"
24262,24293,1,0,21,15,37,FALSE,"n_treat_post=0"
24262,24294,1,0,21,15,37,FALSE,"n_treat_post=0"
24262,24295,1,0,21,15,37,FALSE,"n_treat_post=0"
24262,24296,1,0,21,15,37,FALSE,"n_treat_post=0"
24262,24297,1,0,21,15,37,FALSE,"n_treat_post=0"
24262,24298,1,0,21,15,37,FALSE,"n_treat_post=0"
24262,24299,1,0,21,15,37,FALSE,"n_treat_post=0"
24262,24300,1,0,21,15,37,FALSE,"n_treat_post=0"
24262,24301,1,0,21,15,37,FALSE,"n_treat_post=0"
24262,24302,1,0,21,15,37,FALSE,"n_treat_post=0"
24262,24303,1,0,21,15,37,FALSE,"n_treat_post=0"
24262,24304,1,0,21,15,37,FALSE,"n_treat_post=0"
24262,24305,1,0,21,15,37,FALSE,"n_treat_post=0"
24262,24306,1,0,21,14,36,FALSE,"n_treat_post=0"
24262,24307,1,0,21,13,35,FALSE,"n_treat_post=0"
24262,24308,1,0,21,13,35,FALSE,"n_treat_post=0"
24262,24309,1,0,21,13,35,FALSE,"n_treat_post=0"
24262,24310,1,0,21,1,23,FALSE,"n_treat_post=0"
24262,24311,1,0,21,1,23,FALSE,"n_treat_post=0"
24265,24265,2,2,21,21,46,TRUE,NA
24265,24266,2,2,21,21,46,TRUE,NA
24265,24267,2,2,21,21,46,TRUE,NA
24265,24268,2,2,21,21,46,TRUE,NA
24265,24269,2,2,21,21,46,TRUE,NA
24265,24270,2,2,21,21,46,TRUE,NA
24265,24271,2,2,21,21,46,TRUE,NA
24265,24272,2,2,21,21,46,TRUE,NA
24265,24273,2,2,21,21,46,TRUE,NA
24265,24274,2,2,21,20,45,TRUE,NA
24265,24275,2,2,21,20,45,TRUE,NA
24265,24276,2,2,21,20,45,TRUE,NA
24265,24277,2,2,21,20,45,TRUE,NA
24265,24278,2,2,21,18,43,TRUE,NA
24265,24279,2,2,21,18,43,TRUE,NA
24265,24280,2,2,21,18,43,TRUE,NA
24265,24281,2,2,21,18,43,TRUE,NA
24265,24282,2,2,21,18,43,TRUE,NA
24265,24283,2,2,21,17,42,TRUE,NA
24265,24284,2,2,21,17,42,TRUE,NA
24265,24285,2,2,21,17,42,TRUE,NA
24265,24286,2,2,21,17,42,TRUE,NA
24265,24287,2,2,21,17,42,TRUE,NA
24265,24288,2,2,21,17,42,TRUE,NA
24265,24289,2,2,21,17,42,TRUE,NA
24265,24290,2,0,21,16,39,FALSE,"n_treat_post=0"
24265,24291,2,0,21,16,39,FALSE,"n_treat_post=0"
24265,24292,2,0,21,15,38,FALSE,"n_treat_post=0"
24265,24293,2,0,21,15,38,FALSE,"n_treat_post=0"
24265,24294,2,0,21,15,38,FALSE,"n_treat_post=0"
24265,24295,2,0,21,15,38,FALSE,"n_treat_post=0"
24265,24296,2,0,21,15,38,FALSE,"n_treat_post=0"
24265,24297,2,0,21,15,38,FALSE,"n_treat_post=0"
24265,24298,2,0,21,15,38,FALSE,"n_treat_post=0"
24265,24299,2,0,21,15,38,FALSE,"n_treat_post=0"
24265,24300,2,0,21,15,38,FALSE,"n_treat_post=0"
24265,24301,2,0,21,15,38,FALSE,"n_treat_post=0"
24265,24302,2,0,21,15,38,FALSE,"n_treat_post=0"
24265,24303,2,0,21,15,38,FALSE,"n_treat_post=0"
24265,24304,2,0,21,15,38,FALSE,"n_treat_post=0"
24265,24305,2,0,21,15,38,FALSE,"n_treat_post=0"
24265,24306,2,0,21,14,37,FALSE,"n_treat_post=0"
24265,24307,2,0,21,13,36,FALSE,"n_treat_post=0"
24265,24308,2,0,21,13,36,FALSE,"n_treat_post=0"
24265,24309,2,0,21,13,36,FALSE,"n_treat_post=0"
24265,24310,2,0,21,1,24,FALSE,"n_treat_post=0"
24265,24311,2,0,21,1,24,FALSE,"n_treat_post=0"
24267,24267,1,1,21,21,44,TRUE,NA
24267,24268,1,1,21,21,44,TRUE,NA
24267,24269,1,1,21,21,44,TRUE,NA
24267,24270,1,1,21,21,44,TRUE,NA
24267,24271,1,1,21,21,44,TRUE,NA
24267,24272,1,1,21,21,44,TRUE,NA
24267,24273,1,1,21,21,44,TRUE,NA
24267,24274,1,1,21,20,43,TRUE,NA
24267,24275,1,1,21,20,43,TRUE,NA
24267,24276,1,1,21,20,43,TRUE,NA
24267,24277,1,1,21,20,43,TRUE,NA
24267,24278,1,1,21,18,41,TRUE,NA
24267,24279,1,1,21,18,41,TRUE,NA
24267,24280,1,1,21,18,41,TRUE,NA
24267,24281,1,1,21,18,41,TRUE,NA
24267,24282,1,1,21,18,41,TRUE,NA
24267,24283,1,1,21,17,40,TRUE,NA
24267,24284,1,1,21,17,40,TRUE,NA
24267,24285,1,1,21,17,40,TRUE,NA
24267,24286,1,1,21,17,40,TRUE,NA
24267,24287,1,1,21,17,40,TRUE,NA
24267,24288,1,1,21,17,40,TRUE,NA
24267,24289,1,1,21,17,40,TRUE,NA
24267,24290,1,1,21,16,39,TRUE,NA
24267,24291,1,1,21,16,39,TRUE,NA
24267,24292,1,0,21,15,37,FALSE,"n_treat_post=0"
24267,24293,1,0,21,15,37,FALSE,"n_treat_post=0"
24267,24294,1,0,21,15,37,FALSE,"n_treat_post=0"
24267,24295,1,0,21,15,37,FALSE,"n_treat_post=0"
24267,24296,1,0,21,15,37,FALSE,"n_treat_post=0"
24267,24297,1,0,21,15,37,FALSE,"n_treat_post=0"
24267,24298,1,0,21,15,37,FALSE,"n_treat_post=0"
24267,24299,1,0,21,15,37,FALSE,"n_treat_post=0"
24267,24300,1,0,21,15,37,FALSE,"n_treat_post=0"
24267,24301,1,0,21,15,37,FALSE,"n_treat_post=0"
24267,24302,1,0,21,15,37,FALSE,"n_treat_post=0"
24267,24303,1,0,21,15,37,FALSE,"n_treat_post=0"
24267,24304,1,0,21,15,37,FALSE,"n_treat_post=0"
24267,24305,1,0,21,15,37,FALSE,"n_treat_post=0"
24267,24306,1,0,21,14,36,FALSE,"n_treat_post=0"
24267,24307,1,0,21,13,35,FALSE,"n_treat_post=0"
24267,24308,1,0,21,13,35,FALSE,"n_treat_post=0"
24267,24309,1,0,21,13,35,FALSE,"n_treat_post=0"
24267,24310,1,0,21,1,23,FALSE,"n_treat_post=0"
24267,24311,1,0,21,1,23,FALSE,"n_treat_post=0"
24273,24273,1,1,21,21,44,TRUE,NA
24273,24274,1,1,21,20,43,TRUE,NA
24273,24275,1,1,21,20,43,TRUE,NA
24273,24276,1,1,21,20,43,TRUE,NA
24273,24277,1,1,21,20,43,TRUE,NA
24273,24278,1,1,21,18,41,TRUE,NA
24273,24279,1,1,21,18,41,TRUE,NA
24273,24280,1,1,21,18,41,TRUE,NA
24273,24281,1,1,21,18,41,TRUE,NA
24273,24282,1,1,21,18,41,TRUE,NA
24273,24283,1,1,21,17,40,TRUE,NA
24273,24284,1,1,21,17,40,TRUE,NA
24273,24285,1,1,21,17,40,TRUE,NA
24273,24286,1,1,21,17,40,TRUE,NA
24273,24287,1,1,21,17,40,TRUE,NA
24273,24288,1,1,21,17,40,TRUE,NA
24273,24289,1,1,21,17,40,TRUE,NA
24273,24290,1,1,21,16,39,TRUE,NA
24273,24291,1,1,21,16,39,TRUE,NA
24273,24292,1,1,21,15,38,TRUE,NA
24273,24293,1,1,21,15,38,TRUE,NA
24273,24294,1,1,21,15,38,TRUE,NA
24273,24295,1,1,21,15,38,TRUE,NA
24273,24296,1,1,21,15,38,TRUE,NA
24273,24297,1,1,21,15,38,TRUE,NA
24273,24298,1,0,21,15,37,FALSE,"n_treat_post=0"
24273,24299,1,0,21,15,37,FALSE,"n_treat_post=0"
24273,24300,1,0,21,15,37,FALSE,"n_treat_post=0"
24273,24301,1,0,21,15,37,FALSE,"n_treat_post=0"
24273,24302,1,0,21,15,37,FALSE,"n_treat_post=0"
24273,24303,1,0,21,15,37,FALSE,"n_treat_post=0"
24273,24304,1,0,21,15,37,FALSE,"n_treat_post=0"
24273,24305,1,0,21,15,37,FALSE,"n_treat_post=0"
24273,24306,1,0,21,14,36,FALSE,"n_treat_post=0"
24273,24307,1,0,21,13,35,FALSE,"n_treat_post=0"
24273,24308,1,0,21,13,35,FALSE,"n_treat_post=0"
24273,24309,1,0,21,13,35,FALSE,"n_treat_post=0"
24273,24310,1,0,21,1,23,FALSE,"n_treat_post=0"
24273,24311,1,0,21,1,23,FALSE,"n_treat_post=0"
24277,24277,1,1,20,20,42,TRUE,NA
24277,24278,1,1,20,18,40,TRUE,NA
24277,24279,1,1,20,18,40,TRUE,NA
24277,24280,1,1,20,18,40,TRUE,NA
24277,24281,1,1,20,18,40,TRUE,NA
24277,24282,1,1,20,18,40,TRUE,NA
24277,24283,1,1,20,17,39,TRUE,NA
24277,24284,1,1,20,17,39,TRUE,NA
24277,24285,1,1,20,17,39,TRUE,NA
24277,24286,1,1,20,17,39,TRUE,NA
24277,24287,1,1,20,17,39,TRUE,NA
24277,24288,1,1,20,17,39,TRUE,NA
24277,24289,1,1,20,17,39,TRUE,NA
24277,24290,1,1,20,16,38,TRUE,NA
24277,24291,1,1,20,16,38,TRUE,NA
24277,24292,1,1,20,15,37,TRUE,NA
24277,24293,1,1,20,15,37,TRUE,NA
24277,24294,1,1,20,15,37,TRUE,NA
24277,24295,1,1,20,15,37,TRUE,NA
24277,24296,1,1,20,15,37,TRUE,NA
24277,24297,1,1,20,15,37,TRUE,NA
24277,24298,1,1,20,15,37,TRUE,NA
24277,24299,1,1,20,15,37,TRUE,NA
24277,24300,1,1,20,15,37,TRUE,NA
24277,24301,1,1,20,15,37,TRUE,NA
24277,24302,1,0,20,15,36,FALSE,"n_treat_post=0"
24277,24303,1,0,20,15,36,FALSE,"n_treat_post=0"
24277,24304,1,0,20,15,36,FALSE,"n_treat_post=0"
24277,24305,1,0,20,15,36,FALSE,"n_treat_post=0"
24277,24306,1,0,20,14,35,FALSE,"n_treat_post=0"
24277,24307,1,0,20,13,34,FALSE,"n_treat_post=0"
24277,24308,1,0,20,13,34,FALSE,"n_treat_post=0"
24277,24309,1,0,20,13,34,FALSE,"n_treat_post=0"
24277,24310,1,0,20,1,22,FALSE,"n_treat_post=0"
24277,24311,1,0,20,1,22,FALSE,"n_treat_post=0"
24279,24279,1,1,18,18,38,TRUE,NA
24279,24280,1,1,18,18,38,TRUE,NA
24279,24281,1,1,18,18,38,TRUE,NA
24279,24282,1,1,18,18,38,TRUE,NA
24279,24283,1,1,18,17,37,TRUE,NA
24279,24284,1,1,18,17,37,TRUE,NA
24279,24285,1,1,18,17,37,TRUE,NA
24279,24286,1,1,18,17,37,TRUE,NA
24279,24287,1,1,18,17,37,TRUE,NA
24279,24288,1,0,18,17,36,FALSE,"n_treat_post=0"
24279,24289,1,0,18,17,36,FALSE,"n_treat_post=0"
24279,24290,1,0,18,16,35,FALSE,"n_treat_post=0"
24279,24291,1,0,18,16,35,FALSE,"n_treat_post=0"
24279,24292,1,0,18,15,34,FALSE,"n_treat_post=0"
24279,24293,1,0,18,15,34,FALSE,"n_treat_post=0"
24279,24294,1,0,18,15,34,FALSE,"n_treat_post=0"
24279,24295,1,0,18,15,34,FALSE,"n_treat_post=0"
24279,24296,1,0,18,15,34,FALSE,"n_treat_post=0"
24279,24297,1,0,18,15,34,FALSE,"n_treat_post=0"
24279,24298,1,0,18,15,34,FALSE,"n_treat_post=0"
24279,24299,1,0,18,15,34,FALSE,"n_treat_post=0"
24279,24300,1,0,18,15,34,FALSE,"n_treat_post=0"
24279,24301,1,0,18,15,34,FALSE,"n_treat_post=0"
24279,24302,1,0,18,15,34,FALSE,"n_treat_post=0"
24279,24303,1,0,18,15,34,FALSE,"n_treat_post=0"
24279,24304,1,0,18,15,34,FALSE,"n_treat_post=0"
24279,24305,1,0,18,15,34,FALSE,"n_treat_post=0"
24279,24306,1,0,18,14,33,FALSE,"n_treat_post=0"
24279,24307,1,0,18,13,32,FALSE,"n_treat_post=0"
24279,24308,1,0,18,13,32,FALSE,"n_treat_post=0"
24279,24309,1,0,18,13,32,FALSE,"n_treat_post=0"
24279,24310,1,0,18,1,20,FALSE,"n_treat_post=0"
24279,24311,1,0,18,1,20,FALSE,"n_treat_post=0"
